PRAGMA foreign_keys=OFF;
BEGIN TRANSACTION;
CREATE TABLE "migrations" ("migration" varchar not null, "batch" integer not null);
INSERT INTO "migrations" VALUES('2014_10_12_000000_create_users_table',1);
INSERT INTO "migrations" VALUES('2014_10_12_100000_create_password_resets_table',1);
INSERT INTO "migrations" VALUES('2015_03_10_140153_create_genders_table',1);
INSERT INTO "migrations" VALUES('2015_03_10_142938_create_states_table',1);
INSERT INTO "migrations" VALUES('2015_03_10_154237_create_towns_table',1);
INSERT INTO "migrations" VALUES('2015_03_10_154410_create_parishes_table',1);
INSERT INTO "migrations" VALUES('2015_03_10_154455_create_directions_table',1);
INSERT INTO "migrations" VALUES('2015_03_10_154557_create_profiles_table',1);
INSERT INTO "migrations" VALUES('2015_03_10_173459_create_nationalities_table',1);
INSERT INTO "migrations" VALUES('2015_03_10_173503_create_people_table',1);
INSERT INTO "migrations" VALUES('2015_03_13_193841_create_makers_table',1);
INSERT INTO "migrations" VALUES('2015_03_13_194526_create_categories_table',1);
INSERT INTO "migrations" VALUES('2015_03_13_195124_create_sub_categories_table',1);
INSERT INTO "migrations" VALUES('2015_03_13_202223_create_products_table',1);
INSERT INTO "migrations" VALUES('2015_03_13_205446_create_promotions_table',1);
INSERT INTO "migrations" VALUES('2015_03_13_205519_create_product_promotion_table',1);
INSERT INTO "migrations" VALUES('2015_03_13_205737_create_files_table',1);
INSERT INTO "migrations" VALUES('2015_03_13_212413_create_images_table',1);
INSERT INTO "migrations" VALUES('2015_03_13_212630_create_characteristics_table',1);
INSERT INTO "migrations" VALUES('2015_03_13_214205_create_features_table',1);
INSERT INTO "migrations" VALUES('2015_03_13_214850_create_mechanical_infos_table',1);
INSERT INTO "migrations" VALUES('2015_03_13_215620_create_nutritionals_table',1);
INSERT INTO "migrations" VALUES('2015_03_13_220817_create_visits_table',1);
INSERT INTO "migrations" VALUES('2015_03_13_221555_create_banks_table',1);
INSERT INTO "migrations" VALUES('2015_03_13_221616_create_card_types_table',1);
INSERT INTO "migrations" VALUES('2015_03_13_221820_create_billings_table',1);
INSERT INTO "migrations" VALUES('2015_03_13_234614_create_maker_sub_category',1);
INSERT INTO "migrations" VALUES('2015_03_17_200518_create_product_user_pivot_table',1);
INSERT INTO "migrations" VALUES('2015_04_28_121249_create_map_details_table',1);
INSERT INTO "migrations" VALUES('2015_04_29_154414_user_confirmations_table',1);
CREATE TABLE "users" ("id" integer not null primary key autoincrement, "profile_id" integer not null, "name" varchar not null, "email" varchar not null, "password" varchar not null, "remember_token" varchar null, "created_at" datetime not null, "updated_at" datetime not null, "deleted_at" datetime null);
INSERT INTO "users" VALUES(1,1,'tester','tester@tester.com','$2y$10$CqfU5v.VVbkEqXxONEa38.1vZ5xgba0iC7fdP6qAQDcpLPS7neQ.i',NULL,'current_timestampt','current_timestampt',NULL);
INSERT INTO "users" VALUES(2,2,'dummy','dummy@tester.com','$2y$10$9SiMiQAe6l5bACXRaeMsOOygwF.t8AyMI926vfiITI7pDUMmfPVyq',NULL,'current_timestampt','current_timestampt',NULL);
CREATE TABLE "password_resets" ("email" varchar not null, "token" varchar not null, "created_at" datetime not null);
CREATE TABLE "genders" ("id" integer not null primary key autoincrement, "description" varchar not null, "created_at" datetime not null, "updated_at" datetime not null);
INSERT INTO "genders" VALUES(1,'Masculino','2015-05-03 16:53:39','2015-05-03 16:53:39');
INSERT INTO "genders" VALUES(2,'Femenino','2015-05-03 16:53:39','2015-05-03 16:53:39');
CREATE TABLE "states" ("id" integer not null primary key autoincrement, "description" varchar not null, "created_at" datetime not null, "updated_at" datetime not null);
INSERT INTO "states" VALUES(1,'Distrito Capital','2015-05-03 21:23:40','2015-05-03 21:23:40');
CREATE TABLE "towns" ("id" integer not null primary key autoincrement, "state_id" integer not null, "description" varchar not null, "created_at" datetime not null, "updated_at" datetime not null, foreign key("state_id") references "states"("id"));
INSERT INTO "towns" VALUES(1,1,'Libertador','2015-05-03 21:23:40','2015-05-03 21:23:40');
CREATE TABLE "parishes" ("id" integer not null primary key autoincrement, "town_id" integer not null, "description" varchar not null, "created_at" datetime not null, "updated_at" datetime not null, foreign key("town_id") references "towns"("id"));
INSERT INTO "parishes" VALUES(1,1,'Altagracia','2015-05-03 21:23:40','2015-05-03 21:23:40');
CREATE TABLE "directions" ("id" integer not null primary key autoincrement, "directionable_id" integer not null, "directionable_type" varchar not null, "parish_id" integer not null, "details" varchar null, "created_at" datetime not null, "updated_at" datetime not null, "created_by" integer not null, "updated_by" integer not null, "deleted_at" datetime null, foreign key("parish_id") references "parishes"("id"), foreign key("created_by") references "users"("id"), foreign key("updated_by") references "users"("id"));
INSERT INTO "directions" VALUES(1,1,'App\Person',1,'Calle del tester.','2015-05-03 16:53:41','2015-05-03 16:53:41',1,1,NULL);
INSERT INTO "directions" VALUES(2,2,'App\Person',1,'Calle del dummy.','2015-05-03 16:53:41','2015-05-03 16:53:41',2,2,NULL);
INSERT INTO "directions" VALUES(3,1,'App\Product',1,'Ronda Girón, 376, 5º D','2015-05-03 16:53:50','2015-05-03 16:53:50',1,1,NULL);
INSERT INTO "directions" VALUES(4,2,'App\Product',1,'Travessera Lemus, 37, 5º C','2015-05-03 16:53:50','2015-05-03 16:53:50',1,1,NULL);
INSERT INTO "directions" VALUES(5,3,'App\Product',1,'Travessera Álvarez, 7, 0º 6º','2015-05-03 16:53:51','2015-05-03 16:53:51',1,1,NULL);
INSERT INTO "directions" VALUES(6,4,'App\Product',1,'Plaza Flores, 645, 52º A','2015-05-03 16:53:51','2015-05-03 16:53:51',1,1,NULL);
INSERT INTO "directions" VALUES(7,5,'App\Product',1,'Avinguda Joel, 5, 56º B','2015-05-03 16:53:51','2015-05-03 16:53:51',1,1,NULL);
INSERT INTO "directions" VALUES(8,6,'App\Product',1,'Avinguda Madera, 74, 26º D','2015-05-03 16:53:52','2015-05-03 16:53:52',1,1,NULL);
INSERT INTO "directions" VALUES(9,7,'App\Product',1,'Camiño Ruíz, 8, Entre suelo 6º','2015-05-03 16:53:52','2015-05-03 16:53:52',1,1,NULL);
INSERT INTO "directions" VALUES(10,8,'App\Product',1,'Rúa Gabriela, 50, 4º C','2015-05-03 16:53:52','2015-05-03 16:53:52',1,1,NULL);
CREATE TABLE "profiles" ("id" integer not null primary key autoincrement, "description" varchar not null, "created_at" datetime not null, "updated_at" datetime not null);
INSERT INTO "profiles" VALUES(1,'Administrador','2015-05-03 16:53:38','2015-05-03 16:53:38');
INSERT INTO "profiles" VALUES(2,'Usuario','2015-05-03 16:53:38','2015-05-03 16:53:38');
INSERT INTO "profiles" VALUES(3,'Desactivado','2015-05-03 16:53:39','2015-05-03 16:53:39');
CREATE TABLE "nationalities" ("id" integer not null primary key autoincrement, "description" varchar not null, "created_at" datetime not null, "updated_at" datetime not null);
INSERT INTO "nationalities" VALUES(1,'Venezolano','2015-05-03 16:53:39','2015-05-03 16:53:39');
INSERT INTO "nationalities" VALUES(2,'Extrangero','2015-05-03 16:53:39','2015-05-03 16:53:39');
CREATE TABLE "people" ("id" integer not null primary key autoincrement, "user_id" integer not null, "gender_id" integer not null, "nationality_id" integer not null, "first_name" varchar not null, "last_name" varchar null, "first_surname" varchar not null, "last_surname" varchar null, "identity_card" varchar not null, "phone" varchar null, "birth_date" date null, "created_at" datetime not null, "updated_at" datetime not null, foreign key("user_id") references "users"("id") on delete cascade, foreign key("gender_id") references "genders"("id"), foreign key("nationality_id") references "nationalities"("id"));
INSERT INTO "people" VALUES(1,1,1,1,'tester',NULL,'tester',NULL,'10000001','+58-(212)-111-2233','1999-09-09','current_timestampt','current_timestampt');
INSERT INTO "people" VALUES(2,2,1,1,'dummy',NULL,'dummy',NULL,'10000002','+58-(212)-444-5566','1999-09-09','current_timestampt','current_timestampt');
CREATE TABLE "makers" ("id" integer not null primary key autoincrement, "name" varchar not null, "slug" varchar not null, "domain" varchar null, "url" varchar null, "logo_path" varchar null, "logo_alt" varchar null, "created_at" datetime not null, "updated_at" datetime not null);
INSERT INTO "makers" VALUES(1,'Global Valadez e Hija','global-valadez-e-hija','roybalcruz.com','https://air.com/ad-sit-quos-qui-aut-est.html',NULL,NULL,'2015-05-03 16:53:43','2015-05-03 16:53:43');
INSERT INTO "makers" VALUES(2,'Tejeda de Ojeda SA','tejeda-de-ojeda-sa','asociacion.es','http://www.empresa.com/',NULL,NULL,'2015-05-03 16:53:43','2015-05-03 16:53:43');
INSERT INTO "makers" VALUES(3,'Gestora Mateos','gestora-mateos','cornejo.net','http://feliciano.com/nostrum-similique-vitae-perspiciatis-optio-deleniti-nam-id-quisquam',NULL,NULL,'2015-05-03 16:53:44','2015-05-03 16:53:44');
INSERT INTO "makers" VALUES(4,'Uribe, Reynoso y Ceballos SRL','uribe-reynoso-y-ceballos-srl','viajes.es','http://delatorrebustamante.es/perspiciatis-aut-aut-expedita-sed',NULL,NULL,'2015-05-03 16:53:44','2015-05-03 16:53:44');
INSERT INTO "makers" VALUES(5,'Acevedo y Jiménez','acevedo-y-jimenez','centro.es','https://www.viajes.com/qui-qui-sit-ipsam-cum',NULL,NULL,'2015-05-03 16:53:45','2015-05-03 16:53:45');
INSERT INTO "makers" VALUES(6,'Grupo Tamayo-Delatorre','grupo-tamayo-delatorre','barretotamayo.org','https://www.moradiaz.es/non-minima-est-et-molestiae',NULL,NULL,'2015-05-03 16:53:45','2015-05-03 16:53:45');
INSERT INTO "makers" VALUES(7,'Santos-Uribe','santos-uribe','britosolorzano.es','http://www.abreu.net/iure-aut-tenetur-porro-sed-neque-eum-aut-qui',NULL,NULL,'2015-05-03 16:53:46','2015-05-03 16:53:46');
INSERT INTO "makers" VALUES(8,'Global Candelaria e Hijo','global-candelaria-e-hijo','gimenez.org','http://www.caldera.es/corporis-velit-esse-dolor',NULL,NULL,'2015-05-03 16:53:46','2015-05-03 16:53:46');
INSERT INTO "makers" VALUES(9,'Castro, Melgar y Zelaya y Asoc.','castro-melgar-y-zelaya-y-asoc','tijerinaayala.es','https://www.gestora.com/illum-qui-odit-sapiente-natus',NULL,NULL,'2015-05-03 16:53:47','2015-05-03 16:53:47');
INSERT INTO "makers" VALUES(10,'Enríquez-Calvillo y Asoc.','enriquez-calvillo-y-asoc','verdugolozada.net','http://www.air.org/minus-molestias-architecto-minus-velit',NULL,NULL,'2015-05-03 16:53:47','2015-05-03 16:53:47');
INSERT INTO "makers" VALUES(11,'Casárez y Razo y Flia.','casarez-y-razo-y-flia','centro.com','http://nava.es/repudiandae-saepe-vero-aliquam-corporis.html',NULL,NULL,'2015-05-03 16:53:48','2015-05-03 16:53:48');
INSERT INTO "makers" VALUES(12,'Leal y Rosario','leal-y-rosario','lovatogamboa.es','http://salcedo.org/odit-praesentium-et-molestiae-natus-quo-ut-nobis',NULL,NULL,'2015-05-03 16:53:48','2015-05-03 16:53:48');
INSERT INTO "makers" VALUES(13,'Mas, Delao y Jiménez y Asoc.','mas-delao-y-jimenez-y-asoc','corporacion.org','http://godinez.es/sequi-nihil-magni-laudantium-eos-tempore-sed-incidunt.html',NULL,NULL,'2015-05-03 16:53:49','2015-05-03 16:53:49');
INSERT INTO "makers" VALUES(14,'Antón y Rueda','anton-y-rueda','viajes.com','https://guillen.com/fugiat-dolorem-voluptatem-nam-sed-et.html',NULL,NULL,'2015-05-03 16:53:49','2015-05-03 16:53:49');
CREATE TABLE "categories" ("id" integer not null primary key autoincrement, "description" varchar not null, "slug" varchar not null, "created_at" datetime not null, "updated_at" datetime not null);
INSERT INTO "categories" VALUES(1,'Productos Agro-Industriales','productos-agro-industriales','2015-05-03 16:53:41','2015-05-03 16:53:41');
INSERT INTO "categories" VALUES(2,'Productos Alimenticios','productos-alimenticios','2015-05-03 16:53:42','2015-05-03 16:53:42');
CREATE TABLE "sub_categories" ("id" integer not null primary key autoincrement, "category_id" integer not null, "description" varchar not null, "slug" varchar not null, "created_at" datetime not null, "updated_at" datetime not null, foreign key("category_id") references "categories"("id") on delete cascade);
INSERT INTO "sub_categories" VALUES(1,1,'Maquinaria Pesada','maquinaria-pesada','2015-05-03 16:53:42','2015-05-03 16:53:42');
INSERT INTO "sub_categories" VALUES(2,1,'Tractores','tractores','2015-05-03 16:53:42','2015-05-03 16:53:42');
INSERT INTO "sub_categories" VALUES(3,1,'Maquinaria Ligera','maquinaria-ligera','2015-05-03 16:53:42','2015-05-03 16:53:42');
INSERT INTO "sub_categories" VALUES(4,2,'Chocolate','chocolate','2015-05-03 16:53:42','2015-05-03 16:53:42');
INSERT INTO "sub_categories" VALUES(5,2,'Arroz','arroz','2015-05-03 16:53:42','2015-05-03 16:53:42');
INSERT INTO "sub_categories" VALUES(6,2,'Avena','avena','2015-05-03 16:53:43','2015-05-03 16:53:43');
INSERT INTO "sub_categories" VALUES(7,2,'Soya','soya','2015-05-03 16:53:43','2015-05-03 16:53:43');
CREATE TABLE "products" ("id" integer not null primary key autoincrement, "user_id" integer not null, "maker_id" integer not null, "sub_category_id" integer not null, "title" varchar not null, "description" text not null, "price" float not null, "quantity" integer not null, "slug" varchar not null, "created_at" datetime not null, "updated_at" datetime not null, "created_by" integer not null, "updated_by" integer not null, "deleted_at" datetime null, foreign key("user_id") references "users"("id") on delete cascade, foreign key("maker_id") references "makers"("id"), foreign key("sub_category_id") references "sub_categories"("id"), foreign key("created_by") references "users"("id"), foreign key("updated_by") references "users"("id"));
INSERT INTO "products" VALUES(1,1,8,1,'Quia et similique cum vero praesentium.','Tempore doloremque quos omnis iusto odit animi facere. Enim corrupti non qui repudiandae. Culpa officiis odit magnam veniam sit aut. Expedita provident dolores adipisci error at eveniet eos aut.',1012539711.69,12,'quia-et-similique-cum-vero-praesentium','2015-05-03 16:53:50','2015-05-03 16:53:50',1,1,NULL);
INSERT INTO "products" VALUES(2,1,10,2,'Quod blanditiis consequuntur fugiat non.','Doloremque et neque voluptas et doloribus. Amet corrupti eius aut est qui. Optio expedita est omnis ipsum molestiae autem.',6319958471.69,14,'quod-blanditiis-consequuntur-fugiat-non','2015-05-03 16:53:50','2015-05-03 16:53:50',1,1,NULL);
INSERT INTO "products" VALUES(3,1,11,3,'Nesciunt ut consequatur est vel perferendis.','Natus doloribus rem occaecati eum omnis dicta. Magnam ex quia tenetur.',1753359212.76,10,'nesciunt-ut-consequatur-est-vel-perferendis','2015-05-03 16:53:50','2015-05-03 16:53:50',1,1,NULL);
INSERT INTO "products" VALUES(4,1,9,4,'Nulla quisquam voluptas et veniam.','Veritatis eaque nostrum fugit ratione et porro cum. Quia quia quisquam molestiae aliquid. Doloribus minima et explicabo.',2286882986.05,15,'nulla-quisquam-voluptas-et-veniam','2015-05-03 16:53:51','2015-05-03 16:53:51',1,1,NULL);
INSERT INTO "products" VALUES(5,1,9,5,'Sunt et ipsam voluptatem.','Quo ad consequatur doloribus in odit ipsum ut maiores. Quis voluptatem amet veniam architecto. Sed numquam excepturi saepe neque.',8432233543.27,13,'sunt-et-ipsam-voluptatem','2015-05-03 16:53:51','2015-05-03 16:53:51',1,1,NULL);
INSERT INTO "products" VALUES(6,1,10,6,'Magnam non ratione dolorem occaecati voluptas.','Reprehenderit omnis ipsam dolores quas. Ea culpa ea libero laboriosam non. Totam non ea et et eos eos. Doloremque iusto impedit veritatis et aut.',6190680072.95,6,'magnam-non-ratione-dolorem-occaecati-voluptas','2015-05-03 16:53:51','2015-05-03 16:53:51',1,1,NULL);
INSERT INTO "products" VALUES(7,1,6,7,'Cum porro quasi quia.','Sed possimus quod autem recusandae sit quos. At dolores ut laborum quae inventore saepe quos. Ratione quis et ex vel. Aut aut quae porro optio quasi excepturi iure.',1017096668.34,10,'cum-porro-quasi-quia','2015-05-03 16:53:52','2015-05-03 16:53:52',1,1,NULL);
INSERT INTO "products" VALUES(8,1,1,1,'Maiores dolorem quasi optio et.','Ipsum sit qui dolor qui beatae aut aliquam modi. Laboriosam reiciendis unde est. Totam omnis animi similique placeat nihil voluptate. Debitis ducimus error dolorum possimus.',2410032155.4,6,'maiores-dolorem-quasi-optio-et','2015-05-03 16:53:52','2015-05-03 16:53:52',1,1,NULL);
CREATE TABLE "promotions" ("id" integer not null primary key autoincrement, "title" varchar not null, "slug" varchar not null, "percentage" integer null, "static" integer null, "begins" date not null, "ends" date not null, "created_at" datetime not null, "updated_at" datetime not null);
INSERT INTO "promotions" VALUES(1,'Lleva 2, paga 3!','lleva-2-paga-3',10,100,'2011-05-03','2016-05-03','2015-05-03 16:54:23','2015-05-03 16:54:23');
CREATE TABLE "product_promotion" ("product_id" integer not null, "promotion_id" integer not null, foreign key("product_id") references "products"("id"), foreign key("promotion_id") references "promotions"("id"));
INSERT INTO "product_promotion" VALUES(1,1);
CREATE TABLE "files" ("id" integer not null primary key autoincrement, "fileable_id" integer not null, "fileable_type" varchar not null, "path" varchar not null, "mime" varchar not null, "created_at" datetime not null, "updated_at" datetime not null, "created_by" integer not null, "updated_by" integer not null, foreign key("created_by") references "users"("id"), foreign key("updated_by") references "users"("id"));
INSERT INTO "files" VALUES(1,1,'App\Feature','products/1/201505030405055353-bn4payIjjpprb9y4xkff.pdf','application/pdf','2015-05-03 16:53:53','2015-05-03 16:53:53',1,1);
INSERT INTO "files" VALUES(2,2,'App\Feature','products/1/201505030405055353-RmKxYUKAagqoRDSlzSog.pdf','application/pdf','2015-05-03 16:53:53','2015-05-03 16:53:53',1,1);
INSERT INTO "files" VALUES(3,3,'App\Feature','products/1/201505030405055454-p86zZPGMVVpLJyPiNTnx.pdf','application/pdf','2015-05-03 16:53:54','2015-05-03 16:53:54',1,1);
INSERT INTO "files" VALUES(4,4,'App\Feature','products/1/201505030405055454-Ib4LgGZhjgITHHgop44j.pdf','application/pdf','2015-05-03 16:53:54','2015-05-03 16:53:54',1,1);
INSERT INTO "files" VALUES(5,5,'App\Feature','products/1/201505030405055555-wLTB7VEhloZelgSnvCEg.pdf','application/pdf','2015-05-03 16:53:55','2015-05-03 16:53:55',1,1);
INSERT INTO "files" VALUES(6,6,'App\Feature','products/2/201505030405055555-czhqDU9VfmIk0wVLCRk7.pdf','application/pdf','2015-05-03 16:53:55','2015-05-03 16:53:55',1,1);
INSERT INTO "files" VALUES(7,7,'App\Feature','products/2/201505030405055656-N0XmcE3gAbXPIuHgIikm.pdf','application/pdf','2015-05-03 16:53:56','2015-05-03 16:53:56',1,1);
INSERT INTO "files" VALUES(8,8,'App\Feature','products/2/201505030405055656-xqYMM09Q6SyLZfcMOzLf.pdf','application/pdf','2015-05-03 16:53:56','2015-05-03 16:53:56',1,1);
INSERT INTO "files" VALUES(9,9,'App\Feature','products/2/201505030405055757-CaCBiVI1qC47rzoxxGbY.pdf','application/pdf','2015-05-03 16:53:57','2015-05-03 16:53:57',1,1);
INSERT INTO "files" VALUES(10,10,'App\Feature','products/2/201505030405055757-CWU6R8d1Re8714cwFYwd.pdf','application/pdf','2015-05-03 16:53:57','2015-05-03 16:53:57',1,1);
INSERT INTO "files" VALUES(11,11,'App\Feature','products/3/201505030405055858-UGgvwkrebl2BogX0xuw7.pdf','application/pdf','2015-05-03 16:53:58','2015-05-03 16:53:58',1,1);
INSERT INTO "files" VALUES(12,12,'App\Feature','products/3/201505030405055858-6PyrKJvSVLu1pdgb2Bwy.pdf','application/pdf','2015-05-03 16:53:58','2015-05-03 16:53:58',1,1);
INSERT INTO "files" VALUES(13,13,'App\Feature','products/3/201505030405055959-dN7z2yJ7UWYVTtSWSdPc.pdf','application/pdf','2015-05-03 16:53:59','2015-05-03 16:53:59',1,1);
INSERT INTO "files" VALUES(14,14,'App\Feature','products/3/201505030405055959-pOazQhHEL1WMOAEh9htQ.pdf','application/pdf','2015-05-03 16:53:59','2015-05-03 16:53:59',1,1);
INSERT INTO "files" VALUES(15,15,'App\Feature','products/3/201505030405050000-sBj7nmDefdk6VUhFuIch.pdf','application/pdf','2015-05-03 16:54:00','2015-05-03 16:54:00',1,1);
INSERT INTO "files" VALUES(16,16,'App\Feature','products/4/201505030405050000-XenbkS8DV5RKyjPmL1Ie.pdf','application/pdf','2015-05-03 16:54:00','2015-05-03 16:54:00',1,1);
INSERT INTO "files" VALUES(17,17,'App\Feature','products/4/201505030405050101-mt3gyfF0ArnIrcDa56Pz.pdf','application/pdf','2015-05-03 16:54:01','2015-05-03 16:54:01',1,1);
INSERT INTO "files" VALUES(18,18,'App\Feature','products/4/201505030405050101-4LmkvOE6qCAxlpJ4LNMc.pdf','application/pdf','2015-05-03 16:54:01','2015-05-03 16:54:01',1,1);
INSERT INTO "files" VALUES(19,19,'App\Feature','products/4/201505030405050202-7ukmcA07ukBAwXlMqTb1.pdf','application/pdf','2015-05-03 16:54:02','2015-05-03 16:54:02',1,1);
INSERT INTO "files" VALUES(20,20,'App\Feature','products/4/201505030405050202-Sq7hU4J7IVuZ1RGc4TYL.pdf','application/pdf','2015-05-03 16:54:02','2015-05-03 16:54:02',1,1);
INSERT INTO "files" VALUES(21,21,'App\Feature','products/5/201505030405050303-qWK4ibWBKwBHCos9OtUZ.pdf','application/pdf','2015-05-03 16:54:03','2015-05-03 16:54:03',1,1);
INSERT INTO "files" VALUES(22,22,'App\Feature','products/5/201505030405050303-y2rkuglD5e6Rk7CjC8oH.pdf','application/pdf','2015-05-03 16:54:03','2015-05-03 16:54:03',1,1);
INSERT INTO "files" VALUES(23,23,'App\Feature','products/5/201505030405050404-2WrpMiB6ruanxwKEmeVx.pdf','application/pdf','2015-05-03 16:54:04','2015-05-03 16:54:04',1,1);
INSERT INTO "files" VALUES(24,24,'App\Feature','products/5/201505030405050404-cpUHXPgXwoPcMnTqmPot.pdf','application/pdf','2015-05-03 16:54:04','2015-05-03 16:54:04',1,1);
INSERT INTO "files" VALUES(25,25,'App\Feature','products/5/201505030405050505-zZtu3H5tzZNWFBI9n9Jp.pdf','application/pdf','2015-05-03 16:54:05','2015-05-03 16:54:05',1,1);
INSERT INTO "files" VALUES(26,26,'App\Feature','products/6/201505030405050505-VLGOufjsTIUcdmq5WpKI.pdf','application/pdf','2015-05-03 16:54:05','2015-05-03 16:54:05',1,1);
INSERT INTO "files" VALUES(27,27,'App\Feature','products/6/201505030405050606-mLuDmvSaCtmvDL56JxAE.pdf','application/pdf','2015-05-03 16:54:06','2015-05-03 16:54:06',1,1);
INSERT INTO "files" VALUES(28,28,'App\Feature','products/6/201505030405050606-IQUw9oo6OFkU11mxkYZo.pdf','application/pdf','2015-05-03 16:54:06','2015-05-03 16:54:06',1,1);
INSERT INTO "files" VALUES(29,29,'App\Feature','products/6/201505030405050707-txnFk6r8d9WBeNP632kX.pdf','application/pdf','2015-05-03 16:54:07','2015-05-03 16:54:07',1,1);
INSERT INTO "files" VALUES(30,30,'App\Feature','products/6/201505030405050707-YnGLP1E2XckXEUuWPCVt.pdf','application/pdf','2015-05-03 16:54:07','2015-05-03 16:54:07',1,1);
INSERT INTO "files" VALUES(31,31,'App\Feature','products/7/201505030405050808-wnx7f1VrzHaTgdi6xPKM.pdf','application/pdf','2015-05-03 16:54:08','2015-05-03 16:54:08',1,1);
INSERT INTO "files" VALUES(32,32,'App\Feature','products/7/201505030405050808-WXJx5M4vw5vR0wpzUQbS.pdf','application/pdf','2015-05-03 16:54:08','2015-05-03 16:54:08',1,1);
INSERT INTO "files" VALUES(33,33,'App\Feature','products/7/201505030405050909-EG3QdBnmCzMXRKKvBoyD.pdf','application/pdf','2015-05-03 16:54:09','2015-05-03 16:54:09',1,1);
INSERT INTO "files" VALUES(34,34,'App\Feature','products/7/201505030405050909-Z3d8SKIeWGskL3NEsOVt.pdf','application/pdf','2015-05-03 16:54:09','2015-05-03 16:54:09',1,1);
INSERT INTO "files" VALUES(35,35,'App\Feature','products/7/201505030405051010-7aLQ2ORXdHGj02Jo23zo.pdf','application/pdf','2015-05-03 16:54:10','2015-05-03 16:54:10',1,1);
INSERT INTO "files" VALUES(36,36,'App\Feature','products/8/201505030405051010-DHWPROxbj5KxwuL8wOgN.pdf','application/pdf','2015-05-03 16:54:10','2015-05-03 16:54:10',1,1);
INSERT INTO "files" VALUES(37,37,'App\Feature','products/8/201505030405051111-BH6YVSAJYOnURjiEYd5s.pdf','application/pdf','2015-05-03 16:54:11','2015-05-03 16:54:11',1,1);
INSERT INTO "files" VALUES(38,38,'App\Feature','products/8/201505030405051111-Nk4NEmJ5jkShtf7D8PDe.pdf','application/pdf','2015-05-03 16:54:11','2015-05-03 16:54:11',1,1);
INSERT INTO "files" VALUES(39,39,'App\Feature','products/8/201505030405051111-0g4S2yR3th8NSxry3aIw.pdf','application/pdf','2015-05-03 16:54:11','2015-05-03 16:54:11',1,1);
INSERT INTO "files" VALUES(40,40,'App\Feature','products/8/201505030405051212-6cMirQWxjxe5LIeNtdvS.pdf','application/pdf','2015-05-03 16:54:12','2015-05-03 16:54:12',1,1);
INSERT INTO "files" VALUES(41,1,'App\Product','products/1/201505030405052121-ipgwwLYtVlxDVRwYbXXw.pdf','application/pdf','2015-05-03 16:54:21','2015-05-03 16:54:21',1,1);
INSERT INTO "files" VALUES(42,2,'App\Product','products/2/201505030405052121-OoRSEZ5IA5xHYHz1aMFW.pdf','application/pdf','2015-05-03 16:54:21','2015-05-03 16:54:21',1,1);
INSERT INTO "files" VALUES(43,3,'App\Product','products/3/201505030405052121-shE1UjfKqNczxskzTYkJ.pdf','application/pdf','2015-05-03 16:54:21','2015-05-03 16:54:21',1,1);
INSERT INTO "files" VALUES(44,4,'App\Product','products/4/201505030405052222-yIaMYwThhbgec60eFib6.pdf','application/pdf','2015-05-03 16:54:22','2015-05-03 16:54:22',1,1);
INSERT INTO "files" VALUES(45,5,'App\Product','products/5/201505030405052222-XCDTJAT283H4Si6wabdt.pdf','application/pdf','2015-05-03 16:54:22','2015-05-03 16:54:22',1,1);
INSERT INTO "files" VALUES(46,6,'App\Product','products/6/201505030405052222-qOMG1eWvvniAfiAx7PNy.pdf','application/pdf','2015-05-03 16:54:22','2015-05-03 16:54:22',1,1);
INSERT INTO "files" VALUES(47,7,'App\Product','products/7/201505030405052323-C5BiN671vEdyMz90HJiP.pdf','application/pdf','2015-05-03 16:54:23','2015-05-03 16:54:23',1,1);
INSERT INTO "files" VALUES(48,8,'App\Product','products/8/201505030405052323-hxQxqpIkr2qQxlJPD5gN.pdf','application/pdf','2015-05-03 16:54:23','2015-05-03 16:54:23',1,1);
CREATE TABLE "images" ("id" integer not null primary key autoincrement, "imageable_id" integer not null, "imageable_type" varchar not null, "path" varchar not null, "mime" varchar not null, "alt" varchar not null, "created_at" datetime not null, "updated_at" datetime not null, "created_by" integer not null, "updated_by" integer not null, foreign key("created_by") references "users"("id"), foreign key("updated_by") references "users"("id"));
INSERT INTO "images" VALUES(1,1,'App\Maker','makers/1/201505030405054343-qBsg7ZxzmlSOX0kj6zja.gif','image/gif','orbiagro.com.ve subastas compra y venta: global-valadez-e-hija','2015-05-03 16:53:43','2015-05-03 16:53:43',1,1);
INSERT INTO "images" VALUES(2,2,'App\Maker','makers/2/201505030405054444-h6CqsonnaJb3iNyySwxT.gif','image/gif','orbiagro.com.ve subastas compra y venta: tejeda-de-ojeda-sa','2015-05-03 16:53:44','2015-05-03 16:53:44',1,1);
INSERT INTO "images" VALUES(3,3,'App\Maker','makers/3/201505030405054444-cCaT53QNk6rKq6Ne4ph1.gif','image/gif','orbiagro.com.ve subastas compra y venta: gestora-mateos','2015-05-03 16:53:44','2015-05-03 16:53:44',1,1);
INSERT INTO "images" VALUES(4,4,'App\Maker','makers/4/201505030405054545-UydKMiWyF2u3DJ4QqOAr.gif','image/gif','orbiagro.com.ve subastas compra y venta: uribe-reynoso-y-ceballos-srl','2015-05-03 16:53:45','2015-05-03 16:53:45',1,1);
INSERT INTO "images" VALUES(5,5,'App\Maker','makers/5/201505030405054545-qmXzHNsuy3RdwKwbDDO2.gif','image/gif','orbiagro.com.ve subastas compra y venta: acevedo-y-jimenez','2015-05-03 16:53:45','2015-05-03 16:53:45',1,1);
INSERT INTO "images" VALUES(6,6,'App\Maker','makers/6/201505030405054646-TDdki4u9CNssjkcGNYog.gif','image/gif','orbiagro.com.ve subastas compra y venta: grupo-tamayo-delatorre','2015-05-03 16:53:46','2015-05-03 16:53:46',1,1);
INSERT INTO "images" VALUES(7,7,'App\Maker','makers/7/201505030405054646-G21TBA7r74BmoN8T9w9L.gif','image/gif','orbiagro.com.ve subastas compra y venta: santos-uribe','2015-05-03 16:53:46','2015-05-03 16:53:46',1,1);
INSERT INTO "images" VALUES(8,8,'App\Maker','makers/8/201505030405054747-HhbpyYUNsiATvnMbeXjS.gif','image/gif','orbiagro.com.ve subastas compra y venta: global-candelaria-e-hijo','2015-05-03 16:53:47','2015-05-03 16:53:47',1,1);
INSERT INTO "images" VALUES(9,9,'App\Maker','makers/9/201505030405054747-j7Tswvf0IQ0x4ktM5mxb.gif','image/gif','orbiagro.com.ve subastas compra y venta: castro-melgar-y-zelaya-y-asoc','2015-05-03 16:53:47','2015-05-03 16:53:47',1,1);
INSERT INTO "images" VALUES(10,10,'App\Maker','makers/10/201505030405054848-Z8h591I3avf0Ap89fWa3.gif','image/gif','orbiagro.com.ve subastas compra y venta: enriquez-calvillo-y-asoc','2015-05-03 16:53:48','2015-05-03 16:53:48',1,1);
INSERT INTO "images" VALUES(11,11,'App\Maker','makers/11/201505030405054848-c7lx3YpH5t5H7HaJxSG9.gif','image/gif','orbiagro.com.ve subastas compra y venta: casarez-y-razo-y-flia','2015-05-03 16:53:48','2015-05-03 16:53:48',1,1);
INSERT INTO "images" VALUES(12,12,'App\Maker','makers/12/201505030405054949-XuByd1gsakWUzoFH27k7.gif','image/gif','orbiagro.com.ve subastas compra y venta: leal-y-rosario','2015-05-03 16:53:49','2015-05-03 16:53:49',1,1);
INSERT INTO "images" VALUES(13,13,'App\Maker','makers/13/201505030405054949-QEmSHRrlFJpFSzzbVCeX.gif','image/gif','orbiagro.com.ve subastas compra y venta: mas-delao-y-jimenez-y-asoc','2015-05-03 16:53:49','2015-05-03 16:53:49',1,1);
INSERT INTO "images" VALUES(14,14,'App\Maker','makers/14/201505030405055050-4EEEX3M4sycuXctVwYum.gif','image/gif','orbiagro.com.ve subastas compra y venta: anton-y-rueda','2015-05-03 16:53:50','2015-05-03 16:53:50',1,1);
INSERT INTO "images" VALUES(15,1,'App\Feature','products/1/201505030405055353-S20Ixo7gyZkZ0p3Bp3y9.gif','image/gif','orbiagro.com.ve subastas compra y venta: tester','2015-05-03 16:53:53','2015-05-03 16:53:53',1,1);
INSERT INTO "images" VALUES(16,2,'App\Feature','products/1/201505030405055353-eiSutzX5ax2pSdypA0rO.gif','image/gif','orbiagro.com.ve subastas compra y venta: tester','2015-05-03 16:53:53','2015-05-03 16:53:53',1,1);
INSERT INTO "images" VALUES(17,3,'App\Feature','products/1/201505030405055454-aZ2Aa30OAigls7l7rbN2.gif','image/gif','orbiagro.com.ve subastas compra y venta: tester','2015-05-03 16:53:54','2015-05-03 16:53:54',1,1);
INSERT INTO "images" VALUES(18,4,'App\Feature','products/1/201505030405055454-NMRvS16Cw8o2mTNuobkV.gif','image/gif','orbiagro.com.ve subastas compra y venta: tester','2015-05-03 16:53:54','2015-05-03 16:53:54',1,1);
INSERT INTO "images" VALUES(19,5,'App\Feature','products/1/201505030405055555-L1tUfZM332yrfg6sRj2a.gif','image/gif','orbiagro.com.ve subastas compra y venta: tester','2015-05-03 16:53:55','2015-05-03 16:53:55',1,1);
INSERT INTO "images" VALUES(20,6,'App\Feature','products/2/201505030405055555-5Outh3PyUgXIe6Wqm2Qy.gif','image/gif','orbiagro.com.ve subastas compra y venta: tester','2015-05-03 16:53:55','2015-05-03 16:53:55',1,1);
INSERT INTO "images" VALUES(21,7,'App\Feature','products/2/201505030405055656-Tp4LDRjTwwlqzEQ22P0M.gif','image/gif','orbiagro.com.ve subastas compra y venta: tester','2015-05-03 16:53:56','2015-05-03 16:53:56',1,1);
INSERT INTO "images" VALUES(22,8,'App\Feature','products/2/201505030405055656-9ZGDI7y2xkKnFp68oEJ3.gif','image/gif','orbiagro.com.ve subastas compra y venta: tester','2015-05-03 16:53:56','2015-05-03 16:53:56',1,1);
INSERT INTO "images" VALUES(23,9,'App\Feature','products/2/201505030405055757-1lt33zOEJ2GmtG6ZuDUn.gif','image/gif','orbiagro.com.ve subastas compra y venta: tester','2015-05-03 16:53:57','2015-05-03 16:53:57',1,1);
INSERT INTO "images" VALUES(24,10,'App\Feature','products/2/201505030405055757-r6wIQHQroiVgopqtd9J1.gif','image/gif','orbiagro.com.ve subastas compra y venta: tester','2015-05-03 16:53:57','2015-05-03 16:53:57',1,1);
INSERT INTO "images" VALUES(25,11,'App\Feature','products/3/201505030405055858-pp6Xlo1jqsoVej4m3r2X.gif','image/gif','orbiagro.com.ve subastas compra y venta: tester','2015-05-03 16:53:58','2015-05-03 16:53:58',1,1);
INSERT INTO "images" VALUES(26,12,'App\Feature','products/3/201505030405055858-QMHoCUDLfNB3llQXqxiP.gif','image/gif','orbiagro.com.ve subastas compra y venta: tester','2015-05-03 16:53:58','2015-05-03 16:53:58',1,1);
INSERT INTO "images" VALUES(27,13,'App\Feature','products/3/201505030405055959-JfFsIFrPtMvsdjNTftej.gif','image/gif','orbiagro.com.ve subastas compra y venta: tester','2015-05-03 16:53:59','2015-05-03 16:53:59',1,1);
INSERT INTO "images" VALUES(28,14,'App\Feature','products/3/201505030405055959-h4xD0EFcm9a3w5s8od4x.gif','image/gif','orbiagro.com.ve subastas compra y venta: tester','2015-05-03 16:53:59','2015-05-03 16:53:59',1,1);
INSERT INTO "images" VALUES(29,15,'App\Feature','products/3/201505030405050000-AWNSf5Q2kjfxg5OeKbiJ.gif','image/gif','orbiagro.com.ve subastas compra y venta: tester','2015-05-03 16:54:00','2015-05-03 16:54:00',1,1);
INSERT INTO "images" VALUES(30,16,'App\Feature','products/4/201505030405050000-uWPvObFGSsYJxlKzp91a.gif','image/gif','orbiagro.com.ve subastas compra y venta: tester','2015-05-03 16:54:00','2015-05-03 16:54:00',1,1);
INSERT INTO "images" VALUES(31,17,'App\Feature','products/4/201505030405050101-ak16Du1fF9fHw3Nfj8pK.gif','image/gif','orbiagro.com.ve subastas compra y venta: tester','2015-05-03 16:54:01','2015-05-03 16:54:01',1,1);
INSERT INTO "images" VALUES(32,18,'App\Feature','products/4/201505030405050101-ToFX4YO55WReWu2vLpWq.gif','image/gif','orbiagro.com.ve subastas compra y venta: tester','2015-05-03 16:54:01','2015-05-03 16:54:01',1,1);
INSERT INTO "images" VALUES(33,19,'App\Feature','products/4/201505030405050202-1IAHob35S3EyvaRN7Rxv.gif','image/gif','orbiagro.com.ve subastas compra y venta: tester','2015-05-03 16:54:02','2015-05-03 16:54:02',1,1);
INSERT INTO "images" VALUES(34,20,'App\Feature','products/4/201505030405050202-H6kPBHrMwryynV6Y8VZ8.gif','image/gif','orbiagro.com.ve subastas compra y venta: tester','2015-05-03 16:54:02','2015-05-03 16:54:02',1,1);
INSERT INTO "images" VALUES(35,21,'App\Feature','products/5/201505030405050303-Fy9ZKgbZjPAVd0hfpUUy.gif','image/gif','orbiagro.com.ve subastas compra y venta: tester','2015-05-03 16:54:03','2015-05-03 16:54:03',1,1);
INSERT INTO "images" VALUES(36,22,'App\Feature','products/5/201505030405050303-kj82fsW83jMi5yD1sQy4.gif','image/gif','orbiagro.com.ve subastas compra y venta: tester','2015-05-03 16:54:03','2015-05-03 16:54:03',1,1);
INSERT INTO "images" VALUES(37,23,'App\Feature','products/5/201505030405050404-JiVSJkVdwv3jcEP9pUOx.gif','image/gif','orbiagro.com.ve subastas compra y venta: tester','2015-05-03 16:54:04','2015-05-03 16:54:04',1,1);
INSERT INTO "images" VALUES(38,24,'App\Feature','products/5/201505030405050404-gVH9rJ0DWeYYEv8OWoO8.gif','image/gif','orbiagro.com.ve subastas compra y venta: tester','2015-05-03 16:54:04','2015-05-03 16:54:04',1,1);
INSERT INTO "images" VALUES(39,25,'App\Feature','products/5/201505030405050505-VDqLJzC6aVOhyg5wniHy.gif','image/gif','orbiagro.com.ve subastas compra y venta: tester','2015-05-03 16:54:05','2015-05-03 16:54:05',1,1);
INSERT INTO "images" VALUES(40,26,'App\Feature','products/6/201505030405050505-G9jePQGvHOYh2fGUnZSQ.gif','image/gif','orbiagro.com.ve subastas compra y venta: tester','2015-05-03 16:54:05','2015-05-03 16:54:05',1,1);
INSERT INTO "images" VALUES(41,27,'App\Feature','products/6/201505030405050606-pAS0yDwTbh2wwsQAfujX.gif','image/gif','orbiagro.com.ve subastas compra y venta: tester','2015-05-03 16:54:06','2015-05-03 16:54:06',1,1);
INSERT INTO "images" VALUES(42,28,'App\Feature','products/6/201505030405050606-gbvGszowx1dOmRmy4VsK.gif','image/gif','orbiagro.com.ve subastas compra y venta: tester','2015-05-03 16:54:06','2015-05-03 16:54:06',1,1);
INSERT INTO "images" VALUES(43,29,'App\Feature','products/6/201505030405050606-2uEm79JpMPFSOBhe1zBT.gif','image/gif','orbiagro.com.ve subastas compra y venta: tester','2015-05-03 16:54:06','2015-05-03 16:54:06',1,1);
INSERT INTO "images" VALUES(44,30,'App\Feature','products/6/201505030405050707-V1dBPRbTQhXaVhyTZkM0.gif','image/gif','orbiagro.com.ve subastas compra y venta: tester','2015-05-03 16:54:07','2015-05-03 16:54:07',1,1);
INSERT INTO "images" VALUES(45,31,'App\Feature','products/7/201505030405050707-4ZMj3z380SG4avJLHwWU.gif','image/gif','orbiagro.com.ve subastas compra y venta: tester','2015-05-03 16:54:07','2015-05-03 16:54:07',1,1);
INSERT INTO "images" VALUES(46,32,'App\Feature','products/7/201505030405050808-Gjk5rz3PH7zAHo3vmyUf.gif','image/gif','orbiagro.com.ve subastas compra y venta: tester','2015-05-03 16:54:08','2015-05-03 16:54:08',1,1);
INSERT INTO "images" VALUES(47,33,'App\Feature','products/7/201505030405050808-NfJIHQEvp6JPc7N1vpZe.gif','image/gif','orbiagro.com.ve subastas compra y venta: tester','2015-05-03 16:54:08','2015-05-03 16:54:08',1,1);
INSERT INTO "images" VALUES(48,34,'App\Feature','products/7/201505030405050909-YoMkmkpuhVfb7YWngYlZ.gif','image/gif','orbiagro.com.ve subastas compra y venta: tester','2015-05-03 16:54:09','2015-05-03 16:54:09',1,1);
INSERT INTO "images" VALUES(49,35,'App\Feature','products/7/201505030405050909-1jne4NF0jS3aF4DyNj0p.gif','image/gif','orbiagro.com.ve subastas compra y venta: tester','2015-05-03 16:54:09','2015-05-03 16:54:09',1,1);
INSERT INTO "images" VALUES(50,36,'App\Feature','products/8/201505030405051010-NYF3KwCr7hr9Cwsv0zSX.gif','image/gif','orbiagro.com.ve subastas compra y venta: tester','2015-05-03 16:54:10','2015-05-03 16:54:10',1,1);
INSERT INTO "images" VALUES(51,37,'App\Feature','products/8/201505030405051010-jQEKCdGSyHvWpgiE1utt.gif','image/gif','orbiagro.com.ve subastas compra y venta: tester','2015-05-03 16:54:10','2015-05-03 16:54:10',1,1);
INSERT INTO "images" VALUES(52,38,'App\Feature','products/8/201505030405051111-Go8uHaOpwvdy8qpe3RWZ.gif','image/gif','orbiagro.com.ve subastas compra y venta: tester','2015-05-03 16:54:11','2015-05-03 16:54:11',1,1);
INSERT INTO "images" VALUES(53,39,'App\Feature','products/8/201505030405051111-jPFksqCiF74YSW9tFMyS.gif','image/gif','orbiagro.com.ve subastas compra y venta: tester','2015-05-03 16:54:11','2015-05-03 16:54:11',1,1);
INSERT INTO "images" VALUES(54,40,'App\Feature','products/8/201505030405051212-Gy7XHUMhxmWpJ1DGgFJS.gif','image/gif','orbiagro.com.ve subastas compra y venta: tester','2015-05-03 16:54:12','2015-05-03 16:54:12',1,1);
INSERT INTO "images" VALUES(55,1,'App\Product','products/1/201505030405052121-xX17HtyTT9i0aMjJWBR7.gif','image/gif','orbiagro.com.ve subastas compra y venta: quia-et-similique-cum-vero-praesentium','2015-05-03 16:54:21','2015-05-03 16:54:21',1,1);
INSERT INTO "images" VALUES(56,2,'App\Product','products/2/201505030405052121-Ic1EIk6eTYhM5KCQMeiW.gif','image/gif','orbiagro.com.ve subastas compra y venta: quod-blanditiis-consequuntur-fugiat-non','2015-05-03 16:54:21','2015-05-03 16:54:21',1,1);
INSERT INTO "images" VALUES(57,3,'App\Product','products/3/201505030405052121-0B2KDJGDahvUDyTACLC0.gif','image/gif','orbiagro.com.ve subastas compra y venta: nesciunt-ut-consequatur-est-vel-perferendis','2015-05-03 16:54:21','2015-05-03 16:54:21',1,1);
INSERT INTO "images" VALUES(58,4,'App\Product','products/4/201505030405052222-8HKywEtCBimCSdEXI3H0.gif','image/gif','orbiagro.com.ve subastas compra y venta: nulla-quisquam-voluptas-et-veniam','2015-05-03 16:54:22','2015-05-03 16:54:22',1,1);
INSERT INTO "images" VALUES(59,5,'App\Product','products/5/201505030405052222-DEQycWtWloKmzR6I5aNQ.gif','image/gif','orbiagro.com.ve subastas compra y venta: sunt-et-ipsam-voluptatem','2015-05-03 16:54:22','2015-05-03 16:54:22',1,1);
INSERT INTO "images" VALUES(60,6,'App\Product','products/6/201505030405052222-PUVo7EIEA06TjVzXY49O.gif','image/gif','orbiagro.com.ve subastas compra y venta: magnam-non-ratione-dolorem-occaecati-voluptas','2015-05-03 16:54:22','2015-05-03 16:54:22',1,1);
INSERT INTO "images" VALUES(61,7,'App\Product','products/7/201505030405052222-Nk8znCLV9wrBluNJEPOY.gif','image/gif','orbiagro.com.ve subastas compra y venta: cum-porro-quasi-quia','2015-05-03 16:54:22','2015-05-03 16:54:22',1,1);
INSERT INTO "images" VALUES(62,8,'App\Product','products/8/201505030405052323-ftVj4ex0L3gnFaKOmVHR.gif','image/gif','orbiagro.com.ve subastas compra y venta: maiores-dolorem-quasi-optio-et','2015-05-03 16:54:23','2015-05-03 16:54:23',1,1);
INSERT INTO "images" VALUES(63,1,'App\Category','category/1/201505030405052323-DwJrLgFnjs9SdfHsRSRH.gif','image/gif','orbiagro.com.ve subastas compra y venta: ','2015-05-03 16:54:23','2015-05-03 16:54:23',1,1);
INSERT INTO "images" VALUES(64,2,'App\Category','category/2/201505030405052424-wGSF3dsr0fPbJTejM6k3.gif','image/gif','orbiagro.com.ve subastas compra y venta: ','2015-05-03 16:54:24','2015-05-03 16:54:24',1,1);
INSERT INTO "images" VALUES(65,1,'App\SubCategory','sub-category/1/201505030405052424-1zEVAcHdOIg9MktJfrYg.gif','image/gif','orbiagro.com.ve subastas compra y venta: ','2015-05-03 16:54:24','2015-05-03 16:54:24',1,1);
INSERT INTO "images" VALUES(66,2,'App\SubCategory','sub-category/2/201505030405052424-aRyMVRBWZ0JUUzXQeVP1.gif','image/gif','orbiagro.com.ve subastas compra y venta: ','2015-05-03 16:54:24','2015-05-03 16:54:24',1,1);
INSERT INTO "images" VALUES(67,3,'App\SubCategory','sub-category/3/201505030405052424-te61xZolApATeU3OMe9F.gif','image/gif','orbiagro.com.ve subastas compra y venta: ','2015-05-03 16:54:24','2015-05-03 16:54:24',1,1);
INSERT INTO "images" VALUES(68,4,'App\SubCategory','sub-category/4/201505030405052424-mdjeolvXYTG9MEDNAlIX.gif','image/gif','orbiagro.com.ve subastas compra y venta: ','2015-05-03 16:54:24','2015-05-03 16:54:24',1,1);
INSERT INTO "images" VALUES(69,5,'App\SubCategory','sub-category/5/201505030405052424-7xRNh0DIZH6aP3DnPGPl.gif','image/gif','orbiagro.com.ve subastas compra y venta: ','2015-05-03 16:54:24','2015-05-03 16:54:24',1,1);
INSERT INTO "images" VALUES(70,6,'App\SubCategory','sub-category/6/201505030405052424-LhAQtZDtukmoEZR94USw.gif','image/gif','orbiagro.com.ve subastas compra y venta: ','2015-05-03 16:54:24','2015-05-03 16:54:24',1,1);
INSERT INTO "images" VALUES(71,7,'App\SubCategory','sub-category/7/201505030405052525-dEFXwaTz3Cuo8GEMMPqP.gif','image/gif','orbiagro.com.ve subastas compra y venta: ','2015-05-03 16:54:25','2015-05-03 16:54:25',1,1);
CREATE TABLE "characteristics" ("id" integer not null primary key autoincrement, "product_id" integer not null, "height" integer null, "width" integer null, "depth" integer null, "weight" integer null, "units" integer null, "created_at" datetime not null, "updated_at" datetime not null, "created_by" integer not null, "updated_by" integer not null, foreign key("product_id") references "products"("id"), foreign key("created_by") references "users"("id"), foreign key("updated_by") references "users"("id"));
INSERT INTO "characteristics" VALUES(1,1,1,1,1,1,1,'2015-05-03 16:54:12','2015-05-03 16:54:12',1,1);
INSERT INTO "characteristics" VALUES(2,2,1,1,1,1,1,'2015-05-03 16:54:12','2015-05-03 16:54:12',1,1);
INSERT INTO "characteristics" VALUES(3,3,1,1,1,1,1,'2015-05-03 16:54:12','2015-05-03 16:54:12',1,1);
INSERT INTO "characteristics" VALUES(4,4,1,1,1,1,1,'2015-05-03 16:54:13','2015-05-03 16:54:13',1,1);
INSERT INTO "characteristics" VALUES(5,5,1,1,1,1,1,'2015-05-03 16:54:13','2015-05-03 16:54:13',1,1);
INSERT INTO "characteristics" VALUES(6,6,1,1,1,1,1,'2015-05-03 16:54:13','2015-05-03 16:54:13',1,1);
INSERT INTO "characteristics" VALUES(7,7,1,1,1,1,1,'2015-05-03 16:54:13','2015-05-03 16:54:13',1,1);
INSERT INTO "characteristics" VALUES(8,8,1,1,1,1,1,'2015-05-03 16:54:13','2015-05-03 16:54:13',1,1);
CREATE TABLE "features" ("id" integer not null primary key autoincrement, "product_id" integer not null, "title" varchar not null, "description" varchar not null, "created_at" datetime not null, "updated_at" datetime not null, "created_by" integer not null, "updated_by" integer not null, foreign key("product_id") references "products"("id"), foreign key("created_by") references "users"("id"), foreign key("updated_by") references "users"("id"));
INSERT INTO "features" VALUES(1,1,'tester','tester','2015-05-03 16:53:53','2015-05-03 16:53:53',1,1);
INSERT INTO "features" VALUES(2,1,'tester','tester','2015-05-03 16:53:53','2015-05-03 16:53:53',1,1);
INSERT INTO "features" VALUES(3,1,'tester','tester','2015-05-03 16:53:54','2015-05-03 16:53:54',1,1);
INSERT INTO "features" VALUES(4,1,'tester','tester','2015-05-03 16:53:54','2015-05-03 16:53:54',1,1);
INSERT INTO "features" VALUES(5,1,'tester','tester','2015-05-03 16:53:55','2015-05-03 16:53:55',1,1);
INSERT INTO "features" VALUES(6,2,'tester','tester','2015-05-03 16:53:55','2015-05-03 16:53:55',1,1);
INSERT INTO "features" VALUES(7,2,'tester','tester','2015-05-03 16:53:56','2015-05-03 16:53:56',1,1);
INSERT INTO "features" VALUES(8,2,'tester','tester','2015-05-03 16:53:56','2015-05-03 16:53:56',1,1);
INSERT INTO "features" VALUES(9,2,'tester','tester','2015-05-03 16:53:57','2015-05-03 16:53:57',1,1);
INSERT INTO "features" VALUES(10,2,'tester','tester','2015-05-03 16:53:57','2015-05-03 16:53:57',1,1);
INSERT INTO "features" VALUES(11,3,'tester','tester','2015-05-03 16:53:57','2015-05-03 16:53:57',1,1);
INSERT INTO "features" VALUES(12,3,'tester','tester','2015-05-03 16:53:58','2015-05-03 16:53:58',1,1);
INSERT INTO "features" VALUES(13,3,'tester','tester','2015-05-03 16:53:58','2015-05-03 16:53:58',1,1);
INSERT INTO "features" VALUES(14,3,'tester','tester','2015-05-03 16:53:59','2015-05-03 16:53:59',1,1);
INSERT INTO "features" VALUES(15,3,'tester','tester','2015-05-03 16:54:00','2015-05-03 16:54:00',1,1);
INSERT INTO "features" VALUES(16,4,'tester','tester','2015-05-03 16:54:00','2015-05-03 16:54:00',1,1);
INSERT INTO "features" VALUES(17,4,'tester','tester','2015-05-03 16:54:00','2015-05-03 16:54:00',1,1);
INSERT INTO "features" VALUES(18,4,'tester','tester','2015-05-03 16:54:01','2015-05-03 16:54:01',1,1);
INSERT INTO "features" VALUES(19,4,'tester','tester','2015-05-03 16:54:01','2015-05-03 16:54:01',1,1);
INSERT INTO "features" VALUES(20,4,'tester','tester','2015-05-03 16:54:02','2015-05-03 16:54:02',1,1);
INSERT INTO "features" VALUES(21,5,'tester','tester','2015-05-03 16:54:02','2015-05-03 16:54:02',1,1);
INSERT INTO "features" VALUES(22,5,'tester','tester','2015-05-03 16:54:03','2015-05-03 16:54:03',1,1);
INSERT INTO "features" VALUES(23,5,'tester','tester','2015-05-03 16:54:03','2015-05-03 16:54:03',1,1);
INSERT INTO "features" VALUES(24,5,'tester','tester','2015-05-03 16:54:04','2015-05-03 16:54:04',1,1);
INSERT INTO "features" VALUES(25,5,'tester','tester','2015-05-03 16:54:04','2015-05-03 16:54:04',1,1);
INSERT INTO "features" VALUES(26,6,'tester','tester','2015-05-03 16:54:05','2015-05-03 16:54:05',1,1);
INSERT INTO "features" VALUES(27,6,'tester','tester','2015-05-03 16:54:05','2015-05-03 16:54:05',1,1);
INSERT INTO "features" VALUES(28,6,'tester','tester','2015-05-03 16:54:06','2015-05-03 16:54:06',1,1);
INSERT INTO "features" VALUES(29,6,'tester','tester','2015-05-03 16:54:06','2015-05-03 16:54:06',1,1);
INSERT INTO "features" VALUES(30,6,'tester','tester','2015-05-03 16:54:07','2015-05-03 16:54:07',1,1);
INSERT INTO "features" VALUES(31,7,'tester','tester','2015-05-03 16:54:07','2015-05-03 16:54:07',1,1);
INSERT INTO "features" VALUES(32,7,'tester','tester','2015-05-03 16:54:08','2015-05-03 16:54:08',1,1);
INSERT INTO "features" VALUES(33,7,'tester','tester','2015-05-03 16:54:08','2015-05-03 16:54:08',1,1);
INSERT INTO "features" VALUES(34,7,'tester','tester','2015-05-03 16:54:09','2015-05-03 16:54:09',1,1);
INSERT INTO "features" VALUES(35,7,'tester','tester','2015-05-03 16:54:09','2015-05-03 16:54:09',1,1);
INSERT INTO "features" VALUES(36,8,'tester','tester','2015-05-03 16:54:10','2015-05-03 16:54:10',1,1);
INSERT INTO "features" VALUES(37,8,'tester','tester','2015-05-03 16:54:10','2015-05-03 16:54:10',1,1);
INSERT INTO "features" VALUES(38,8,'tester','tester','2015-05-03 16:54:11','2015-05-03 16:54:11',1,1);
INSERT INTO "features" VALUES(39,8,'tester','tester','2015-05-03 16:54:11','2015-05-03 16:54:11',1,1);
INSERT INTO "features" VALUES(40,8,'tester','tester','2015-05-03 16:54:12','2015-05-03 16:54:12',1,1);
CREATE TABLE "mechanical_infos" ("id" integer not null primary key autoincrement, "product_id" integer not null, "motor" varchar null, "motor_serial" varchar null, "model" varchar null, "cylinders" integer null, "horsepower" integer null, "mileage" integer null, "traction" integer null, "lift" integer null, "created_at" datetime not null, "updated_at" datetime not null, "created_by" integer not null, "updated_by" integer not null, foreign key("product_id") references "products"("id"), foreign key("created_by") references "users"("id"), foreign key("updated_by") references "users"("id"));
INSERT INTO "mechanical_infos" VALUES(1,1,'1','1','1',1,1,1,1,1,'2015-05-03 16:54:15','2015-05-03 16:54:15',1,1);
INSERT INTO "mechanical_infos" VALUES(2,2,'1','1','1',1,1,1,1,1,'2015-05-03 16:54:15','2015-05-03 16:54:15',1,1);
INSERT INTO "mechanical_infos" VALUES(3,3,'1','1','1',1,1,1,1,1,'2015-05-03 16:54:15','2015-05-03 16:54:15',1,1);
INSERT INTO "mechanical_infos" VALUES(4,4,'1','1','1',1,1,1,1,1,'2015-05-03 16:54:15','2015-05-03 16:54:15',1,1);
INSERT INTO "mechanical_infos" VALUES(5,5,'1','1','1',1,1,1,1,1,'2015-05-03 16:54:15','2015-05-03 16:54:15',1,1);
INSERT INTO "mechanical_infos" VALUES(6,6,'1','1','1',1,1,1,1,1,'2015-05-03 16:54:16','2015-05-03 16:54:16',1,1);
INSERT INTO "mechanical_infos" VALUES(7,7,'1','1','1',1,1,1,1,1,'2015-05-03 16:54:16','2015-05-03 16:54:16',1,1);
INSERT INTO "mechanical_infos" VALUES(8,8,'1','1','1',1,1,1,1,1,'2015-05-03 16:54:16','2015-05-03 16:54:16',1,1);
CREATE TABLE "nutritionals" ("id" integer not null primary key autoincrement, "product_id" integer not null, "due" date null, "created_at" datetime not null, "updated_at" datetime not null, "created_by" integer not null, "updated_by" integer not null, foreign key("product_id") references "products"("id"), foreign key("created_by") references "users"("id"), foreign key("updated_by") references "users"("id"));
INSERT INTO "nutritionals" VALUES(1,1,'1999-09-09','2015-05-03 16:54:13','2015-05-03 16:54:13',1,1);
INSERT INTO "nutritionals" VALUES(2,2,'1999-09-09','2015-05-03 16:54:13','2015-05-03 16:54:13',1,1);
INSERT INTO "nutritionals" VALUES(3,3,'1999-09-09','2015-05-03 16:54:14','2015-05-03 16:54:14',1,1);
INSERT INTO "nutritionals" VALUES(4,4,'1999-09-09','2015-05-03 16:54:14','2015-05-03 16:54:14',1,1);
INSERT INTO "nutritionals" VALUES(5,5,'1999-09-09','2015-05-03 16:54:14','2015-05-03 16:54:14',1,1);
INSERT INTO "nutritionals" VALUES(6,6,'1999-09-09','2015-05-03 16:54:14','2015-05-03 16:54:14',1,1);
INSERT INTO "nutritionals" VALUES(7,7,'1999-09-09','2015-05-03 16:54:14','2015-05-03 16:54:14',1,1);
INSERT INTO "nutritionals" VALUES(8,8,'1999-09-09','2015-05-03 16:54:14','2015-05-03 16:54:14',1,1);
CREATE TABLE "visits" ("id" integer not null primary key autoincrement, "user_id" integer not null, "visitable_id" integer not null, "visitable_type" varchar not null, "total" integer not null, "created_at" datetime not null, "updated_at" datetime not null, foreign key("user_id") references "users"("id") on delete cascade);
INSERT INTO "visits" VALUES(1,1,1,'App\Product',1,'2015-05-03 16:54:20','2015-05-03 16:54:20');
CREATE TABLE "banks" ("id" integer not null primary key autoincrement, "description" varchar not null, "created_at" datetime not null, "updated_at" datetime not null);
INSERT INTO "banks" VALUES(1,'Sin Banco Asociado','2015-05-03 16:54:16','2015-05-03 16:54:16');
INSERT INTO "banks" VALUES(2,'Banco Monroy de Concepción','2015-05-03 16:54:16','2015-05-03 16:54:16');
INSERT INTO "banks" VALUES(3,'Banco Téllez-Alfonso','2015-05-03 16:54:16','2015-05-03 16:54:16');
INSERT INTO "banks" VALUES(4,'Banco Abeyta y Cobo','2015-05-03 16:54:17','2015-05-03 16:54:17');
INSERT INTO "banks" VALUES(5,'Banco Ramón de Estévez e Hijo','2015-05-03 16:54:17','2015-05-03 16:54:17');
INSERT INTO "banks" VALUES(6,'Banco Corral y Villaseñor y Flia.','2015-05-03 16:54:17','2015-05-03 16:54:17');
INSERT INTO "banks" VALUES(7,'Banco Vicente y Murillo','2015-05-03 16:54:17','2015-05-03 16:54:17');
INSERT INTO "banks" VALUES(8,'Banco López-Castillo','2015-05-03 16:54:17','2015-05-03 16:54:17');
INSERT INTO "banks" VALUES(9,'Banco Air Roldán e Hija','2015-05-03 16:54:17','2015-05-03 16:54:17');
INSERT INTO "banks" VALUES(10,'Banco Herrera de Tamez e Hijo','2015-05-03 16:54:18','2015-05-03 16:54:18');
INSERT INTO "banks" VALUES(11,'Banco Empresa Bernal-Cabrera','2015-05-03 16:54:18','2015-05-03 16:54:18');
CREATE TABLE "card_types" ("id" integer not null primary key autoincrement, "description" varchar not null, "created_at" datetime not null, "updated_at" datetime not null);
INSERT INTO "card_types" VALUES(1,'Visa','2015-05-03 16:54:18','2015-05-03 16:54:18');
INSERT INTO "card_types" VALUES(2,'MasterCard','2015-05-03 16:54:18','2015-05-03 16:54:18');
INSERT INTO "card_types" VALUES(3,'American Express','2015-05-03 16:54:18','2015-05-03 16:54:18');
INSERT INTO "card_types" VALUES(4,'Discover Card','2015-05-03 16:54:18','2015-05-03 16:54:18');
INSERT INTO "card_types" VALUES(5,'Debito','2015-05-03 16:54:18','2015-05-03 16:54:18');
INSERT INTO "card_types" VALUES(6,'Sin Tarjeta Asociada','2015-05-03 16:54:19','2015-05-03 16:54:19');
CREATE TABLE "billings" ("id" integer not null primary key autoincrement, "user_id" integer not null, "bank_id" integer null, "card_type_id" integer null, "card_number" varchar null, "bank_account" varchar null, "expiration" varchar null, "comments" varchar null, "created_at" datetime not null, "updated_at" datetime not null, "created_by" integer not null, "updated_by" integer not null, foreign key("user_id") references "users"("id") on delete cascade, foreign key("bank_id") references "banks"("id"), foreign key("card_type_id") references "card_types"("id"), foreign key("created_by") references "users"("id"), foreign key("updated_by") references "users"("id"));
INSERT INTO "billings" VALUES(1,1,1,6,'4916400643272','ES5045632043968372242737','08/17','Magnam corporis nihil laboriosam rerum. Provident impedit corrupti provident cupiditate fuga accusantium magni. Fugit enim reiciendis et dolorem ut.','2015-05-03 16:54:19','2015-05-03 16:54:19',1,1);
INSERT INTO "billings" VALUES(2,2,1,6,'4024007143504','ES5203830392871515816551','07/17','Dolor est debitis ut sit sunt cupiditate. Alias consectetur et ullam commodi deserunt.','2015-05-03 16:54:19','2015-05-03 16:54:19',2,2);
CREATE TABLE "maker_sub_category" ("maker_id" integer not null, "sub_category_id" integer not null, foreign key("maker_id") references "makers"("id"), foreign key("sub_category_id") references "sub_categories"("id"));
INSERT INTO "maker_sub_category" VALUES(1,1);
INSERT INTO "maker_sub_category" VALUES(2,1);
INSERT INTO "maker_sub_category" VALUES(3,2);
INSERT INTO "maker_sub_category" VALUES(4,2);
INSERT INTO "maker_sub_category" VALUES(5,3);
INSERT INTO "maker_sub_category" VALUES(6,3);
INSERT INTO "maker_sub_category" VALUES(7,4);
INSERT INTO "maker_sub_category" VALUES(8,4);
INSERT INTO "maker_sub_category" VALUES(9,5);
INSERT INTO "maker_sub_category" VALUES(10,5);
INSERT INTO "maker_sub_category" VALUES(11,6);
INSERT INTO "maker_sub_category" VALUES(12,6);
INSERT INTO "maker_sub_category" VALUES(13,7);
INSERT INTO "maker_sub_category" VALUES(14,7);
CREATE TABLE "product_user" ("product_id" integer not null, "user_id" integer not null, "quantity" integer not null, "created_at" datetime not null, "updated_at" datetime not null, foreign key("product_id") references "products"("id") on delete cascade, foreign key("user_id") references "users"("id") on delete cascade);
INSERT INTO "product_user" VALUES(1,1,1,'2015-05-03 16:54:19','2015-05-03 16:54:19');
INSERT INTO "product_user" VALUES(2,1,3,'2015-05-03 16:54:19','2015-05-03 16:54:19');
INSERT INTO "product_user" VALUES(3,1,3,'2015-05-03 16:54:19','2015-05-03 16:54:19');
INSERT INTO "product_user" VALUES(4,1,5,'2015-05-03 16:54:20','2015-05-03 16:54:20');
INSERT INTO "product_user" VALUES(5,1,4,'2015-05-03 16:54:20','2015-05-03 16:54:20');
INSERT INTO "product_user" VALUES(6,1,4,'2015-05-03 16:54:20','2015-05-03 16:54:20');
INSERT INTO "product_user" VALUES(7,1,5,'2015-05-03 16:54:20','2015-05-03 16:54:20');
INSERT INTO "product_user" VALUES(8,1,5,'2015-05-03 16:54:20','2015-05-03 16:54:20');
CREATE TABLE "map_details" ("id" integer not null primary key autoincrement, "direction_id" integer not null, "latitude" float not null, "longitude" float not null, "zoom" integer not null, "created_at" datetime not null, "updated_at" datetime not null, foreign key("direction_id") references "directions"("id") on delete cascade);
INSERT INTO "map_details" VALUES(1,10,10.492315,-66.932899,12,'2015-05-03 16:53:52','2015-05-03 16:53:52');
CREATE TABLE "user_confirmations" ("id" integer not null primary key autoincrement, "user_id" integer not null, "data" varchar null, foreign key("user_id") references "users"("id") on delete cascade);
DELETE FROM sqlite_sequence;
INSERT INTO "sqlite_sequence" VALUES('profiles',3);
INSERT INTO "sqlite_sequence" VALUES('genders',2);
INSERT INTO "sqlite_sequence" VALUES('nationalities',2);
INSERT INTO "sqlite_sequence" VALUES('states',1);
INSERT INTO "sqlite_sequence" VALUES('towns',1);
INSERT INTO "sqlite_sequence" VALUES('parishes',1);
INSERT INTO "sqlite_sequence" VALUES('users',2);
INSERT INTO "sqlite_sequence" VALUES('people',2);
INSERT INTO "sqlite_sequence" VALUES('directions',10);
INSERT INTO "sqlite_sequence" VALUES('categories',2);
INSERT INTO "sqlite_sequence" VALUES('sub_categories',7);
INSERT INTO "sqlite_sequence" VALUES('makers',14);
INSERT INTO "sqlite_sequence" VALUES('images',71);
INSERT INTO "sqlite_sequence" VALUES('products',8);
INSERT INTO "sqlite_sequence" VALUES('map_details',1);
INSERT INTO "sqlite_sequence" VALUES('features',40);
INSERT INTO "sqlite_sequence" VALUES('files',48);
INSERT INTO "sqlite_sequence" VALUES('characteristics',8);
INSERT INTO "sqlite_sequence" VALUES('nutritionals',8);
INSERT INTO "sqlite_sequence" VALUES('mechanical_infos',8);
INSERT INTO "sqlite_sequence" VALUES('banks',11);
INSERT INTO "sqlite_sequence" VALUES('card_types',6);
INSERT INTO "sqlite_sequence" VALUES('billings',2);
INSERT INTO "sqlite_sequence" VALUES('visits',1);
INSERT INTO "sqlite_sequence" VALUES('promotions',1);
CREATE UNIQUE INDEX users_email_unique on "users" ("email");
CREATE INDEX password_resets_email_index on "password_resets" ("email");
CREATE INDEX password_resets_token_index on "password_resets" ("token");
CREATE INDEX product_user_product_id_index on "product_user" ("product_id");
CREATE INDEX product_user_user_id_index on "product_user" ("user_id");
CREATE INDEX user_confirmations_user_id_index on "user_confirmations" ("user_id");
COMMIT;
