PRAGMA foreign_keys=OFF;
BEGIN TRANSACTION;
CREATE TABLE "migrations" ("migration" varchar not null, "batch" integer not null);
INSERT INTO "migrations" VALUES('2014_10_12_000000_create_users_table',1);
INSERT INTO "migrations" VALUES('2014_10_12_100000_create_password_resets_table',1);
INSERT INTO "migrations" VALUES('2015_03_10_140153_create_genders_table',1);
INSERT INTO "migrations" VALUES('2015_03_10_142938_create_states_table',1);
INSERT INTO "migrations" VALUES('2015_03_10_154237_create_towns_table',1);
INSERT INTO "migrations" VALUES('2015_03_10_154410_create_parishes_table',1);
INSERT INTO "migrations" VALUES('2015_03_10_154455_create_directions_table',1);
INSERT INTO "migrations" VALUES('2015_03_10_154557_create_profiles_table',1);
INSERT INTO "migrations" VALUES('2015_03_10_173459_create_nationalities_table',1);
INSERT INTO "migrations" VALUES('2015_03_10_173503_create_people_table',1);
INSERT INTO "migrations" VALUES('2015_03_13_193841_create_makers_table',1);
INSERT INTO "migrations" VALUES('2015_03_13_194526_create_categories_table',1);
INSERT INTO "migrations" VALUES('2015_03_13_195124_create_sub_categories_table',1);
INSERT INTO "migrations" VALUES('2015_03_13_202223_create_products_table',1);
INSERT INTO "migrations" VALUES('2015_03_13_205446_create_promotions_table',1);
INSERT INTO "migrations" VALUES('2015_03_13_205519_create_product_promotion_table',1);
INSERT INTO "migrations" VALUES('2015_03_13_205737_create_files_table',1);
INSERT INTO "migrations" VALUES('2015_03_13_212413_create_images_table',1);
INSERT INTO "migrations" VALUES('2015_03_13_212630_create_characteristics_table',1);
INSERT INTO "migrations" VALUES('2015_03_13_214205_create_features_table',1);
INSERT INTO "migrations" VALUES('2015_03_13_214850_create_mechanical_infos_table',1);
INSERT INTO "migrations" VALUES('2015_03_13_215620_create_nutritionals_table',1);
INSERT INTO "migrations" VALUES('2015_03_13_220817_create_visits_table',1);
INSERT INTO "migrations" VALUES('2015_03_13_221555_create_banks_table',1);
INSERT INTO "migrations" VALUES('2015_03_13_221616_create_card_types_table',1);
INSERT INTO "migrations" VALUES('2015_03_13_221820_create_billings_table',1);
INSERT INTO "migrations" VALUES('2015_03_13_234614_create_maker_sub_category',1);
INSERT INTO "migrations" VALUES('2015_03_14_000527_create_product_sub_category_table',1);
INSERT INTO "migrations" VALUES('2015_03_17_200518_create_product_user_pivot_table',1);
CREATE TABLE "users" ("id" integer not null primary key autoincrement, "profile_id" integer not null, "name" varchar not null, "email" varchar not null, "password" varchar not null, "remember_token" varchar null, "created_at" datetime not null, "updated_at" datetime not null, "deleted_at" datetime null);
INSERT INTO "users" VALUES(1,1,'tester','tester@tester.com','$2y$10$ld/Uq1KCna3lGj4cTwxgUOCIjCcU1uC2WKReS3aPiLvEhkdRLqZpu',NULL,'current_timestampt','current_timestampt',NULL);
CREATE TABLE "password_resets" ("email" varchar not null, "token" varchar not null, "created_at" datetime not null);
CREATE TABLE "genders" ("id" integer not null primary key autoincrement, "description" varchar not null, "created_at" datetime not null, "updated_at" datetime not null);
INSERT INTO "genders" VALUES(1,'Masculino','2015-03-17 22:39:57','2015-03-17 22:39:57');
INSERT INTO "genders" VALUES(2,'Femenino','2015-03-17 22:39:57','2015-03-17 22:39:57');
CREATE TABLE "states" ("id" integer not null primary key autoincrement, "description" varchar not null, "created_at" datetime not null, "updated_at" datetime not null);
INSERT INTO "states" VALUES(1,'Distrito Capital','2015-03-18 03:09:57','2015-03-18 03:09:57');
CREATE TABLE "towns" ("id" integer not null primary key autoincrement, "state_id" integer not null, "description" varchar not null, "created_at" datetime not null, "updated_at" datetime not null, foreign key("state_id") references "states"("id"));
INSERT INTO "towns" VALUES(1,1,'Libertador','2015-03-18 03:09:57','2015-03-18 03:09:57');
CREATE TABLE "parishes" ("id" integer not null primary key autoincrement, "town_id" integer not null, "description" varchar not null, "created_at" datetime not null, "updated_at" datetime not null, foreign key("town_id") references "towns"("id"));
INSERT INTO "parishes" VALUES(1,1,'Altagracia','2015-03-18 03:09:57','2015-03-18 03:09:57');
CREATE TABLE "directions" ("id" integer not null primary key autoincrement, "directionable_id" integer not null, "directionable_type" varchar not null, "parish_id" integer not null, "details" varchar null, "created_at" datetime not null, "updated_at" datetime not null, "created_by" integer not null, "updated_by" integer not null, "deleted_at" datetime null, foreign key("parish_id") references "parishes"("id"), foreign key("created_by") references "users"("id"), foreign key("updated_by") references "users"("id"));
INSERT INTO "directions" VALUES(1,1,'App\Person',1,'Calle del tester.','2015-03-17 22:39:57','2015-03-17 22:39:57',1,1,NULL);
INSERT INTO "directions" VALUES(2,1,'App\Product',1,'Travesia Maria, 1, 6º A','2015-03-17 22:39:58','2015-03-17 22:39:58',1,1,NULL);
INSERT INTO "directions" VALUES(3,2,'App\Product',1,'Plaza Adriana, 551, 12º E','2015-03-17 22:39:58','2015-03-17 22:39:58',1,1,NULL);
INSERT INTO "directions" VALUES(4,3,'App\Product',1,'Ronda Pineda, 7, 8º A','2015-03-17 22:39:58','2015-03-17 22:39:58',1,1,NULL);
INSERT INTO "directions" VALUES(5,4,'App\Product',1,'Camino Jurado, 58, Bajos','2015-03-17 22:39:58','2015-03-17 22:39:58',1,1,NULL);
INSERT INTO "directions" VALUES(6,5,'App\Product',1,'Carrer Villaseñor, 78, Entre suelo 2º','2015-03-17 22:39:58','2015-03-17 22:39:58',1,1,NULL);
INSERT INTO "directions" VALUES(7,6,'App\Product',1,'Avinguda Flores, 1, Entre suelo 3º','2015-03-17 22:39:58','2015-03-17 22:39:58',1,1,NULL);
INSERT INTO "directions" VALUES(8,7,'App\Product',1,'Rúa Delvalle, 59, 52º F','2015-03-17 22:39:58','2015-03-17 22:39:58',1,1,NULL);
CREATE TABLE "profiles" ("id" integer not null primary key autoincrement, "description" varchar not null, "created_at" datetime not null, "updated_at" datetime not null);
INSERT INTO "profiles" VALUES(1,'Administrador','2015-03-17 22:39:57','2015-03-17 22:39:57');
INSERT INTO "profiles" VALUES(2,'Usuario','2015-03-17 22:39:57','2015-03-17 22:39:57');
INSERT INTO "profiles" VALUES(3,'Desactivado','2015-03-17 22:39:57','2015-03-17 22:39:57');
CREATE TABLE "nationalities" ("id" integer not null primary key autoincrement, "description" varchar not null, "created_at" datetime not null, "updated_at" datetime not null);
INSERT INTO "nationalities" VALUES(1,'Venezolano','2015-03-17 22:39:57','2015-03-17 22:39:57');
INSERT INTO "nationalities" VALUES(2,'Extrangero','2015-03-17 22:39:57','2015-03-17 22:39:57');
CREATE TABLE "people" ("id" integer not null primary key autoincrement, "user_id" integer not null, "gender_id" integer not null, "nationality_id" integer not null, "first_name" varchar not null, "last_name" varchar null, "first_surname" varchar not null, "last_surname" varchar null, "identity_card" varchar not null, "phone" varchar null, "birth_date" date null, "created_at" datetime not null, "updated_at" datetime not null, foreign key("user_id") references "users"("id") on delete cascade, foreign key("gender_id") references "genders"("id"), foreign key("nationality_id") references "nationalities"("id"));
INSERT INTO "people" VALUES(1,1,1,1,'tester',NULL,'tester',NULL,'10000001','+58-(212)-111-2233','1999-09-09','current_timestampt','current_timestampt');
CREATE TABLE "makers" ("id" integer not null primary key autoincrement, "name" varchar not null, "slug" varchar not null, "domain" varchar null, "url" varchar null, "logo_path" varchar null, "logo_alt" varchar null, "created_at" datetime not null, "updated_at" datetime not null);
INSERT INTO "makers" VALUES(1,'Viajes Arribas-Águilar','viajes-arribas-aguilar','lovato.com.es','https://www.centro.org/sit-eos-sed-velit-dolore-accusamus',NULL,NULL,'2015-03-17 22:39:58','2015-03-17 22:39:58');
INSERT INTO "makers" VALUES(2,'Centeno y Cano SA','centeno-y-cano-sa','maya.net','http://www.ulloa.org/',NULL,NULL,'2015-03-17 22:39:58','2015-03-17 22:39:58');
INSERT INTO "makers" VALUES(3,'Mata y Varela e Hijo','mata-y-varela-e-hijo','yanez.com','https://gestora.net/expedita-beatae-reiciendis-odio-repellendus-repudiandae-eius.html',NULL,NULL,'2015-03-17 22:39:58','2015-03-17 22:39:58');
INSERT INTO "makers" VALUES(4,'Zapata y Martos e Hijos','zapata-y-martos-e-hijos','global.com','http://gestora.com.es/in-non-laudantium-ea-impedit-eveniet-illo',NULL,NULL,'2015-03-17 22:39:58','2015-03-17 22:39:58');
INSERT INTO "makers" VALUES(5,'Villalobos y Carballo y Asoc.','villalobos-y-carballo-y-asoc','posadaalvarado.com','https://reyna.com/minus-eius-perspiciatis-accusamus-molestias-expedita-architecto.html',NULL,NULL,'2015-03-17 22:39:58','2015-03-17 22:39:58');
INSERT INTO "makers" VALUES(6,'Concepción y Jurado','concepcion-y-jurado','arriaga.es','https://empresa.net/et-repudiandae-et-tempora-officia-maxime-aut-laborum.html',NULL,NULL,'2015-03-17 22:39:58','2015-03-17 22:39:58');
INSERT INTO "makers" VALUES(7,'Antón y Juan','anton-y-juan','granado.org','http://www.venegas.com/',NULL,NULL,'2015-03-17 22:39:58','2015-03-17 22:39:58');
INSERT INTO "makers" VALUES(8,'Sanabria y Rodrígez e Hijos','sanabria-y-rodrigez-e-hijos','pastorolivas.net','https://figueroa.com/id-labore-quidem-qui.html',NULL,NULL,'2015-03-17 22:39:58','2015-03-17 22:39:58');
INSERT INTO "makers" VALUES(9,'Ureña-Adame SRL','urena-adame-srl','ayalasaavedra.org','http://www.empresa.es/beatae-fuga-adipisci-possimus-saepe-ullam',NULL,NULL,'2015-03-17 22:39:58','2015-03-17 22:39:58');
INSERT INTO "makers" VALUES(10,'Rosario de Palomino y Asoc.','rosario-de-palomino-y-asoc','grupo.com','http://www.alva.es/dolor-nulla-excepturi-deserunt',NULL,NULL,'2015-03-17 22:39:58','2015-03-17 22:39:58');
INSERT INTO "makers" VALUES(11,'Viajes Sepúlveda-Leyva','viajes-sepulveda-leyva','ulloagimeno.com','https://www.ontiveros.net/praesentium-consequuntur-recusandae-porro-neque-sequi-odit-iure',NULL,NULL,'2015-03-17 22:39:58','2015-03-17 22:39:58');
INSERT INTO "makers" VALUES(12,'Mora de Jaimes','mora-de-jaimes','carballorendon.es','http://www.cardona.com/modi-nulla-natus-aliquam-ipsum-quis-sint-doloremque-iste',NULL,NULL,'2015-03-17 22:39:58','2015-03-17 22:39:58');
INSERT INTO "makers" VALUES(13,'Romo de Costa y Asoc.','romo-de-costa-y-asoc','colunga.net','http://asociacion.com.es/',NULL,NULL,'2015-03-17 22:39:58','2015-03-17 22:39:58');
INSERT INTO "makers" VALUES(14,'Salvador-Contreras','salvador-contreras','villareal.es','http://ledesma.org/a-iste-earum-optio-non-omnis-iusto',NULL,NULL,'2015-03-17 22:39:58','2015-03-17 22:39:58');
CREATE TABLE "categories" ("id" integer not null primary key autoincrement, "description" varchar not null, "slug" varchar not null, "created_at" datetime not null, "updated_at" datetime not null);
INSERT INTO "categories" VALUES(1,'Productos Agro-Industriales','productos-agro-industriales','2015-03-17 22:39:57','2015-03-17 22:39:57');
INSERT INTO "categories" VALUES(2,'Productos Alimenticios','productos-alimenticios','2015-03-17 22:39:57','2015-03-17 22:39:57');
CREATE TABLE "sub_categories" ("id" integer not null primary key autoincrement, "category_id" integer not null, "description" varchar not null, "slug" varchar not null, "created_at" datetime not null, "updated_at" datetime not null, foreign key("category_id") references "categories"("id") on delete cascade);
INSERT INTO "sub_categories" VALUES(1,1,'Maquinaria Pesada','maquinaria-pesada','2015-03-17 22:39:57','2015-03-17 22:39:57');
INSERT INTO "sub_categories" VALUES(2,1,'Tractores','tractores','2015-03-17 22:39:57','2015-03-17 22:39:57');
INSERT INTO "sub_categories" VALUES(3,1,'Maquinaria Ligera','maquinaria-ligera','2015-03-17 22:39:57','2015-03-17 22:39:57');
INSERT INTO "sub_categories" VALUES(4,2,'Chocolate','chocolate','2015-03-17 22:39:57','2015-03-17 22:39:57');
INSERT INTO "sub_categories" VALUES(5,2,'Arroz','arroz','2015-03-17 22:39:57','2015-03-17 22:39:57');
INSERT INTO "sub_categories" VALUES(6,2,'Avena','avena','2015-03-17 22:39:57','2015-03-17 22:39:57');
INSERT INTO "sub_categories" VALUES(7,2,'Soya','soya','2015-03-17 22:39:57','2015-03-17 22:39:57');
CREATE TABLE "products" ("id" integer not null primary key autoincrement, "user_id" integer not null, "maker_id" integer not null, "title" varchar not null, "description" text not null, "price" float not null, "quantity" integer not null, "slug" varchar not null, "created_at" datetime not null, "updated_at" datetime not null, "created_by" integer not null, "updated_by" integer not null, "deleted_at" datetime null, foreign key("user_id") references "users"("id") on delete cascade, foreign key("maker_id") references "makers"("id"), foreign key("created_by") references "users"("id"), foreign key("updated_by") references "users"("id"));
INSERT INTO "products" VALUES(1,1,9,'Qui ea autem id.','Quisquam dolorum ea id provident fugit quo facilis beatae. Illo qui exercitationem expedita quia. Pariatur libero laborum excepturi sit enim reiciendis excepturi quos.',1651249379.19,3,'qui-ea-autem-id','2015-03-17 22:39:58','2015-03-17 22:39:58',1,1,NULL);
INSERT INTO "products" VALUES(2,1,1,'Atque delectus dolorum qui maxime aliquid.','Quisquam maxime ut et perspiciatis sed est. In voluptas qui magnam. Voluptatum laudantium vel consequatur quia.',8928934349.68,11,'atque-delectus-dolorum-qui-maxime-aliquid','2015-03-17 22:39:58','2015-03-17 22:39:58',1,1,NULL);
INSERT INTO "products" VALUES(3,1,10,'Dolor incidunt in quasi voluptas.','Explicabo quod voluptatem eligendi omnis commodi id. Quae minus neque quibusdam quo corporis. Rerum totam omnis et saepe et nisi. Itaque rerum et repellat quia.',8727061419.84,2,'dolor-incidunt-in-quasi-voluptas','2015-03-17 22:39:58','2015-03-17 22:39:58',1,1,NULL);
INSERT INTO "products" VALUES(4,1,12,'Non sit maiores corporis.','Dignissimos quod minus omnis alias. Qui id possimus quia sit recusandae et quidem aut. Et doloribus reiciendis sit voluptatem assumenda debitis fugiat.',5083862631.38,1,'non-sit-maiores-corporis','2015-03-17 22:39:58','2015-03-17 22:39:58',1,1,NULL);
INSERT INTO "products" VALUES(5,1,13,'Ratione suscipit et consequuntur.','Sunt dolorem deleniti fugiat molestiae. Et error quo suscipit rerum. Eligendi et tempora reprehenderit eius voluptatum. Tempore ut provident delectus natus in quia est et.',9800473405.97,17,'ratione-suscipit-et-consequuntur','2015-03-17 22:39:58','2015-03-17 22:39:58',1,1,NULL);
INSERT INTO "products" VALUES(6,1,13,'Rerum et asperiores possimus.','Sit qui consequatur quia soluta. Vel esse quaerat earum a. Molestiae sed facere assumenda assumenda exercitationem quibusdam.',4142088884.98,10,'rerum-et-asperiores-possimus','2015-03-17 22:39:58','2015-03-17 22:39:58',1,1,NULL);
INSERT INTO "products" VALUES(7,1,14,'Veritatis qui qui id distinctio.','Modi quis non et in laudantium. Aut eligendi facilis velit repellat architecto non velit. Qui illum ea veritatis mollitia. Voluptatem non quis sed et.',299661321.82,13,'veritatis-qui-qui-id-distinctio','2015-03-17 22:39:58','2015-03-17 22:39:58',1,1,NULL);
CREATE TABLE "promotions" ("id" integer not null primary key autoincrement, "title" varchar not null, "slug" varchar not null, "percentage" integer null, "static" integer null, "begins" date not null, "ends" date not null, "created_at" datetime not null, "updated_at" datetime not null);
CREATE TABLE "product_promotion" ("product_id" integer not null, "promotion_id" integer not null, foreign key("product_id") references "products"("id"), foreign key("promotion_id") references "promotions"("id"));
CREATE TABLE "files" ("id" integer not null primary key autoincrement, "fileable_id" integer not null, "fileable_type" varchar not null, "path" varchar not null, "mime" varchar not null, "created_at" datetime not null, "updated_at" datetime not null, "created_by" integer not null, "updated_by" integer not null, foreign key("created_by") references "users"("id"), foreign key("updated_by") references "users"("id"));
INSERT INTO "files" VALUES(1,1,'App\Feature','products/1/201503171003035858-SXMPMLjYCXzMoM5dwukn.pdf','application/pdf','2015-03-17 22:39:58','2015-03-17 22:39:58',1,1);
INSERT INTO "files" VALUES(2,2,'App\Feature','products/1/201503171003035959-M8EZJEBoOFk4ONtzHurX.pdf','application/pdf','2015-03-17 22:39:59','2015-03-17 22:39:59',1,1);
INSERT INTO "files" VALUES(3,3,'App\Feature','products/1/201503171003035959-IZCOe0erRivYbm7EvjQL.pdf','application/pdf','2015-03-17 22:39:59','2015-03-17 22:39:59',1,1);
INSERT INTO "files" VALUES(4,4,'App\Feature','products/1/201503171003035959-eO1eI40ER6CtQ1wVHpLC.pdf','application/pdf','2015-03-17 22:39:59','2015-03-17 22:39:59',1,1);
INSERT INTO "files" VALUES(5,5,'App\Feature','products/1/201503171003035959-OFG0F9JSThFnZ5EolK8I.pdf','application/pdf','2015-03-17 22:39:59','2015-03-17 22:39:59',1,1);
INSERT INTO "files" VALUES(6,6,'App\Feature','products/2/201503171003035959-k9xwnXvzxTkje2H29IJW.pdf','application/pdf','2015-03-17 22:39:59','2015-03-17 22:39:59',1,1);
INSERT INTO "files" VALUES(7,7,'App\Feature','products/2/201503171003035959-CJDvSx3132YOLnw5QmZq.pdf','application/pdf','2015-03-17 22:39:59','2015-03-17 22:39:59',1,1);
INSERT INTO "files" VALUES(8,8,'App\Feature','products/2/201503171003035959-dBpEOY7FkljeDbmZPVir.pdf','application/pdf','2015-03-17 22:39:59','2015-03-17 22:39:59',1,1);
INSERT INTO "files" VALUES(9,9,'App\Feature','products/2/201503171003035959-tUvO0uGsEidiV6ZNWjQX.pdf','application/pdf','2015-03-17 22:39:59','2015-03-17 22:39:59',1,1);
INSERT INTO "files" VALUES(10,10,'App\Feature','products/2/201503171003035959-5LNvJc7ofyLAJPmFm6x0.pdf','application/pdf','2015-03-17 22:39:59','2015-03-17 22:39:59',1,1);
INSERT INTO "files" VALUES(11,11,'App\Feature','products/3/201503171003035959-yNyQa2NdGd7qlpPabFyI.pdf','application/pdf','2015-03-17 22:39:59','2015-03-17 22:39:59',1,1);
INSERT INTO "files" VALUES(12,12,'App\Feature','products/3/201503171003035959-EqnQBLhEZ0TusQJjZG2Z.pdf','application/pdf','2015-03-17 22:39:59','2015-03-17 22:39:59',1,1);
INSERT INTO "files" VALUES(13,13,'App\Feature','products/3/201503171003035959-H0nV4L8Xu6QB8hCKOUjJ.pdf','application/pdf','2015-03-17 22:39:59','2015-03-17 22:39:59',1,1);
INSERT INTO "files" VALUES(14,14,'App\Feature','products/3/201503171003035959-LjMDAl9G8ENmEzkHfVnS.pdf','application/pdf','2015-03-17 22:39:59','2015-03-17 22:39:59',1,1);
INSERT INTO "files" VALUES(15,15,'App\Feature','products/3/201503171003035959-322DAnfCqXlyN6hUaNpF.pdf','application/pdf','2015-03-17 22:39:59','2015-03-17 22:39:59',1,1);
INSERT INTO "files" VALUES(16,16,'App\Feature','products/4/201503171003035959-Rsbo693CAkthmT0czGNV.pdf','application/pdf','2015-03-17 22:39:59','2015-03-17 22:39:59',1,1);
INSERT INTO "files" VALUES(17,17,'App\Feature','products/4/201503171003035959-1naufSi6yuSx1QGUu9ux.pdf','application/pdf','2015-03-17 22:39:59','2015-03-17 22:39:59',1,1);
INSERT INTO "files" VALUES(18,18,'App\Feature','products/4/201503171003035959-u445vShOV5EzOBZwiM8Q.pdf','application/pdf','2015-03-17 22:39:59','2015-03-17 22:39:59',1,1);
INSERT INTO "files" VALUES(19,19,'App\Feature','products/4/201503171003030000-Ip8yomRvWjPKO7WAe929.pdf','application/pdf','2015-03-17 22:40:00','2015-03-17 22:40:00',1,1);
INSERT INTO "files" VALUES(20,20,'App\Feature','products/4/201503171003030000-1ABMqu5jROnArQJlaoqb.pdf','application/pdf','2015-03-17 22:40:00','2015-03-17 22:40:00',1,1);
INSERT INTO "files" VALUES(21,21,'App\Feature','products/5/201503171003030000-icJv2gtAgu981XbFih9A.pdf','application/pdf','2015-03-17 22:40:00','2015-03-17 22:40:00',1,1);
INSERT INTO "files" VALUES(22,22,'App\Feature','products/5/201503171003030000-W5TQZIsj9bt3rRawaJeq.pdf','application/pdf','2015-03-17 22:40:00','2015-03-17 22:40:00',1,1);
INSERT INTO "files" VALUES(23,23,'App\Feature','products/5/201503171003030000-pGgTSUQqVkFI44Fjpj6B.pdf','application/pdf','2015-03-17 22:40:00','2015-03-17 22:40:00',1,1);
INSERT INTO "files" VALUES(24,24,'App\Feature','products/5/201503171003030000-QsVurPbNLvhQ4prVJrDs.pdf','application/pdf','2015-03-17 22:40:00','2015-03-17 22:40:00',1,1);
INSERT INTO "files" VALUES(25,25,'App\Feature','products/5/201503171003030000-eo0QTi6nPUlbLkKQoGLV.pdf','application/pdf','2015-03-17 22:40:00','2015-03-17 22:40:00',1,1);
INSERT INTO "files" VALUES(26,26,'App\Feature','products/6/201503171003030000-7Kapp4RNrah6sHaaZyZD.pdf','application/pdf','2015-03-17 22:40:00','2015-03-17 22:40:00',1,1);
INSERT INTO "files" VALUES(27,27,'App\Feature','products/6/201503171003030000-WMTknKtiXaIicZxIyZsq.pdf','application/pdf','2015-03-17 22:40:00','2015-03-17 22:40:00',1,1);
INSERT INTO "files" VALUES(28,28,'App\Feature','products/6/201503171003030000-JzI2Sbla37j4znBbFNzS.pdf','application/pdf','2015-03-17 22:40:00','2015-03-17 22:40:00',1,1);
INSERT INTO "files" VALUES(29,29,'App\Feature','products/6/201503171003030000-4TA1ipCmIciTE2zQ2AiY.pdf','application/pdf','2015-03-17 22:40:00','2015-03-17 22:40:00',1,1);
INSERT INTO "files" VALUES(30,30,'App\Feature','products/6/201503171003030000-eiRdAQO2ypE6aM0HoHFw.pdf','application/pdf','2015-03-17 22:40:00','2015-03-17 22:40:00',1,1);
INSERT INTO "files" VALUES(31,31,'App\Feature','products/7/201503171003030000-5whYFTrRwGb17XTr9Iqh.pdf','application/pdf','2015-03-17 22:40:00','2015-03-17 22:40:00',1,1);
INSERT INTO "files" VALUES(32,32,'App\Feature','products/7/201503171003030000-35DnuZVz7K63zzSCbT7j.pdf','application/pdf','2015-03-17 22:40:00','2015-03-17 22:40:00',1,1);
INSERT INTO "files" VALUES(33,33,'App\Feature','products/7/201503171003030000-PHbunRsx4ZB7gPLd5Pbf.pdf','application/pdf','2015-03-17 22:40:00','2015-03-17 22:40:00',1,1);
INSERT INTO "files" VALUES(34,34,'App\Feature','products/7/201503171003030000-cBuLEpy0eA2dZqhBC50g.pdf','application/pdf','2015-03-17 22:40:01','2015-03-17 22:40:01',1,1);
INSERT INTO "files" VALUES(35,35,'App\Feature','products/7/201503171003030101-mXCM5KE4zWXIHzlMOFTP.pdf','application/pdf','2015-03-17 22:40:01','2015-03-17 22:40:01',1,1);
CREATE TABLE "images" ("id" integer not null primary key autoincrement, "imageable_id" integer not null, "imageable_type" varchar not null, "path" varchar not null, "mime" varchar not null, "alt" varchar not null, "created_at" datetime not null, "updated_at" datetime not null, "created_by" integer not null, "updated_by" integer not null, foreign key("created_by") references "users"("id"), foreign key("updated_by") references "users"("id"));
INSERT INTO "images" VALUES(1,1,'App\Feature','products/1/201503171003035858-2PNsn9hSNaSVM3lGGWRP.gif','image/gif','orbiagro.com.ve subastas compra y venta: tester','2015-03-17 22:39:58','2015-03-17 22:39:58',1,1);
INSERT INTO "images" VALUES(2,2,'App\Feature','products/1/201503171003035858-Vcc9TAwQkOiVxPtlG42u.gif','image/gif','orbiagro.com.ve subastas compra y venta: tester','2015-03-17 22:39:59','2015-03-17 22:39:59',1,1);
INSERT INTO "images" VALUES(3,3,'App\Feature','products/1/201503171003035959-DkhsDP7zgpqvdoQHUidh.gif','image/gif','orbiagro.com.ve subastas compra y venta: tester','2015-03-17 22:39:59','2015-03-17 22:39:59',1,1);
INSERT INTO "images" VALUES(4,4,'App\Feature','products/1/201503171003035959-loldhYE8I6UCC3VCBnYF.gif','image/gif','orbiagro.com.ve subastas compra y venta: tester','2015-03-17 22:39:59','2015-03-17 22:39:59',1,1);
INSERT INTO "images" VALUES(5,5,'App\Feature','products/1/201503171003035959-Ezh3wz616dNb5lTkBSx6.gif','image/gif','orbiagro.com.ve subastas compra y venta: tester','2015-03-17 22:39:59','2015-03-17 22:39:59',1,1);
INSERT INTO "images" VALUES(6,6,'App\Feature','products/2/201503171003035959-ZQGgKGQMovyXVnngRkW3.gif','image/gif','orbiagro.com.ve subastas compra y venta: tester','2015-03-17 22:39:59','2015-03-17 22:39:59',1,1);
INSERT INTO "images" VALUES(7,7,'App\Feature','products/2/201503171003035959-qVZGDjrjWyDzYbzSHIwU.gif','image/gif','orbiagro.com.ve subastas compra y venta: tester','2015-03-17 22:39:59','2015-03-17 22:39:59',1,1);
INSERT INTO "images" VALUES(8,8,'App\Feature','products/2/201503171003035959-7wjmew36OKXNsgfWN9ll.gif','image/gif','orbiagro.com.ve subastas compra y venta: tester','2015-03-17 22:39:59','2015-03-17 22:39:59',1,1);
INSERT INTO "images" VALUES(9,9,'App\Feature','products/2/201503171003035959-HCJs3Yj6UJmztFVD7zIz.gif','image/gif','orbiagro.com.ve subastas compra y venta: tester','2015-03-17 22:39:59','2015-03-17 22:39:59',1,1);
INSERT INTO "images" VALUES(10,10,'App\Feature','products/2/201503171003035959-5wsM5LMG0IXctRYkj9DN.gif','image/gif','orbiagro.com.ve subastas compra y venta: tester','2015-03-17 22:39:59','2015-03-17 22:39:59',1,1);
INSERT INTO "images" VALUES(11,11,'App\Feature','products/3/201503171003035959-TfgxlaENaKnjJnsIvZzj.gif','image/gif','orbiagro.com.ve subastas compra y venta: tester','2015-03-17 22:39:59','2015-03-17 22:39:59',1,1);
INSERT INTO "images" VALUES(12,12,'App\Feature','products/3/201503171003035959-XCkGLVJqWvGpiJTSAeVK.gif','image/gif','orbiagro.com.ve subastas compra y venta: tester','2015-03-17 22:39:59','2015-03-17 22:39:59',1,1);
INSERT INTO "images" VALUES(13,13,'App\Feature','products/3/201503171003035959-eUd5IjuxgCjOYcKwhOhX.gif','image/gif','orbiagro.com.ve subastas compra y venta: tester','2015-03-17 22:39:59','2015-03-17 22:39:59',1,1);
INSERT INTO "images" VALUES(14,14,'App\Feature','products/3/201503171003035959-G2ekKiciMbQlhavJ6Kac.gif','image/gif','orbiagro.com.ve subastas compra y venta: tester','2015-03-17 22:39:59','2015-03-17 22:39:59',1,1);
INSERT INTO "images" VALUES(15,15,'App\Feature','products/3/201503171003035959-QIqHzKIZCs3atK9CH3dc.gif','image/gif','orbiagro.com.ve subastas compra y venta: tester','2015-03-17 22:39:59','2015-03-17 22:39:59',1,1);
INSERT INTO "images" VALUES(16,16,'App\Feature','products/4/201503171003035959-gSE81LKYUMuGX4pm9hAw.gif','image/gif','orbiagro.com.ve subastas compra y venta: tester','2015-03-17 22:39:59','2015-03-17 22:39:59',1,1);
INSERT INTO "images" VALUES(17,17,'App\Feature','products/4/201503171003035959-e3KEoFSCz5vqO85IyrUZ.gif','image/gif','orbiagro.com.ve subastas compra y venta: tester','2015-03-17 22:39:59','2015-03-17 22:39:59',1,1);
INSERT INTO "images" VALUES(18,18,'App\Feature','products/4/201503171003035959-HweFSOOpDXqSwYAUuO6U.gif','image/gif','orbiagro.com.ve subastas compra y venta: tester','2015-03-17 22:39:59','2015-03-17 22:39:59',1,1);
INSERT INTO "images" VALUES(19,19,'App\Feature','products/4/201503171003035959-LQkC6X9z5nFVXv7feaqL.gif','image/gif','orbiagro.com.ve subastas compra y venta: tester','2015-03-17 22:40:00','2015-03-17 22:40:00',1,1);
INSERT INTO "images" VALUES(20,20,'App\Feature','products/4/201503171003030000-K8C5ogIZuBZidewepJqE.gif','image/gif','orbiagro.com.ve subastas compra y venta: tester','2015-03-17 22:40:00','2015-03-17 22:40:00',1,1);
INSERT INTO "images" VALUES(21,21,'App\Feature','products/5/201503171003030000-zLpvg49n02IjUVgw9qv9.gif','image/gif','orbiagro.com.ve subastas compra y venta: tester','2015-03-17 22:40:00','2015-03-17 22:40:00',1,1);
INSERT INTO "images" VALUES(22,22,'App\Feature','products/5/201503171003030000-BrkfySTMutdiULiri2XN.gif','image/gif','orbiagro.com.ve subastas compra y venta: tester','2015-03-17 22:40:00','2015-03-17 22:40:00',1,1);
INSERT INTO "images" VALUES(23,23,'App\Feature','products/5/201503171003030000-IF4SBZ6AzbLvlOVZafep.gif','image/gif','orbiagro.com.ve subastas compra y venta: tester','2015-03-17 22:40:00','2015-03-17 22:40:00',1,1);
INSERT INTO "images" VALUES(24,24,'App\Feature','products/5/201503171003030000-W5qbjUW4UvIL9r4IfeZS.gif','image/gif','orbiagro.com.ve subastas compra y venta: tester','2015-03-17 22:40:00','2015-03-17 22:40:00',1,1);
INSERT INTO "images" VALUES(25,25,'App\Feature','products/5/201503171003030000-9Gy3mDaWg3m4a73l7Wr2.gif','image/gif','orbiagro.com.ve subastas compra y venta: tester','2015-03-17 22:40:00','2015-03-17 22:40:00',1,1);
INSERT INTO "images" VALUES(26,26,'App\Feature','products/6/201503171003030000-cdN8T3vrTd80jfBnYkMp.gif','image/gif','orbiagro.com.ve subastas compra y venta: tester','2015-03-17 22:40:00','2015-03-17 22:40:00',1,1);
INSERT INTO "images" VALUES(27,27,'App\Feature','products/6/201503171003030000-cCTOo6TQWrqvPRBxYUNu.gif','image/gif','orbiagro.com.ve subastas compra y venta: tester','2015-03-17 22:40:00','2015-03-17 22:40:00',1,1);
INSERT INTO "images" VALUES(28,28,'App\Feature','products/6/201503171003030000-kviWxLFLQevPTkkgUDKX.gif','image/gif','orbiagro.com.ve subastas compra y venta: tester','2015-03-17 22:40:00','2015-03-17 22:40:00',1,1);
INSERT INTO "images" VALUES(29,29,'App\Feature','products/6/201503171003030000-CjdBc1SkzdWlzLKK5ZOn.gif','image/gif','orbiagro.com.ve subastas compra y venta: tester','2015-03-17 22:40:00','2015-03-17 22:40:00',1,1);
INSERT INTO "images" VALUES(30,30,'App\Feature','products/6/201503171003030000-27QlQ8XDpip2RbRxVKAa.gif','image/gif','orbiagro.com.ve subastas compra y venta: tester','2015-03-17 22:40:00','2015-03-17 22:40:00',1,1);
INSERT INTO "images" VALUES(31,31,'App\Feature','products/7/201503171003030000-hYqOzwzFmpNzWHC1cPpE.gif','image/gif','orbiagro.com.ve subastas compra y venta: tester','2015-03-17 22:40:00','2015-03-17 22:40:00',1,1);
INSERT INTO "images" VALUES(32,32,'App\Feature','products/7/201503171003030000-c7fwjWqnTSYcROI5okmx.gif','image/gif','orbiagro.com.ve subastas compra y venta: tester','2015-03-17 22:40:00','2015-03-17 22:40:00',1,1);
INSERT INTO "images" VALUES(33,33,'App\Feature','products/7/201503171003030000-IqPDmbvDcDA8XB4eXtzY.gif','image/gif','orbiagro.com.ve subastas compra y venta: tester','2015-03-17 22:40:00','2015-03-17 22:40:00',1,1);
INSERT INTO "images" VALUES(34,34,'App\Feature','products/7/201503171003030000-tNTNInqxBT47EeB9CZu5.gif','image/gif','orbiagro.com.ve subastas compra y venta: tester','2015-03-17 22:40:00','2015-03-17 22:40:00',1,1);
INSERT INTO "images" VALUES(35,35,'App\Feature','products/7/201503171003030101-LG3H3b0jsvv5pDBNutpT.gif','image/gif','orbiagro.com.ve subastas compra y venta: tester','2015-03-17 22:40:01','2015-03-17 22:40:01',1,1);
CREATE TABLE "characteristics" ("id" integer not null primary key autoincrement, "product_id" integer not null, "height" integer null, "width" integer null, "depth" integer null, "weight" integer null, "units" integer null, "created_at" datetime not null, "updated_at" datetime not null, "created_by" integer not null, "updated_by" integer not null, foreign key("product_id") references "products"("id"), foreign key("created_by") references "users"("id"), foreign key("updated_by") references "users"("id"));
INSERT INTO "characteristics" VALUES(1,1,1,1,1,1,1,'2015-03-17 22:40:01','2015-03-17 22:40:01',1,1);
INSERT INTO "characteristics" VALUES(2,2,1,1,1,1,1,'2015-03-17 22:40:01','2015-03-17 22:40:01',1,1);
INSERT INTO "characteristics" VALUES(3,3,1,1,1,1,1,'2015-03-17 22:40:01','2015-03-17 22:40:01',1,1);
INSERT INTO "characteristics" VALUES(4,4,1,1,1,1,1,'2015-03-17 22:40:01','2015-03-17 22:40:01',1,1);
INSERT INTO "characteristics" VALUES(5,5,1,1,1,1,1,'2015-03-17 22:40:01','2015-03-17 22:40:01',1,1);
INSERT INTO "characteristics" VALUES(6,6,1,1,1,1,1,'2015-03-17 22:40:01','2015-03-17 22:40:01',1,1);
INSERT INTO "characteristics" VALUES(7,7,1,1,1,1,1,'2015-03-17 22:40:01','2015-03-17 22:40:01',1,1);
CREATE TABLE "features" ("id" integer not null primary key autoincrement, "product_id" integer not null, "title" varchar not null, "description" varchar not null, "created_at" datetime not null, "updated_at" datetime not null, "created_by" integer not null, "updated_by" integer not null, foreign key("product_id") references "products"("id"), foreign key("created_by") references "users"("id"), foreign key("updated_by") references "users"("id"));
INSERT INTO "features" VALUES(1,1,'tester','tester','2015-03-17 22:39:58','2015-03-17 22:39:58',1,1);
INSERT INTO "features" VALUES(2,1,'tester','tester','2015-03-17 22:39:58','2015-03-17 22:39:58',1,1);
INSERT INTO "features" VALUES(3,1,'tester','tester','2015-03-17 22:39:59','2015-03-17 22:39:59',1,1);
INSERT INTO "features" VALUES(4,1,'tester','tester','2015-03-17 22:39:59','2015-03-17 22:39:59',1,1);
INSERT INTO "features" VALUES(5,1,'tester','tester','2015-03-17 22:39:59','2015-03-17 22:39:59',1,1);
INSERT INTO "features" VALUES(6,2,'tester','tester','2015-03-17 22:39:59','2015-03-17 22:39:59',1,1);
INSERT INTO "features" VALUES(7,2,'tester','tester','2015-03-17 22:39:59','2015-03-17 22:39:59',1,1);
INSERT INTO "features" VALUES(8,2,'tester','tester','2015-03-17 22:39:59','2015-03-17 22:39:59',1,1);
INSERT INTO "features" VALUES(9,2,'tester','tester','2015-03-17 22:39:59','2015-03-17 22:39:59',1,1);
INSERT INTO "features" VALUES(10,2,'tester','tester','2015-03-17 22:39:59','2015-03-17 22:39:59',1,1);
INSERT INTO "features" VALUES(11,3,'tester','tester','2015-03-17 22:39:59','2015-03-17 22:39:59',1,1);
INSERT INTO "features" VALUES(12,3,'tester','tester','2015-03-17 22:39:59','2015-03-17 22:39:59',1,1);
INSERT INTO "features" VALUES(13,3,'tester','tester','2015-03-17 22:39:59','2015-03-17 22:39:59',1,1);
INSERT INTO "features" VALUES(14,3,'tester','tester','2015-03-17 22:39:59','2015-03-17 22:39:59',1,1);
INSERT INTO "features" VALUES(15,3,'tester','tester','2015-03-17 22:39:59','2015-03-17 22:39:59',1,1);
INSERT INTO "features" VALUES(16,4,'tester','tester','2015-03-17 22:39:59','2015-03-17 22:39:59',1,1);
INSERT INTO "features" VALUES(17,4,'tester','tester','2015-03-17 22:39:59','2015-03-17 22:39:59',1,1);
INSERT INTO "features" VALUES(18,4,'tester','tester','2015-03-17 22:39:59','2015-03-17 22:39:59',1,1);
INSERT INTO "features" VALUES(19,4,'tester','tester','2015-03-17 22:39:59','2015-03-17 22:39:59',1,1);
INSERT INTO "features" VALUES(20,4,'tester','tester','2015-03-17 22:40:00','2015-03-17 22:40:00',1,1);
INSERT INTO "features" VALUES(21,5,'tester','tester','2015-03-17 22:40:00','2015-03-17 22:40:00',1,1);
INSERT INTO "features" VALUES(22,5,'tester','tester','2015-03-17 22:40:00','2015-03-17 22:40:00',1,1);
INSERT INTO "features" VALUES(23,5,'tester','tester','2015-03-17 22:40:00','2015-03-17 22:40:00',1,1);
INSERT INTO "features" VALUES(24,5,'tester','tester','2015-03-17 22:40:00','2015-03-17 22:40:00',1,1);
INSERT INTO "features" VALUES(25,5,'tester','tester','2015-03-17 22:40:00','2015-03-17 22:40:00',1,1);
INSERT INTO "features" VALUES(26,6,'tester','tester','2015-03-17 22:40:00','2015-03-17 22:40:00',1,1);
INSERT INTO "features" VALUES(27,6,'tester','tester','2015-03-17 22:40:00','2015-03-17 22:40:00',1,1);
INSERT INTO "features" VALUES(28,6,'tester','tester','2015-03-17 22:40:00','2015-03-17 22:40:00',1,1);
INSERT INTO "features" VALUES(29,6,'tester','tester','2015-03-17 22:40:00','2015-03-17 22:40:00',1,1);
INSERT INTO "features" VALUES(30,6,'tester','tester','2015-03-17 22:40:00','2015-03-17 22:40:00',1,1);
INSERT INTO "features" VALUES(31,7,'tester','tester','2015-03-17 22:40:00','2015-03-17 22:40:00',1,1);
INSERT INTO "features" VALUES(32,7,'tester','tester','2015-03-17 22:40:00','2015-03-17 22:40:00',1,1);
INSERT INTO "features" VALUES(33,7,'tester','tester','2015-03-17 22:40:00','2015-03-17 22:40:00',1,1);
INSERT INTO "features" VALUES(34,7,'tester','tester','2015-03-17 22:40:00','2015-03-17 22:40:00',1,1);
INSERT INTO "features" VALUES(35,7,'tester','tester','2015-03-17 22:40:01','2015-03-17 22:40:01',1,1);
CREATE TABLE "mechanical_infos" ("id" integer not null primary key autoincrement, "product_id" integer not null, "motor" varchar null, "motor_serial" varchar null, "model" varchar null, "cylinders" integer null, "horsepower" integer null, "mileage" integer null, "traction" integer null, "lift" integer null, "created_at" datetime not null, "updated_at" datetime not null, "created_by" integer not null, "updated_by" integer not null, foreign key("product_id") references "products"("id"), foreign key("created_by") references "users"("id"), foreign key("updated_by") references "users"("id"));
INSERT INTO "mechanical_infos" VALUES(1,1,'1','1','1',1,1,1,1,1,'2015-03-17 22:40:01','2015-03-17 22:40:01',1,1);
INSERT INTO "mechanical_infos" VALUES(2,2,'1','1','1',1,1,1,1,1,'2015-03-17 22:40:01','2015-03-17 22:40:01',1,1);
INSERT INTO "mechanical_infos" VALUES(3,3,'1','1','1',1,1,1,1,1,'2015-03-17 22:40:01','2015-03-17 22:40:01',1,1);
INSERT INTO "mechanical_infos" VALUES(4,4,'1','1','1',1,1,1,1,1,'2015-03-17 22:40:01','2015-03-17 22:40:01',1,1);
INSERT INTO "mechanical_infos" VALUES(5,5,'1','1','1',1,1,1,1,1,'2015-03-17 22:40:01','2015-03-17 22:40:01',1,1);
INSERT INTO "mechanical_infos" VALUES(6,6,'1','1','1',1,1,1,1,1,'2015-03-17 22:40:01','2015-03-17 22:40:01',1,1);
INSERT INTO "mechanical_infos" VALUES(7,7,'1','1','1',1,1,1,1,1,'2015-03-17 22:40:01','2015-03-17 22:40:01',1,1);
CREATE TABLE "nutritionals" ("id" integer not null primary key autoincrement, "product_id" integer not null, "due" date null, "created_at" datetime not null, "updated_at" datetime not null, "created_by" integer not null, "updated_by" integer not null, foreign key("product_id") references "products"("id"), foreign key("created_by") references "users"("id"), foreign key("updated_by") references "users"("id"));
INSERT INTO "nutritionals" VALUES(1,1,'2015-03-17','2015-03-17 22:40:01','2015-03-17 22:40:01',1,1);
INSERT INTO "nutritionals" VALUES(2,2,'2015-03-17','2015-03-17 22:40:01','2015-03-17 22:40:01',1,1);
INSERT INTO "nutritionals" VALUES(3,3,'2015-03-17','2015-03-17 22:40:01','2015-03-17 22:40:01',1,1);
INSERT INTO "nutritionals" VALUES(4,4,'2015-03-17','2015-03-17 22:40:01','2015-03-17 22:40:01',1,1);
INSERT INTO "nutritionals" VALUES(5,5,'2015-03-17','2015-03-17 22:40:01','2015-03-17 22:40:01',1,1);
INSERT INTO "nutritionals" VALUES(6,6,'2015-03-17','2015-03-17 22:40:01','2015-03-17 22:40:01',1,1);
INSERT INTO "nutritionals" VALUES(7,7,'2015-03-17','2015-03-17 22:40:01','2015-03-17 22:40:01',1,1);
CREATE TABLE "visits" ("id" integer not null primary key autoincrement, "user_id" integer not null, "visitable_id" integer not null, "visitable_type" varchar not null, "total" integer not null, "created_at" datetime not null, "updated_at" datetime not null, foreign key("user_id") references "users"("id") on delete cascade);
INSERT INTO "visits" VALUES(1,1,1,'App\Product',1,'2015-03-17 22:40:01','2015-03-17 22:40:01');
CREATE TABLE "banks" ("id" integer not null primary key autoincrement, "description" varchar not null, "created_at" datetime not null, "updated_at" datetime not null);
INSERT INTO "banks" VALUES(1,'Sin Banco Asociado','2015-03-17 22:40:01','2015-03-17 22:40:01');
INSERT INTO "banks" VALUES(2,'Banco Gestora Sanches-Carreón','2015-03-17 22:40:01','2015-03-17 22:40:01');
INSERT INTO "banks" VALUES(3,'Banco Solano y Carrion','2015-03-17 22:40:01','2015-03-17 22:40:01');
INSERT INTO "banks" VALUES(4,'Banco Carretero-Oliver','2015-03-17 22:40:01','2015-03-17 22:40:01');
INSERT INTO "banks" VALUES(5,'Banco Canales-Vázquez S. de H.','2015-03-17 22:40:01','2015-03-17 22:40:01');
INSERT INTO "banks" VALUES(6,'Banco Partida de Conde SRL','2015-03-17 22:40:01','2015-03-17 22:40:01');
INSERT INTO "banks" VALUES(7,'Banco Empresa Alaniz','2015-03-17 22:40:01','2015-03-17 22:40:01');
INSERT INTO "banks" VALUES(8,'Banco Rodríquez y Salcido SA','2015-03-17 22:40:01','2015-03-17 22:40:01');
INSERT INTO "banks" VALUES(9,'Banco Empresa Cavazos-Espinal','2015-03-17 22:40:01','2015-03-17 22:40:01');
INSERT INTO "banks" VALUES(10,'Banco Pozo y Almanza','2015-03-17 22:40:01','2015-03-17 22:40:01');
INSERT INTO "banks" VALUES(11,'Banco Corporación Barragán','2015-03-17 22:40:01','2015-03-17 22:40:01');
CREATE TABLE "card_types" ("id" integer not null primary key autoincrement, "description" varchar not null, "created_at" datetime not null, "updated_at" datetime not null);
INSERT INTO "card_types" VALUES(1,'Visa','2015-03-17 22:40:01','2015-03-17 22:40:01');
INSERT INTO "card_types" VALUES(2,'MasterCard','2015-03-17 22:40:01','2015-03-17 22:40:01');
INSERT INTO "card_types" VALUES(3,'American Express','2015-03-17 22:40:01','2015-03-17 22:40:01');
INSERT INTO "card_types" VALUES(4,'Discover Card','2015-03-17 22:40:01','2015-03-17 22:40:01');
INSERT INTO "card_types" VALUES(5,'Debito','2015-03-17 22:40:01','2015-03-17 22:40:01');
CREATE TABLE "billings" ("id" integer not null primary key autoincrement, "user_id" integer not null, "bank_id" integer null, "card_type_id" integer null, "card_number" varchar null, "bank_account" varchar null, "expiration" varchar null, "comments" varchar null, "created_at" datetime not null, "updated_at" datetime not null, "created_by" integer not null, "updated_by" integer not null, foreign key("user_id") references "users"("id") on delete cascade, foreign key("bank_id") references "banks"("id"), foreign key("card_type_id") references "card_types"("id"), foreign key("created_by") references "users"("id"), foreign key("updated_by") references "users"("id"));
INSERT INTO "billings" VALUES(1,1,1,3,'5307623070141992','ES5371374319214886471776','08/16','Voluptatem totam id veniam aut qui quaerat. Iusto rem reiciendis in corrupti optio ipsa et dolorem. Eos animi consequatur nisi dolorem. Voluptas impedit expedita deserunt omnis.','2015-03-17 22:40:01','2015-03-17 22:40:01',1,1);
CREATE TABLE "maker_sub_category" ("maker_id" integer not null, "sub_category_id" integer not null, foreign key("maker_id") references "makers"("id"), foreign key("sub_category_id") references "sub_categories"("id"));
INSERT INTO "maker_sub_category" VALUES(1,1);
INSERT INTO "maker_sub_category" VALUES(2,1);
INSERT INTO "maker_sub_category" VALUES(3,2);
INSERT INTO "maker_sub_category" VALUES(4,2);
INSERT INTO "maker_sub_category" VALUES(5,3);
INSERT INTO "maker_sub_category" VALUES(6,3);
INSERT INTO "maker_sub_category" VALUES(7,4);
INSERT INTO "maker_sub_category" VALUES(8,4);
INSERT INTO "maker_sub_category" VALUES(9,5);
INSERT INTO "maker_sub_category" VALUES(10,5);
INSERT INTO "maker_sub_category" VALUES(11,6);
INSERT INTO "maker_sub_category" VALUES(12,6);
INSERT INTO "maker_sub_category" VALUES(13,7);
INSERT INTO "maker_sub_category" VALUES(14,7);
CREATE TABLE "product_sub_category" ("product_id" integer not null, "sub_category_id" integer not null, foreign key("product_id") references "products"("id"), foreign key("sub_category_id") references "sub_categories"("id"));
INSERT INTO "product_sub_category" VALUES(1,1);
INSERT INTO "product_sub_category" VALUES(2,2);
INSERT INTO "product_sub_category" VALUES(3,3);
INSERT INTO "product_sub_category" VALUES(4,4);
INSERT INTO "product_sub_category" VALUES(5,5);
INSERT INTO "product_sub_category" VALUES(6,6);
INSERT INTO "product_sub_category" VALUES(7,7);
CREATE TABLE "product_user" ("product_id" integer not null, "user_id" integer not null, "quantity" integer not null, "created_at" datetime not null, "updated_at" datetime not null, foreign key("product_id") references "products"("id") on delete cascade, foreign key("user_id") references "users"("id") on delete cascade);
INSERT INTO "product_user" VALUES(1,1,3,'2015-03-17 22:40:01','2015-03-17 22:40:01');
INSERT INTO "product_user" VALUES(2,1,1,'2015-03-17 22:40:01','2015-03-17 22:40:01');
INSERT INTO "product_user" VALUES(3,1,2,'2015-03-17 22:40:01','2015-03-17 22:40:01');
INSERT INTO "product_user" VALUES(4,1,1,'2015-03-17 22:40:01','2015-03-17 22:40:01');
INSERT INTO "product_user" VALUES(5,1,3,'2015-03-17 22:40:01','2015-03-17 22:40:01');
INSERT INTO "product_user" VALUES(6,1,1,'2015-03-17 22:40:01','2015-03-17 22:40:01');
INSERT INTO "product_user" VALUES(7,1,4,'2015-03-17 22:40:01','2015-03-17 22:40:01');
DELETE FROM sqlite_sequence;
INSERT INTO "sqlite_sequence" VALUES('profiles',3);
INSERT INTO "sqlite_sequence" VALUES('genders',2);
INSERT INTO "sqlite_sequence" VALUES('nationalities',2);
INSERT INTO "sqlite_sequence" VALUES('states',1);
INSERT INTO "sqlite_sequence" VALUES('towns',1);
INSERT INTO "sqlite_sequence" VALUES('parishes',1);
INSERT INTO "sqlite_sequence" VALUES('users',1);
INSERT INTO "sqlite_sequence" VALUES('people',1);
INSERT INTO "sqlite_sequence" VALUES('directions',8);
INSERT INTO "sqlite_sequence" VALUES('categories',2);
INSERT INTO "sqlite_sequence" VALUES('sub_categories',7);
INSERT INTO "sqlite_sequence" VALUES('makers',14);
INSERT INTO "sqlite_sequence" VALUES('products',7);
INSERT INTO "sqlite_sequence" VALUES('features',35);
INSERT INTO "sqlite_sequence" VALUES('images',35);
INSERT INTO "sqlite_sequence" VALUES('files',35);
INSERT INTO "sqlite_sequence" VALUES('characteristics',7);
INSERT INTO "sqlite_sequence" VALUES('nutritionals',7);
INSERT INTO "sqlite_sequence" VALUES('mechanical_infos',7);
INSERT INTO "sqlite_sequence" VALUES('banks',11);
INSERT INTO "sqlite_sequence" VALUES('card_types',5);
INSERT INTO "sqlite_sequence" VALUES('billings',1);
INSERT INTO "sqlite_sequence" VALUES('visits',1);
CREATE UNIQUE INDEX users_email_unique on "users" ("email");
CREATE INDEX password_resets_email_index on "password_resets" ("email");
CREATE INDEX password_resets_token_index on "password_resets" ("token");
CREATE INDEX product_user_product_id_index on "product_user" ("product_id");
CREATE INDEX product_user_user_id_index on "product_user" ("user_id");
COMMIT;
