PRAGMA foreign_keys=OFF;
BEGIN TRANSACTION;
CREATE TABLE "migrations" ("migration" varchar not null, "batch" integer not null);
INSERT INTO "migrations" VALUES('2014_10_12_000000_create_users_table',1);
INSERT INTO "migrations" VALUES('2014_10_12_100000_create_password_resets_table',1);
INSERT INTO "migrations" VALUES('2015_03_10_140153_create_genders_table',1);
INSERT INTO "migrations" VALUES('2015_03_10_142938_create_states_table',1);
INSERT INTO "migrations" VALUES('2015_03_10_154237_create_towns_table',1);
INSERT INTO "migrations" VALUES('2015_03_10_154410_create_parishes_table',1);
INSERT INTO "migrations" VALUES('2015_03_10_154455_create_directions_table',1);
INSERT INTO "migrations" VALUES('2015_03_10_154557_create_profiles_table',1);
INSERT INTO "migrations" VALUES('2015_03_10_173459_create_nationalities_table',1);
INSERT INTO "migrations" VALUES('2015_03_10_173503_create_people_table',1);
INSERT INTO "migrations" VALUES('2015_03_13_193841_create_makers_table',1);
INSERT INTO "migrations" VALUES('2015_03_13_194526_create_categories_table',1);
INSERT INTO "migrations" VALUES('2015_03_13_195124_create_sub_categories_table',1);
INSERT INTO "migrations" VALUES('2015_03_13_202223_create_products_table',1);
INSERT INTO "migrations" VALUES('2015_03_13_205446_create_promotions_table',1);
INSERT INTO "migrations" VALUES('2015_03_13_205519_create_product_promotion_table',1);
INSERT INTO "migrations" VALUES('2015_03_13_205737_create_files_table',1);
INSERT INTO "migrations" VALUES('2015_03_13_212413_create_images_table',1);
INSERT INTO "migrations" VALUES('2015_03_13_212630_create_characteristics_table',1);
INSERT INTO "migrations" VALUES('2015_03_13_214205_create_features_table',1);
INSERT INTO "migrations" VALUES('2015_03_13_214850_create_mechanical_infos_table',1);
INSERT INTO "migrations" VALUES('2015_03_13_215620_create_nutritionals_table',1);
INSERT INTO "migrations" VALUES('2015_03_13_220817_create_visits_table',1);
INSERT INTO "migrations" VALUES('2015_03_13_221555_create_banks_table',1);
INSERT INTO "migrations" VALUES('2015_03_13_221616_create_card_types_table',1);
INSERT INTO "migrations" VALUES('2015_03_13_221820_create_billings_table',1);
INSERT INTO "migrations" VALUES('2015_03_13_234614_create_maker_sub_category',1);
INSERT INTO "migrations" VALUES('2015_03_17_200518_create_product_user_pivot_table',1);
INSERT INTO "migrations" VALUES('2015_04_28_121249_create_map_details_table',1);
INSERT INTO "migrations" VALUES('2015_04_29_154414_user_confirmations_table',1);
CREATE TABLE "users" ("id" integer not null primary key autoincrement, "profile_id" integer not null, "name" varchar not null, "email" varchar not null, "password" varchar not null, "remember_token" varchar null, "created_at" datetime not null, "updated_at" datetime not null, "deleted_at" datetime null);
INSERT INTO "users" VALUES(1,1,'tester','tester@tester.com','$2y$10$mck1nZ6P7pJwqS9tBI8ZmuFH5jg80CzL3eRhpagkZZvsj5.JFO2n2',NULL,'current_timestampt','current_timestampt',NULL);
INSERT INTO "users" VALUES(2,2,'dummy','dummy@tester.com','$2y$10$miQuAkR31Yqw.A5eHjg5/.INa9VEYkaAytTYs20aOlArElLVsqokS',NULL,'current_timestampt','current_timestampt',NULL);
CREATE TABLE "password_resets" ("email" varchar not null, "token" varchar not null, "created_at" datetime not null);
CREATE TABLE "genders" ("id" integer not null primary key autoincrement, "description" varchar not null, "created_at" datetime not null, "updated_at" datetime not null);
INSERT INTO "genders" VALUES(1,'Masculino','2015-04-29 20:28:54','2015-04-29 20:28:54');
INSERT INTO "genders" VALUES(2,'Femenino','2015-04-29 20:28:54','2015-04-29 20:28:54');
CREATE TABLE "states" ("id" integer not null primary key autoincrement, "description" varchar not null, "created_at" datetime not null, "updated_at" datetime not null);
INSERT INTO "states" VALUES(1,'Distrito Capital','2015-04-30 00:58:54','2015-04-30 00:58:54');
CREATE TABLE "towns" ("id" integer not null primary key autoincrement, "state_id" integer not null, "description" varchar not null, "created_at" datetime not null, "updated_at" datetime not null, foreign key("state_id") references "states"("id"));
INSERT INTO "towns" VALUES(1,1,'Libertador','2015-04-30 00:58:55','2015-04-30 00:58:55');
CREATE TABLE "parishes" ("id" integer not null primary key autoincrement, "town_id" integer not null, "description" varchar not null, "created_at" datetime not null, "updated_at" datetime not null, foreign key("town_id") references "towns"("id"));
INSERT INTO "parishes" VALUES(1,1,'Altagracia','2015-04-30 00:58:55','2015-04-30 00:58:55');
CREATE TABLE "directions" ("id" integer not null primary key autoincrement, "directionable_id" integer not null, "directionable_type" varchar not null, "parish_id" integer not null, "details" varchar null, "created_at" datetime not null, "updated_at" datetime not null, "created_by" integer not null, "updated_by" integer not null, "deleted_at" datetime null, foreign key("parish_id") references "parishes"("id"), foreign key("created_by") references "users"("id"), foreign key("updated_by") references "users"("id"));
INSERT INTO "directions" VALUES(1,1,'App\Person',1,'Calle del tester.','2015-04-29 20:28:55','2015-04-29 20:28:55',1,1,NULL);
INSERT INTO "directions" VALUES(2,2,'App\Person',1,'Calle del dummy.','2015-04-29 20:28:56','2015-04-29 20:28:56',2,2,NULL);
INSERT INTO "directions" VALUES(3,1,'App\Product',1,'Praza Patiño, 703, Bajo 2º','2015-04-29 20:29:05','2015-04-29 20:29:05',1,1,NULL);
INSERT INTO "directions" VALUES(4,2,'App\Product',1,'Camino Valdés, 6, 0º F','2015-04-29 20:29:05','2015-04-29 20:29:05',1,1,NULL);
INSERT INTO "directions" VALUES(5,3,'App\Product',1,'Plaza Tovar, 00, 2º B','2015-04-29 20:29:05','2015-04-29 20:29:05',1,1,NULL);
INSERT INTO "directions" VALUES(6,4,'App\Product',1,'Camiño Mares, 2, 9º F','2015-04-29 20:29:06','2015-04-29 20:29:06',1,1,NULL);
INSERT INTO "directions" VALUES(7,5,'App\Product',1,'Passeig Costa, 399, 4º','2015-04-29 20:29:06','2015-04-29 20:29:06',1,1,NULL);
INSERT INTO "directions" VALUES(8,6,'App\Product',1,'Rúa Jorge, 188, 99º B','2015-04-29 20:29:06','2015-04-29 20:29:06',1,1,NULL);
INSERT INTO "directions" VALUES(9,7,'App\Product',1,'Camino Ortíz, 6, 96º 1º','2015-04-29 20:29:07','2015-04-29 20:29:07',1,1,NULL);
INSERT INTO "directions" VALUES(10,8,'App\Product',1,'Praza Martin, 6, 77º A','2015-04-29 20:29:07','2015-04-29 20:29:07',1,1,NULL);
CREATE TABLE "profiles" ("id" integer not null primary key autoincrement, "description" varchar not null, "created_at" datetime not null, "updated_at" datetime not null);
INSERT INTO "profiles" VALUES(1,'Administrador','2015-04-29 20:28:53','2015-04-29 20:28:53');
INSERT INTO "profiles" VALUES(2,'Usuario','2015-04-29 20:28:54','2015-04-29 20:28:54');
INSERT INTO "profiles" VALUES(3,'Desactivado','2015-04-29 20:28:54','2015-04-29 20:28:54');
CREATE TABLE "nationalities" ("id" integer not null primary key autoincrement, "description" varchar not null, "created_at" datetime not null, "updated_at" datetime not null);
INSERT INTO "nationalities" VALUES(1,'Venezolano','2015-04-29 20:28:54','2015-04-29 20:28:54');
INSERT INTO "nationalities" VALUES(2,'Extrangero','2015-04-29 20:28:54','2015-04-29 20:28:54');
CREATE TABLE "people" ("id" integer not null primary key autoincrement, "user_id" integer not null, "gender_id" integer not null, "nationality_id" integer not null, "first_name" varchar not null, "last_name" varchar null, "first_surname" varchar not null, "last_surname" varchar null, "identity_card" varchar not null, "phone" varchar null, "birth_date" date null, "created_at" datetime not null, "updated_at" datetime not null, foreign key("user_id") references "users"("id") on delete cascade, foreign key("gender_id") references "genders"("id"), foreign key("nationality_id") references "nationalities"("id"));
INSERT INTO "people" VALUES(1,1,1,1,'tester',NULL,'tester',NULL,'10000001','+58-(212)-111-2233','1999-09-09','current_timestampt','current_timestampt');
INSERT INTO "people" VALUES(2,2,1,1,'dummy',NULL,'dummy',NULL,'10000002','+58-(212)-444-5566','1999-09-09','current_timestampt','current_timestampt');
CREATE TABLE "makers" ("id" integer not null primary key autoincrement, "name" varchar not null, "slug" varchar not null, "domain" varchar null, "url" varchar null, "logo_path" varchar null, "logo_alt" varchar null, "created_at" datetime not null, "updated_at" datetime not null);
INSERT INTO "makers" VALUES(1,'Grupo Lugo-Nevárez','grupo-lugo-nevarez','global.es','http://www.magana.es/',NULL,NULL,'2015-04-29 20:28:58','2015-04-29 20:28:58');
INSERT INTO "makers" VALUES(2,'Segovia-Lozada y Asoc.','segovia-lozada-y-asoc','jaime.net','http://garica.org/aut-harum-facere-dolorem',NULL,NULL,'2015-04-29 20:28:58','2015-04-29 20:28:58');
INSERT INTO "makers" VALUES(3,'Grupo Valadez e Hija','grupo-valadez-e-hija','navas.es','https://www.air.org/provident-rerum-ea-dolor',NULL,NULL,'2015-04-29 20:28:59','2015-04-29 20:28:59');
INSERT INTO "makers" VALUES(4,'Vergara y Domínquez S. de H.','vergara-y-dominquez-s-de-h','sandoval.com','https://www.valadezguevara.es/et-sed-voluptas-quo-dolorem-perspiciatis-ullam-aut',NULL,NULL,'2015-04-29 20:28:59','2015-04-29 20:28:59');
INSERT INTO "makers" VALUES(5,'Saavedra-Pascual y Flia.','saavedra-pascual-y-flia','avalosvaladez.es','http://www.beltran.es/',NULL,NULL,'2015-04-29 20:29:00','2015-04-29 20:29:00');
INSERT INTO "makers" VALUES(6,'Viajes Madrid-Miguel','viajes-madrid-miguel','pelaez.com','http://www.botello.com/',NULL,NULL,'2015-04-29 20:29:00','2015-04-29 20:29:00');
INSERT INTO "makers" VALUES(7,'Prado, Ceja y Carbonell e Hijo','prado-ceja-y-carbonell-e-hijo','delacruzcarrero.es','http://corporacion.com.es/optio-illo-architecto-aut-minima-fugiat-sunt',NULL,NULL,'2015-04-29 20:29:01','2015-04-29 20:29:01');
INSERT INTO "makers" VALUES(8,'Clemente y Nieto y Asoc.','clemente-y-nieto-y-asoc','air.com','http://covarrubias.com.es/perferendis-et-pariatur-modi-amet-nesciunt-provident-est',NULL,NULL,'2015-04-29 20:29:01','2015-04-29 20:29:01');
INSERT INTO "makers" VALUES(9,'Asociación Bermejo-Amador','asociacion-bermejo-amador','corralesprieto.com.es','http://lemus.com/aut-molestiae-dignissimos-aliquid-molestiae-fugit-animi-atque.html',NULL,NULL,'2015-04-29 20:29:02','2015-04-29 20:29:02');
INSERT INTO "makers" VALUES(10,'Flores y Vanegas','flores-y-vanegas','dominguezesquivel.es','http://www.grupo.org/',NULL,NULL,'2015-04-29 20:29:02','2015-04-29 20:29:02');
INSERT INTO "makers" VALUES(11,'Global Marcos SA','global-marcos-sa','balderas.com','http://www.sanchezgracia.es/',NULL,NULL,'2015-04-29 20:29:03','2015-04-29 20:29:03');
INSERT INTO "makers" VALUES(12,'Casanova de Sedillo','casanova-de-sedillo','air.com','http://www.gimeno.com.es/ratione-similique-qui-illo-architecto-et',NULL,NULL,'2015-04-29 20:29:03','2015-04-29 20:29:03');
INSERT INTO "makers" VALUES(13,'Empresa Muro','empresa-muro','grupo.es','http://www.quinonezarmijo.org/',NULL,NULL,'2015-04-29 20:29:04','2015-04-29 20:29:04');
INSERT INTO "makers" VALUES(14,'Martí, Roldán y Sanches S. de H.','marti-roldan-y-sanches-s-de-h','moran.es','http://www.empresa.es/ipsa-nihil-esse-ducimus-enim-enim-repellat-occaecati',NULL,NULL,'2015-04-29 20:29:04','2015-04-29 20:29:04');
CREATE TABLE "categories" ("id" integer not null primary key autoincrement, "description" varchar not null, "slug" varchar not null, "created_at" datetime not null, "updated_at" datetime not null);
INSERT INTO "categories" VALUES(1,'Productos Agro-Industriales','productos-agro-industriales','2015-04-29 20:28:56','2015-04-29 20:28:56');
INSERT INTO "categories" VALUES(2,'Productos Alimenticios','productos-alimenticios','2015-04-29 20:28:56','2015-04-29 20:28:56');
CREATE TABLE "sub_categories" ("id" integer not null primary key autoincrement, "category_id" integer not null, "description" varchar not null, "slug" varchar not null, "created_at" datetime not null, "updated_at" datetime not null, foreign key("category_id") references "categories"("id") on delete cascade);
INSERT INTO "sub_categories" VALUES(1,1,'Maquinaria Pesada','maquinaria-pesada','2015-04-29 20:28:56','2015-04-29 20:28:56');
INSERT INTO "sub_categories" VALUES(2,1,'Tractores','tractores','2015-04-29 20:28:57','2015-04-29 20:28:57');
INSERT INTO "sub_categories" VALUES(3,1,'Maquinaria Ligera','maquinaria-ligera','2015-04-29 20:28:57','2015-04-29 20:28:57');
INSERT INTO "sub_categories" VALUES(4,2,'Chocolate','chocolate','2015-04-29 20:28:57','2015-04-29 20:28:57');
INSERT INTO "sub_categories" VALUES(5,2,'Arroz','arroz','2015-04-29 20:28:57','2015-04-29 20:28:57');
INSERT INTO "sub_categories" VALUES(6,2,'Avena','avena','2015-04-29 20:28:57','2015-04-29 20:28:57');
INSERT INTO "sub_categories" VALUES(7,2,'Soya','soya','2015-04-29 20:28:57','2015-04-29 20:28:57');
CREATE TABLE "products" ("id" integer not null primary key autoincrement, "user_id" integer not null, "maker_id" integer not null, "sub_category_id" integer not null, "title" varchar not null, "description" text not null, "price" float not null, "quantity" integer not null, "slug" varchar not null, "created_at" datetime not null, "updated_at" datetime not null, "created_by" integer not null, "updated_by" integer not null, "deleted_at" datetime null, foreign key("user_id") references "users"("id") on delete cascade, foreign key("maker_id") references "makers"("id"), foreign key("sub_category_id") references "sub_categories"("id"), foreign key("created_by") references "users"("id"), foreign key("updated_by") references "users"("id"));
INSERT INTO "products" VALUES(1,1,10,1,'Et dicta accusamus explicabo libero earum ut.','Et commodi ducimus quo provident distinctio. Dicta minima omnis dolores vel corrupti nostrum reiciendis. Nemo consectetur nulla repudiandae. Maxime sint fuga officia laudantium.',2618589317.69,8,'et-dicta-accusamus-explicabo-libero-earum-ut','2015-04-29 20:29:05','2015-04-29 20:29:05',1,1,NULL);
INSERT INTO "products" VALUES(2,1,2,2,'Autem voluptas illo maiores quibusdam quisquam.','Rem expedita optio fuga dolore. Eos ea minus est odit consequatur assumenda placeat. Nulla sed veritatis dolorem quia voluptas esse odio.',5535689001.07,18,'autem-voluptas-illo-maiores-quibusdam-quisquam','2015-04-29 20:29:05','2015-04-29 20:29:05',1,1,NULL);
INSERT INTO "products" VALUES(3,1,4,3,'Ratione illo iusto consequatur et.','Consectetur repudiandae enim quos laboriosam quod. Reiciendis quia molestiae exercitationem dicta ipsam praesentium velit. Assumenda fuga et sit adipisci.',9239090696.72,1,'ratione-illo-iusto-consequatur-et','2015-04-29 20:29:05','2015-04-29 20:29:05',1,1,NULL);
INSERT INTO "products" VALUES(4,1,12,4,'Rerum cum sunt voluptatem reprehenderit distinctio quos.','Quia dolorem ex libero rerum voluptas. Repellendus magnam in et est aut. Similique ea voluptates exercitationem. Officiis rerum ut minima sunt modi quam iure.',5507289241.44,14,'rerum-cum-sunt-voluptatem-reprehenderit-distinctio-quos','2015-04-29 20:29:05','2015-04-29 20:29:05',1,1,NULL);
INSERT INTO "products" VALUES(5,1,5,5,'Ducimus nihil omnis vitae doloremque dolorem.','Voluptas doloremque hic nostrum. Id enim accusamus ut exercitationem quam dolorem similique. Nemo blanditiis minima illo quo voluptatem eveniet non vitae.',7749852735.74,14,'ducimus-nihil-omnis-vitae-doloremque-dolorem','2015-04-29 20:29:06','2015-04-29 20:29:06',1,1,NULL);
INSERT INTO "products" VALUES(6,1,6,6,'Architecto aut voluptas aliquid assumenda harum iste laborum.','Est impedit voluptas harum facilis minima repellat. Nam non ipsam quaerat voluptas. Sed a minus velit. Aspernatur eum odio odio.',4794948871.97,1,'architecto-aut-voluptas-aliquid-assumenda-harum-iste-laborum','2015-04-29 20:29:06','2015-04-29 20:29:06',1,1,NULL);
INSERT INTO "products" VALUES(7,1,5,7,'Commodi ut omnis reprehenderit facere alias sed.','Ut quibusdam iure earum laboriosam corporis odit. Sunt possimus cupiditate minus facilis magnam asperiores. Consequatur maxime iusto hic voluptatem. Incidunt voluptatem corporis harum cum.',4643519091.73,18,'commodi-ut-omnis-reprehenderit-facere-alias-sed','2015-04-29 20:29:06','2015-04-29 20:29:06',1,1,NULL);
INSERT INTO "products" VALUES(8,1,1,1,'Repudiandae placeat dolorem distinctio ut esse.','Impedit voluptatem consequatur sed quisquam. Unde nulla excepturi enim. Error ut veritatis eos quia tempore.',3044671729.09,17,'repudiandae-placeat-dolorem-distinctio-ut-esse','2015-04-29 20:29:07','2015-04-29 20:29:07',1,1,NULL);
CREATE TABLE "promotions" ("id" integer not null primary key autoincrement, "title" varchar not null, "slug" varchar not null, "percentage" integer null, "static" integer null, "begins" date not null, "ends" date not null, "created_at" datetime not null, "updated_at" datetime not null);
INSERT INTO "promotions" VALUES(1,'Lleva 2, paga 3!','lleva-2-paga-3',10,100,'2011-04-29','2016-04-29','2015-04-29 20:29:39','2015-04-29 20:29:39');
CREATE TABLE "product_promotion" ("product_id" integer not null, "promotion_id" integer not null, foreign key("product_id") references "products"("id"), foreign key("promotion_id") references "promotions"("id"));
INSERT INTO "product_promotion" VALUES(1,1);
CREATE TABLE "files" ("id" integer not null primary key autoincrement, "fileable_id" integer not null, "fileable_type" varchar not null, "path" varchar not null, "mime" varchar not null, "created_at" datetime not null, "updated_at" datetime not null, "created_by" integer not null, "updated_by" integer not null, foreign key("created_by") references "users"("id"), foreign key("updated_by") references "users"("id"));
INSERT INTO "files" VALUES(1,1,'App\Feature','products/1/201504290804040808-0W5jsWQU91Z7Xf7Bc526.pdf','application/pdf','2015-04-29 20:29:08','2015-04-29 20:29:08',1,1);
INSERT INTO "files" VALUES(2,2,'App\Feature','products/1/201504290804040808-3cyt1eYoNWMApygsZBNq.pdf','application/pdf','2015-04-29 20:29:08','2015-04-29 20:29:08',1,1);
INSERT INTO "files" VALUES(3,3,'App\Feature','products/1/201504290804040909-wJFnL71OHjfVy8gAEKD3.pdf','application/pdf','2015-04-29 20:29:09','2015-04-29 20:29:09',1,1);
INSERT INTO "files" VALUES(4,4,'App\Feature','products/1/201504290804040909-0NwH3MM8UXyRwsez4zVC.pdf','application/pdf','2015-04-29 20:29:09','2015-04-29 20:29:09',1,1);
INSERT INTO "files" VALUES(5,5,'App\Feature','products/1/201504290804041010-aBtN3W913N1pkg2ggs7T.pdf','application/pdf','2015-04-29 20:29:10','2015-04-29 20:29:10',1,1);
INSERT INTO "files" VALUES(6,6,'App\Feature','products/2/201504290804041010-rwIT00urV2HemiW3V29h.pdf','application/pdf','2015-04-29 20:29:10','2015-04-29 20:29:10',1,1);
INSERT INTO "files" VALUES(7,7,'App\Feature','products/2/201504290804041010-o7Nbocj5Lw60uKQ9iXSj.pdf','application/pdf','2015-04-29 20:29:10','2015-04-29 20:29:10',1,1);
INSERT INTO "files" VALUES(8,8,'App\Feature','products/2/201504290804041111-EfvIQGUve0QRLvK5ztJJ.pdf','application/pdf','2015-04-29 20:29:11','2015-04-29 20:29:11',1,1);
INSERT INTO "files" VALUES(9,9,'App\Feature','products/2/201504290804041111-AuBN40Q11ZEg5Jmr73wl.pdf','application/pdf','2015-04-29 20:29:11','2015-04-29 20:29:11',1,1);
INSERT INTO "files" VALUES(10,10,'App\Feature','products/2/201504290804041212-9DlnYlFQWutFHoB6DTB2.pdf','application/pdf','2015-04-29 20:29:12','2015-04-29 20:29:12',1,1);
INSERT INTO "files" VALUES(11,11,'App\Feature','products/3/201504290804041212-ZMnzZFmOn03EkYlDrC2b.pdf','application/pdf','2015-04-29 20:29:12','2015-04-29 20:29:12',1,1);
INSERT INTO "files" VALUES(12,12,'App\Feature','products/3/201504290804041313-zjwHol8AGVgrhZnJO2tz.pdf','application/pdf','2015-04-29 20:29:13','2015-04-29 20:29:13',1,1);
INSERT INTO "files" VALUES(13,13,'App\Feature','products/3/201504290804041313-vqV2ZP1NZXVZicEED9NU.pdf','application/pdf','2015-04-29 20:29:13','2015-04-29 20:29:13',1,1);
INSERT INTO "files" VALUES(14,14,'App\Feature','products/3/201504290804041414-5EJw2S7D52ZxWQl7CpI2.pdf','application/pdf','2015-04-29 20:29:14','2015-04-29 20:29:14',1,1);
INSERT INTO "files" VALUES(15,15,'App\Feature','products/3/201504290804041414-xS6xqSvDmNwfnHrC6U6n.pdf','application/pdf','2015-04-29 20:29:14','2015-04-29 20:29:14',1,1);
INSERT INTO "files" VALUES(16,16,'App\Feature','products/4/201504290804041515-MhiQEnEIShiH7xIQVnez.pdf','application/pdf','2015-04-29 20:29:15','2015-04-29 20:29:15',1,1);
INSERT INTO "files" VALUES(17,17,'App\Feature','products/4/201504290804041616-DeClEdjT7pu5e49wIHNq.pdf','application/pdf','2015-04-29 20:29:16','2015-04-29 20:29:16',1,1);
INSERT INTO "files" VALUES(18,18,'App\Feature','products/4/201504290804041616-gHcxeKTsVqjLHU4cGuxJ.pdf','application/pdf','2015-04-29 20:29:16','2015-04-29 20:29:16',1,1);
INSERT INTO "files" VALUES(19,19,'App\Feature','products/4/201504290804041717-vPGjOsogOnf2v0JNKuuD.pdf','application/pdf','2015-04-29 20:29:17','2015-04-29 20:29:17',1,1);
INSERT INTO "files" VALUES(20,20,'App\Feature','products/4/201504290804041717-L8fHp3O42ENls5LZlSms.pdf','application/pdf','2015-04-29 20:29:17','2015-04-29 20:29:17',1,1);
INSERT INTO "files" VALUES(21,21,'App\Feature','products/5/201504290804041818-AdmD2I3UUwbjgJnpHtq0.pdf','application/pdf','2015-04-29 20:29:18','2015-04-29 20:29:18',1,1);
INSERT INTO "files" VALUES(22,22,'App\Feature','products/5/201504290804041818-brVWk5ddYZT2L4BL4GVM.pdf','application/pdf','2015-04-29 20:29:18','2015-04-29 20:29:18',1,1);
INSERT INTO "files" VALUES(23,23,'App\Feature','products/5/201504290804041919-kXRIlqirlggo72jawUnB.pdf','application/pdf','2015-04-29 20:29:19','2015-04-29 20:29:19',1,1);
INSERT INTO "files" VALUES(24,24,'App\Feature','products/5/201504290804041919-yFVN0JWa5AgMqSbJWUiK.pdf','application/pdf','2015-04-29 20:29:19','2015-04-29 20:29:19',1,1);
INSERT INTO "files" VALUES(25,25,'App\Feature','products/5/201504290804042020-RS5eFBmdy542EATRVNm7.pdf','application/pdf','2015-04-29 20:29:20','2015-04-29 20:29:20',1,1);
INSERT INTO "files" VALUES(26,26,'App\Feature','products/6/201504290804042020-ryzUce9QZBgZdDfQC6C9.pdf','application/pdf','2015-04-29 20:29:20','2015-04-29 20:29:20',1,1);
INSERT INTO "files" VALUES(27,27,'App\Feature','products/6/201504290804042121-apAWxh7R0mNocY6YbTRu.pdf','application/pdf','2015-04-29 20:29:21','2015-04-29 20:29:21',1,1);
INSERT INTO "files" VALUES(28,28,'App\Feature','products/6/201504290804042121-5sS6OdJACSyj1ERhr302.pdf','application/pdf','2015-04-29 20:29:21','2015-04-29 20:29:21',1,1);
INSERT INTO "files" VALUES(29,29,'App\Feature','products/6/201504290804042222-D1W3NXdrFJBYEFqtzLZp.pdf','application/pdf','2015-04-29 20:29:22','2015-04-29 20:29:22',1,1);
INSERT INTO "files" VALUES(30,30,'App\Feature','products/6/201504290804042222-85eOHJgO18e8m7hveQ6T.pdf','application/pdf','2015-04-29 20:29:22','2015-04-29 20:29:22',1,1);
INSERT INTO "files" VALUES(31,31,'App\Feature','products/7/201504290804042323-k6GLSIPWjvUtCXDiXxun.pdf','application/pdf','2015-04-29 20:29:23','2015-04-29 20:29:23',1,1);
INSERT INTO "files" VALUES(32,32,'App\Feature','products/7/201504290804042323-Uy6NObE6banEzdabhGmv.pdf','application/pdf','2015-04-29 20:29:23','2015-04-29 20:29:23',1,1);
INSERT INTO "files" VALUES(33,33,'App\Feature','products/7/201504290804042424-h75Yx4RVRKN9toSr065r.pdf','application/pdf','2015-04-29 20:29:24','2015-04-29 20:29:24',1,1);
INSERT INTO "files" VALUES(34,34,'App\Feature','products/7/201504290804042424-OHHAA1TWRc03xfhzg4i0.pdf','application/pdf','2015-04-29 20:29:24','2015-04-29 20:29:24',1,1);
INSERT INTO "files" VALUES(35,35,'App\Feature','products/7/201504290804042525-siVN6w0MfY3yj9GiDa2v.pdf','application/pdf','2015-04-29 20:29:25','2015-04-29 20:29:25',1,1);
INSERT INTO "files" VALUES(36,36,'App\Feature','products/8/201504290804042525-lMnIJgxEl9xgqEKjRdwq.pdf','application/pdf','2015-04-29 20:29:25','2015-04-29 20:29:25',1,1);
INSERT INTO "files" VALUES(37,37,'App\Feature','products/8/201504290804042626-CKTjajikFESzIJulqe7Q.pdf','application/pdf','2015-04-29 20:29:26','2015-04-29 20:29:26',1,1);
INSERT INTO "files" VALUES(38,38,'App\Feature','products/8/201504290804042626-UfvoDNodPMYWbarGExcq.pdf','application/pdf','2015-04-29 20:29:26','2015-04-29 20:29:26',1,1);
INSERT INTO "files" VALUES(39,39,'App\Feature','products/8/201504290804042727-xR9SGGUihaLukgFGBqu1.pdf','application/pdf','2015-04-29 20:29:27','2015-04-29 20:29:27',1,1);
INSERT INTO "files" VALUES(40,40,'App\Feature','products/8/201504290804042727-XRF3FlfAHjoUtNzfNk18.pdf','application/pdf','2015-04-29 20:29:27','2015-04-29 20:29:27',1,1);
INSERT INTO "files" VALUES(41,1,'App\Product','products/1/201504290804043737-DxLej7oGDzg4Q4A0SZ2Y.pdf','application/pdf','2015-04-29 20:29:37','2015-04-29 20:29:37',1,1);
INSERT INTO "files" VALUES(42,2,'App\Product','products/2/201504290804043737-Vj1g5bLAvqMLQsRP72fK.pdf','application/pdf','2015-04-29 20:29:37','2015-04-29 20:29:37',1,1);
INSERT INTO "files" VALUES(43,3,'App\Product','products/3/201504290804043737-DsG7x4xHBPdsMhBuUeuy.pdf','application/pdf','2015-04-29 20:29:37','2015-04-29 20:29:37',1,1);
INSERT INTO "files" VALUES(44,4,'App\Product','products/4/201504290804043838-hdRmxyvHsjhkiGw0eeyk.pdf','application/pdf','2015-04-29 20:29:38','2015-04-29 20:29:38',1,1);
INSERT INTO "files" VALUES(45,5,'App\Product','products/5/201504290804043838-aQfTtS3xJ7JvZvAdyIdu.pdf','application/pdf','2015-04-29 20:29:38','2015-04-29 20:29:38',1,1);
INSERT INTO "files" VALUES(46,6,'App\Product','products/6/201504290804043838-bn14m8ifgMSsfBeXXWBz.pdf','application/pdf','2015-04-29 20:29:38','2015-04-29 20:29:38',1,1);
INSERT INTO "files" VALUES(47,7,'App\Product','products/7/201504290804043939-Tav2NqwMonQwad9izSst.pdf','application/pdf','2015-04-29 20:29:39','2015-04-29 20:29:39',1,1);
INSERT INTO "files" VALUES(48,8,'App\Product','products/8/201504290804043939-uEimGCD7bj6WuCtrRmve.pdf','application/pdf','2015-04-29 20:29:39','2015-04-29 20:29:39',1,1);
CREATE TABLE "images" ("id" integer not null primary key autoincrement, "imageable_id" integer not null, "imageable_type" varchar not null, "path" varchar not null, "mime" varchar not null, "alt" varchar not null, "created_at" datetime not null, "updated_at" datetime not null, "created_by" integer not null, "updated_by" integer not null, foreign key("created_by") references "users"("id"), foreign key("updated_by") references "users"("id"));
INSERT INTO "images" VALUES(1,1,'App\Maker','makers/1/201504290804045858-NXUMuMT2k5lErqeOROPl.gif','image/gif','orbiagro.com.ve subastas compra y venta: grupo-lugo-nevarez','2015-04-29 20:28:58','2015-04-29 20:28:58',1,1);
INSERT INTO "images" VALUES(2,2,'App\Maker','makers/2/201504290804045959-4SrlE6CVAP7KiVkGv2FN.gif','image/gif','orbiagro.com.ve subastas compra y venta: segovia-lozada-y-asoc','2015-04-29 20:28:59','2015-04-29 20:28:59',1,1);
INSERT INTO "images" VALUES(3,3,'App\Maker','makers/3/201504290804045959-MKM1uUsB99Hm5KcGI8Su.gif','image/gif','orbiagro.com.ve subastas compra y venta: grupo-valadez-e-hija','2015-04-29 20:28:59','2015-04-29 20:28:59',1,1);
INSERT INTO "images" VALUES(4,4,'App\Maker','makers/4/201504290804040000-N3yBMzpzRu0tgFYHzJMY.gif','image/gif','orbiagro.com.ve subastas compra y venta: vergara-y-dominquez-s-de-h','2015-04-29 20:29:00','2015-04-29 20:29:00',1,1);
INSERT INTO "images" VALUES(5,5,'App\Maker','makers/5/201504290804040000-j2P1tUgrGzJYEF2zTYwu.gif','image/gif','orbiagro.com.ve subastas compra y venta: saavedra-pascual-y-flia','2015-04-29 20:29:00','2015-04-29 20:29:00',1,1);
INSERT INTO "images" VALUES(6,6,'App\Maker','makers/6/201504290804040101-iJvHIWSDnAJTspti1IXn.gif','image/gif','orbiagro.com.ve subastas compra y venta: viajes-madrid-miguel','2015-04-29 20:29:01','2015-04-29 20:29:01',1,1);
INSERT INTO "images" VALUES(7,7,'App\Maker','makers/7/201504290804040101-3IDWPVpOKSkuDlwDmLBd.gif','image/gif','orbiagro.com.ve subastas compra y venta: prado-ceja-y-carbonell-e-hijo','2015-04-29 20:29:01','2015-04-29 20:29:01',1,1);
INSERT INTO "images" VALUES(8,8,'App\Maker','makers/8/201504290804040202-UOzge5dDCNFVzt3Hov7M.gif','image/gif','orbiagro.com.ve subastas compra y venta: clemente-y-nieto-y-asoc','2015-04-29 20:29:02','2015-04-29 20:29:02',1,1);
INSERT INTO "images" VALUES(9,9,'App\Maker','makers/9/201504290804040202-f1NxlDqffNPnAQ2pJZAQ.gif','image/gif','orbiagro.com.ve subastas compra y venta: asociacion-bermejo-amador','2015-04-29 20:29:02','2015-04-29 20:29:02',1,1);
INSERT INTO "images" VALUES(10,10,'App\Maker','makers/10/201504290804040303-a0C02bwze7EYBgB27izN.gif','image/gif','orbiagro.com.ve subastas compra y venta: flores-y-vanegas','2015-04-29 20:29:03','2015-04-29 20:29:03',1,1);
INSERT INTO "images" VALUES(11,11,'App\Maker','makers/11/201504290804040303-EWGgjt3Mfu30WUNiF4z8.gif','image/gif','orbiagro.com.ve subastas compra y venta: global-marcos-sa','2015-04-29 20:29:03','2015-04-29 20:29:03',1,1);
INSERT INTO "images" VALUES(12,12,'App\Maker','makers/12/201504290804040303-GHPfODTSWOBD6RgLZveA.gif','image/gif','orbiagro.com.ve subastas compra y venta: casanova-de-sedillo','2015-04-29 20:29:03','2015-04-29 20:29:03',1,1);
INSERT INTO "images" VALUES(13,13,'App\Maker','makers/13/201504290804040404-AR7DunfTwvj69CMT3WyL.gif','image/gif','orbiagro.com.ve subastas compra y venta: empresa-muro','2015-04-29 20:29:04','2015-04-29 20:29:04',1,1);
INSERT INTO "images" VALUES(14,14,'App\Maker','makers/14/201504290804040404-MvoM5th4RAsJ4BueNhiY.gif','image/gif','orbiagro.com.ve subastas compra y venta: marti-roldan-y-sanches-s-de-h','2015-04-29 20:29:04','2015-04-29 20:29:04',1,1);
INSERT INTO "images" VALUES(15,1,'App\Feature','products/1/201504290804040808-tkpYPbhxKHIMACtfx0rZ.gif','image/gif','orbiagro.com.ve subastas compra y venta: tester','2015-04-29 20:29:08','2015-04-29 20:29:08',1,1);
INSERT INTO "images" VALUES(16,2,'App\Feature','products/1/201504290804040808-6BFnxVawVh3JnwMcy9xS.gif','image/gif','orbiagro.com.ve subastas compra y venta: tester','2015-04-29 20:29:08','2015-04-29 20:29:08',1,1);
INSERT INTO "images" VALUES(17,3,'App\Feature','products/1/201504290804040808-AJzUjvzpXCdQhpjZm1Ue.gif','image/gif','orbiagro.com.ve subastas compra y venta: tester','2015-04-29 20:29:08','2015-04-29 20:29:08',1,1);
INSERT INTO "images" VALUES(18,4,'App\Feature','products/1/201504290804040909-RYAly8VtllMK08hyaDRO.gif','image/gif','orbiagro.com.ve subastas compra y venta: tester','2015-04-29 20:29:09','2015-04-29 20:29:09',1,1);
INSERT INTO "images" VALUES(19,5,'App\Feature','products/1/201504290804040909-zkn394G7iJpiZMUPcjjH.gif','image/gif','orbiagro.com.ve subastas compra y venta: tester','2015-04-29 20:29:09','2015-04-29 20:29:09',1,1);
INSERT INTO "images" VALUES(20,6,'App\Feature','products/2/201504290804041010-b0au6x8jfrCYlZGwqj7v.gif','image/gif','orbiagro.com.ve subastas compra y venta: tester','2015-04-29 20:29:10','2015-04-29 20:29:10',1,1);
INSERT INTO "images" VALUES(21,7,'App\Feature','products/2/201504290804041010-D6ZyB1Qu1zktAZSQwJyY.gif','image/gif','orbiagro.com.ve subastas compra y venta: tester','2015-04-29 20:29:10','2015-04-29 20:29:10',1,1);
INSERT INTO "images" VALUES(22,8,'App\Feature','products/2/201504290804041111-Ac2iorUqWd9UG79NEHz3.gif','image/gif','orbiagro.com.ve subastas compra y venta: tester','2015-04-29 20:29:11','2015-04-29 20:29:11',1,1);
INSERT INTO "images" VALUES(23,9,'App\Feature','products/2/201504290804041111-LmVf5w8gcLDL6mAVAcxb.gif','image/gif','orbiagro.com.ve subastas compra y venta: tester','2015-04-29 20:29:11','2015-04-29 20:29:11',1,1);
INSERT INTO "images" VALUES(24,10,'App\Feature','products/2/201504290804041212-JuacTAYfOrsI4e2BxitF.gif','image/gif','orbiagro.com.ve subastas compra y venta: tester','2015-04-29 20:29:12','2015-04-29 20:29:12',1,1);
INSERT INTO "images" VALUES(25,11,'App\Feature','products/3/201504290804041212-J2LuRVyA3w8BipzjfJ7V.gif','image/gif','orbiagro.com.ve subastas compra y venta: tester','2015-04-29 20:29:12','2015-04-29 20:29:12',1,1);
INSERT INTO "images" VALUES(26,12,'App\Feature','products/3/201504290804041313-p6EoEXUlm4RHJ72CkQy5.gif','image/gif','orbiagro.com.ve subastas compra y venta: tester','2015-04-29 20:29:13','2015-04-29 20:29:13',1,1);
INSERT INTO "images" VALUES(27,13,'App\Feature','products/3/201504290804041313-A6mf3XncBCoRz8I8RAlU.gif','image/gif','orbiagro.com.ve subastas compra y venta: tester','2015-04-29 20:29:13','2015-04-29 20:29:13',1,1);
INSERT INTO "images" VALUES(28,14,'App\Feature','products/3/201504290804041414-31fO8GEIvZuYNviWIGvm.gif','image/gif','orbiagro.com.ve subastas compra y venta: tester','2015-04-29 20:29:14','2015-04-29 20:29:14',1,1);
INSERT INTO "images" VALUES(29,15,'App\Feature','products/3/201504290804041414-uwtfYRnyhpKt0pJ4ZVnU.gif','image/gif','orbiagro.com.ve subastas compra y venta: tester','2015-04-29 20:29:14','2015-04-29 20:29:14',1,1);
INSERT INTO "images" VALUES(30,16,'App\Feature','products/4/201504290804041515-jZBJsgNN5Q2LrOyFHI6x.gif','image/gif','orbiagro.com.ve subastas compra y venta: tester','2015-04-29 20:29:15','2015-04-29 20:29:15',1,1);
INSERT INTO "images" VALUES(31,17,'App\Feature','products/4/201504290804041616-wT2DKuTtNkastBDEzmFx.gif','image/gif','orbiagro.com.ve subastas compra y venta: tester','2015-04-29 20:29:16','2015-04-29 20:29:16',1,1);
INSERT INTO "images" VALUES(32,18,'App\Feature','products/4/201504290804041616-tUfsdegIKX7wXNqVsMYv.gif','image/gif','orbiagro.com.ve subastas compra y venta: tester','2015-04-29 20:29:16','2015-04-29 20:29:16',1,1);
INSERT INTO "images" VALUES(33,19,'App\Feature','products/4/201504290804041717-YXDIxHfMXaO4XNTh0RUl.gif','image/gif','orbiagro.com.ve subastas compra y venta: tester','2015-04-29 20:29:17','2015-04-29 20:29:17',1,1);
INSERT INTO "images" VALUES(34,20,'App\Feature','products/4/201504290804041717-Sg4x8pmnxSkaHxn5os8R.gif','image/gif','orbiagro.com.ve subastas compra y venta: tester','2015-04-29 20:29:17','2015-04-29 20:29:17',1,1);
INSERT INTO "images" VALUES(35,21,'App\Feature','products/5/201504290804041818-zJGHXsR15yGkOUux84uB.gif','image/gif','orbiagro.com.ve subastas compra y venta: tester','2015-04-29 20:29:18','2015-04-29 20:29:18',1,1);
INSERT INTO "images" VALUES(36,22,'App\Feature','products/5/201504290804041818-7whARo0Gmqa1ZoKkVvHI.gif','image/gif','orbiagro.com.ve subastas compra y venta: tester','2015-04-29 20:29:18','2015-04-29 20:29:18',1,1);
INSERT INTO "images" VALUES(37,23,'App\Feature','products/5/201504290804041919-xJfwuPn0q4aeqoUBNnht.gif','image/gif','orbiagro.com.ve subastas compra y venta: tester','2015-04-29 20:29:19','2015-04-29 20:29:19',1,1);
INSERT INTO "images" VALUES(38,24,'App\Feature','products/5/201504290804041919-shqGdqQY9ickkEQaO0pm.gif','image/gif','orbiagro.com.ve subastas compra y venta: tester','2015-04-29 20:29:19','2015-04-29 20:29:19',1,1);
INSERT INTO "images" VALUES(39,25,'App\Feature','products/5/201504290804042020-UoGZg0KZ3eWDO0VM6pFe.gif','image/gif','orbiagro.com.ve subastas compra y venta: tester','2015-04-29 20:29:20','2015-04-29 20:29:20',1,1);
INSERT INTO "images" VALUES(40,26,'App\Feature','products/6/201504290804042020-g4t44Z3SfwfnwWzeUt7p.gif','image/gif','orbiagro.com.ve subastas compra y venta: tester','2015-04-29 20:29:20','2015-04-29 20:29:20',1,1);
INSERT INTO "images" VALUES(41,27,'App\Feature','products/6/201504290804042121-05RGgC9lcmJMiBRN8Vha.gif','image/gif','orbiagro.com.ve subastas compra y venta: tester','2015-04-29 20:29:21','2015-04-29 20:29:21',1,1);
INSERT INTO "images" VALUES(42,28,'App\Feature','products/6/201504290804042121-dBvskoEnImLOPoYLZH0h.gif','image/gif','orbiagro.com.ve subastas compra y venta: tester','2015-04-29 20:29:21','2015-04-29 20:29:21',1,1);
INSERT INTO "images" VALUES(43,29,'App\Feature','products/6/201504290804042222-BlkQL1NluvmsBB5lVT9k.gif','image/gif','orbiagro.com.ve subastas compra y venta: tester','2015-04-29 20:29:22','2015-04-29 20:29:22',1,1);
INSERT INTO "images" VALUES(44,30,'App\Feature','products/6/201504290804042222-R9lFwQX8w04Uoy3D1s4O.gif','image/gif','orbiagro.com.ve subastas compra y venta: tester','2015-04-29 20:29:22','2015-04-29 20:29:22',1,1);
INSERT INTO "images" VALUES(45,31,'App\Feature','products/7/201504290804042323-dHl4KslR6yymt86VwS6t.gif','image/gif','orbiagro.com.ve subastas compra y venta: tester','2015-04-29 20:29:23','2015-04-29 20:29:23',1,1);
INSERT INTO "images" VALUES(46,32,'App\Feature','products/7/201504290804042323-feTmzLeiRL9j5phNiLMs.gif','image/gif','orbiagro.com.ve subastas compra y venta: tester','2015-04-29 20:29:23','2015-04-29 20:29:23',1,1);
INSERT INTO "images" VALUES(47,33,'App\Feature','products/7/201504290804042424-3trGdhZzLL9QAt2u7Crg.gif','image/gif','orbiagro.com.ve subastas compra y venta: tester','2015-04-29 20:29:24','2015-04-29 20:29:24',1,1);
INSERT INTO "images" VALUES(48,34,'App\Feature','products/7/201504290804042424-3IociHGoVLrKWPlNsIek.gif','image/gif','orbiagro.com.ve subastas compra y venta: tester','2015-04-29 20:29:24','2015-04-29 20:29:24',1,1);
INSERT INTO "images" VALUES(49,35,'App\Feature','products/7/201504290804042525-54qPZLNOdMSKlxF87vR2.gif','image/gif','orbiagro.com.ve subastas compra y venta: tester','2015-04-29 20:29:25','2015-04-29 20:29:25',1,1);
INSERT INTO "images" VALUES(50,36,'App\Feature','products/8/201504290804042525-z07nhKVmRdFYWmIyTqfb.gif','image/gif','orbiagro.com.ve subastas compra y venta: tester','2015-04-29 20:29:25','2015-04-29 20:29:25',1,1);
INSERT INTO "images" VALUES(51,37,'App\Feature','products/8/201504290804042626-I2Nr332MbUgeFjxsedpg.gif','image/gif','orbiagro.com.ve subastas compra y venta: tester','2015-04-29 20:29:26','2015-04-29 20:29:26',1,1);
INSERT INTO "images" VALUES(52,38,'App\Feature','products/8/201504290804042626-uOXN6NMtAD8SxpaCOmfY.gif','image/gif','orbiagro.com.ve subastas compra y venta: tester','2015-04-29 20:29:26','2015-04-29 20:29:26',1,1);
INSERT INTO "images" VALUES(53,39,'App\Feature','products/8/201504290804042727-yOX9QdnvDKjnYlJKzh4H.gif','image/gif','orbiagro.com.ve subastas compra y venta: tester','2015-04-29 20:29:27','2015-04-29 20:29:27',1,1);
INSERT INTO "images" VALUES(54,40,'App\Feature','products/8/201504290804042727-JJm3Xi1CV4AlHv44iJj0.gif','image/gif','orbiagro.com.ve subastas compra y venta: tester','2015-04-29 20:29:27','2015-04-29 20:29:27',1,1);
INSERT INTO "images" VALUES(55,1,'App\Product','products/1/201504290804043737-ZndEDxdrxXa6PpCgN2bH.gif','image/gif','orbiagro.com.ve subastas compra y venta: et-dicta-accusamus-explicabo-libero-earum-ut','2015-04-29 20:29:37','2015-04-29 20:29:37',1,1);
INSERT INTO "images" VALUES(56,2,'App\Product','products/2/201504290804043737-pwYxs68KQm2AxHlch1AG.gif','image/gif','orbiagro.com.ve subastas compra y venta: autem-voluptas-illo-maiores-quibusdam-quisquam','2015-04-29 20:29:37','2015-04-29 20:29:37',1,1);
INSERT INTO "images" VALUES(57,3,'App\Product','products/3/201504290804043737-iwE1db11ODnuzwIjwZEn.gif','image/gif','orbiagro.com.ve subastas compra y venta: ratione-illo-iusto-consequatur-et','2015-04-29 20:29:37','2015-04-29 20:29:37',1,1);
INSERT INTO "images" VALUES(58,4,'App\Product','products/4/201504290804043838-4mFcjBVXSRmLuML8VVsM.gif','image/gif','orbiagro.com.ve subastas compra y venta: rerum-cum-sunt-voluptatem-reprehenderit-distinctio-quos','2015-04-29 20:29:38','2015-04-29 20:29:38',1,1);
INSERT INTO "images" VALUES(59,5,'App\Product','products/5/201504290804043838-j6kmQasIkQIdnj0y2fjp.gif','image/gif','orbiagro.com.ve subastas compra y venta: ducimus-nihil-omnis-vitae-doloremque-dolorem','2015-04-29 20:29:38','2015-04-29 20:29:38',1,1);
INSERT INTO "images" VALUES(60,6,'App\Product','products/6/201504290804043838-drHWkIWHzFDKBB6hQSVL.gif','image/gif','orbiagro.com.ve subastas compra y venta: architecto-aut-voluptas-aliquid-assumenda-harum-iste-laborum','2015-04-29 20:29:38','2015-04-29 20:29:38',1,1);
INSERT INTO "images" VALUES(61,7,'App\Product','products/7/201504290804043939-540k4uvkMkxreD3IFkF2.gif','image/gif','orbiagro.com.ve subastas compra y venta: commodi-ut-omnis-reprehenderit-facere-alias-sed','2015-04-29 20:29:39','2015-04-29 20:29:39',1,1);
INSERT INTO "images" VALUES(62,8,'App\Product','products/8/201504290804043939-QWwdCcrShZNej9W73pdT.gif','image/gif','orbiagro.com.ve subastas compra y venta: repudiandae-placeat-dolorem-distinctio-ut-esse','2015-04-29 20:29:39','2015-04-29 20:29:39',1,1);
CREATE TABLE "characteristics" ("id" integer not null primary key autoincrement, "product_id" integer not null, "height" integer null, "width" integer null, "depth" integer null, "weight" integer null, "units" integer null, "created_at" datetime not null, "updated_at" datetime not null, "created_by" integer not null, "updated_by" integer not null, foreign key("product_id") references "products"("id"), foreign key("created_by") references "users"("id"), foreign key("updated_by") references "users"("id"));
INSERT INTO "characteristics" VALUES(1,1,1,1,1,1,1,'2015-04-29 20:29:27','2015-04-29 20:29:27',1,1);
INSERT INTO "characteristics" VALUES(2,2,1,1,1,1,1,'2015-04-29 20:29:28','2015-04-29 20:29:28',1,1);
INSERT INTO "characteristics" VALUES(3,3,1,1,1,1,1,'2015-04-29 20:29:28','2015-04-29 20:29:28',1,1);
INSERT INTO "characteristics" VALUES(4,4,1,1,1,1,1,'2015-04-29 20:29:28','2015-04-29 20:29:28',1,1);
INSERT INTO "characteristics" VALUES(5,5,1,1,1,1,1,'2015-04-29 20:29:28','2015-04-29 20:29:28',1,1);
INSERT INTO "characteristics" VALUES(6,6,1,1,1,1,1,'2015-04-29 20:29:28','2015-04-29 20:29:28',1,1);
INSERT INTO "characteristics" VALUES(7,7,1,1,1,1,1,'2015-04-29 20:29:28','2015-04-29 20:29:28',1,1);
INSERT INTO "characteristics" VALUES(8,8,1,1,1,1,1,'2015-04-29 20:29:29','2015-04-29 20:29:29',1,1);
CREATE TABLE "features" ("id" integer not null primary key autoincrement, "product_id" integer not null, "title" varchar not null, "description" varchar not null, "created_at" datetime not null, "updated_at" datetime not null, "created_by" integer not null, "updated_by" integer not null, foreign key("product_id") references "products"("id"), foreign key("created_by") references "users"("id"), foreign key("updated_by") references "users"("id"));
INSERT INTO "features" VALUES(1,1,'tester','tester','2015-04-29 20:29:07','2015-04-29 20:29:07',1,1);
INSERT INTO "features" VALUES(2,1,'tester','tester','2015-04-29 20:29:08','2015-04-29 20:29:08',1,1);
INSERT INTO "features" VALUES(3,1,'tester','tester','2015-04-29 20:29:08','2015-04-29 20:29:08',1,1);
INSERT INTO "features" VALUES(4,1,'tester','tester','2015-04-29 20:29:09','2015-04-29 20:29:09',1,1);
INSERT INTO "features" VALUES(5,1,'tester','tester','2015-04-29 20:29:09','2015-04-29 20:29:09',1,1);
INSERT INTO "features" VALUES(6,2,'tester','tester','2015-04-29 20:29:10','2015-04-29 20:29:10',1,1);
INSERT INTO "features" VALUES(7,2,'tester','tester','2015-04-29 20:29:10','2015-04-29 20:29:10',1,1);
INSERT INTO "features" VALUES(8,2,'tester','tester','2015-04-29 20:29:11','2015-04-29 20:29:11',1,1);
INSERT INTO "features" VALUES(9,2,'tester','tester','2015-04-29 20:29:11','2015-04-29 20:29:11',1,1);
INSERT INTO "features" VALUES(10,2,'tester','tester','2015-04-29 20:29:11','2015-04-29 20:29:11',1,1);
INSERT INTO "features" VALUES(11,3,'tester','tester','2015-04-29 20:29:12','2015-04-29 20:29:12',1,1);
INSERT INTO "features" VALUES(12,3,'tester','tester','2015-04-29 20:29:12','2015-04-29 20:29:12',1,1);
INSERT INTO "features" VALUES(13,3,'tester','tester','2015-04-29 20:29:13','2015-04-29 20:29:13',1,1);
INSERT INTO "features" VALUES(14,3,'tester','tester','2015-04-29 20:29:13','2015-04-29 20:29:13',1,1);
INSERT INTO "features" VALUES(15,3,'tester','tester','2015-04-29 20:29:14','2015-04-29 20:29:14',1,1);
INSERT INTO "features" VALUES(16,4,'tester','tester','2015-04-29 20:29:14','2015-04-29 20:29:14',1,1);
INSERT INTO "features" VALUES(17,4,'tester','tester','2015-04-29 20:29:16','2015-04-29 20:29:16',1,1);
INSERT INTO "features" VALUES(18,4,'tester','tester','2015-04-29 20:29:16','2015-04-29 20:29:16',1,1);
INSERT INTO "features" VALUES(19,4,'tester','tester','2015-04-29 20:29:16','2015-04-29 20:29:16',1,1);
INSERT INTO "features" VALUES(20,4,'tester','tester','2015-04-29 20:29:17','2015-04-29 20:29:17',1,1);
INSERT INTO "features" VALUES(21,5,'tester','tester','2015-04-29 20:29:17','2015-04-29 20:29:17',1,1);
INSERT INTO "features" VALUES(22,5,'tester','tester','2015-04-29 20:29:18','2015-04-29 20:29:18',1,1);
INSERT INTO "features" VALUES(23,5,'tester','tester','2015-04-29 20:29:19','2015-04-29 20:29:19',1,1);
INSERT INTO "features" VALUES(24,5,'tester','tester','2015-04-29 20:29:19','2015-04-29 20:29:19',1,1);
INSERT INTO "features" VALUES(25,5,'tester','tester','2015-04-29 20:29:20','2015-04-29 20:29:20',1,1);
INSERT INTO "features" VALUES(26,6,'tester','tester','2015-04-29 20:29:20','2015-04-29 20:29:20',1,1);
INSERT INTO "features" VALUES(27,6,'tester','tester','2015-04-29 20:29:21','2015-04-29 20:29:21',1,1);
INSERT INTO "features" VALUES(28,6,'tester','tester','2015-04-29 20:29:21','2015-04-29 20:29:21',1,1);
INSERT INTO "features" VALUES(29,6,'tester','tester','2015-04-29 20:29:21','2015-04-29 20:29:21',1,1);
INSERT INTO "features" VALUES(30,6,'tester','tester','2015-04-29 20:29:22','2015-04-29 20:29:22',1,1);
INSERT INTO "features" VALUES(31,7,'tester','tester','2015-04-29 20:29:22','2015-04-29 20:29:22',1,1);
INSERT INTO "features" VALUES(32,7,'tester','tester','2015-04-29 20:29:23','2015-04-29 20:29:23',1,1);
INSERT INTO "features" VALUES(33,7,'tester','tester','2015-04-29 20:29:23','2015-04-29 20:29:23',1,1);
INSERT INTO "features" VALUES(34,7,'tester','tester','2015-04-29 20:29:24','2015-04-29 20:29:24',1,1);
INSERT INTO "features" VALUES(35,7,'tester','tester','2015-04-29 20:29:24','2015-04-29 20:29:24',1,1);
INSERT INTO "features" VALUES(36,8,'tester','tester','2015-04-29 20:29:25','2015-04-29 20:29:25',1,1);
INSERT INTO "features" VALUES(37,8,'tester','tester','2015-04-29 20:29:25','2015-04-29 20:29:25',1,1);
INSERT INTO "features" VALUES(38,8,'tester','tester','2015-04-29 20:29:26','2015-04-29 20:29:26',1,1);
INSERT INTO "features" VALUES(39,8,'tester','tester','2015-04-29 20:29:26','2015-04-29 20:29:26',1,1);
INSERT INTO "features" VALUES(40,8,'tester','tester','2015-04-29 20:29:27','2015-04-29 20:29:27',1,1);
CREATE TABLE "mechanical_infos" ("id" integer not null primary key autoincrement, "product_id" integer not null, "motor" varchar null, "motor_serial" varchar null, "model" varchar null, "cylinders" integer null, "horsepower" integer null, "mileage" integer null, "traction" integer null, "lift" integer null, "created_at" datetime not null, "updated_at" datetime not null, "created_by" integer not null, "updated_by" integer not null, foreign key("product_id") references "products"("id"), foreign key("created_by") references "users"("id"), foreign key("updated_by") references "users"("id"));
INSERT INTO "mechanical_infos" VALUES(1,1,'1','1','1',1,1,1,1,1,'2015-04-29 20:29:30','2015-04-29 20:29:30',1,1);
INSERT INTO "mechanical_infos" VALUES(2,2,'1','1','1',1,1,1,1,1,'2015-04-29 20:29:30','2015-04-29 20:29:30',1,1);
INSERT INTO "mechanical_infos" VALUES(3,3,'1','1','1',1,1,1,1,1,'2015-04-29 20:29:30','2015-04-29 20:29:30',1,1);
INSERT INTO "mechanical_infos" VALUES(4,4,'1','1','1',1,1,1,1,1,'2015-04-29 20:29:31','2015-04-29 20:29:31',1,1);
INSERT INTO "mechanical_infos" VALUES(5,5,'1','1','1',1,1,1,1,1,'2015-04-29 20:29:31','2015-04-29 20:29:31',1,1);
INSERT INTO "mechanical_infos" VALUES(6,6,'1','1','1',1,1,1,1,1,'2015-04-29 20:29:31','2015-04-29 20:29:31',1,1);
INSERT INTO "mechanical_infos" VALUES(7,7,'1','1','1',1,1,1,1,1,'2015-04-29 20:29:31','2015-04-29 20:29:31',1,1);
INSERT INTO "mechanical_infos" VALUES(8,8,'1','1','1',1,1,1,1,1,'2015-04-29 20:29:31','2015-04-29 20:29:31',1,1);
CREATE TABLE "nutritionals" ("id" integer not null primary key autoincrement, "product_id" integer not null, "due" date null, "created_at" datetime not null, "updated_at" datetime not null, "created_by" integer not null, "updated_by" integer not null, foreign key("product_id") references "products"("id"), foreign key("created_by") references "users"("id"), foreign key("updated_by") references "users"("id"));
INSERT INTO "nutritionals" VALUES(1,1,'1999-09-09','2015-04-29 20:29:29','2015-04-29 20:29:29',1,1);
INSERT INTO "nutritionals" VALUES(2,2,'1999-09-09','2015-04-29 20:29:29','2015-04-29 20:29:29',1,1);
INSERT INTO "nutritionals" VALUES(3,3,'1999-09-09','2015-04-29 20:29:29','2015-04-29 20:29:29',1,1);
INSERT INTO "nutritionals" VALUES(4,4,'1999-09-09','2015-04-29 20:29:29','2015-04-29 20:29:29',1,1);
INSERT INTO "nutritionals" VALUES(5,5,'1999-09-09','2015-04-29 20:29:29','2015-04-29 20:29:29',1,1);
INSERT INTO "nutritionals" VALUES(6,6,'1999-09-09','2015-04-29 20:29:30','2015-04-29 20:29:30',1,1);
INSERT INTO "nutritionals" VALUES(7,7,'1999-09-09','2015-04-29 20:29:30','2015-04-29 20:29:30',1,1);
INSERT INTO "nutritionals" VALUES(8,8,'1999-09-09','2015-04-29 20:29:30','2015-04-29 20:29:30',1,1);
CREATE TABLE "visits" ("id" integer not null primary key autoincrement, "user_id" integer not null, "visitable_id" integer not null, "visitable_type" varchar not null, "total" integer not null, "created_at" datetime not null, "updated_at" datetime not null, foreign key("user_id") references "users"("id") on delete cascade);
INSERT INTO "visits" VALUES(1,1,1,'App\Product',1,'2015-04-29 20:29:36','2015-04-29 20:29:36');
CREATE TABLE "banks" ("id" integer not null primary key autoincrement, "description" varchar not null, "created_at" datetime not null, "updated_at" datetime not null);
INSERT INTO "banks" VALUES(1,'Sin Banco Asociado','2015-04-29 20:29:32','2015-04-29 20:29:32');
INSERT INTO "banks" VALUES(2,'Banco Garica-Cornejo SA','2015-04-29 20:29:32','2015-04-29 20:29:32');
INSERT INTO "banks" VALUES(3,'Banco Centro Otero S. de H.','2015-04-29 20:29:32','2015-04-29 20:29:32');
INSERT INTO "banks" VALUES(4,'Banco Asociación Viera-Loera','2015-04-29 20:29:32','2015-04-29 20:29:32');
INSERT INTO "banks" VALUES(5,'Banco Gaitán de Ocampo','2015-04-29 20:29:32','2015-04-29 20:29:32');
INSERT INTO "banks" VALUES(6,'Banco Ojeda de Cuenca S. de H.','2015-04-29 20:29:32','2015-04-29 20:29:32');
INSERT INTO "banks" VALUES(7,'Banco Grupo Páez','2015-04-29 20:29:33','2015-04-29 20:29:33');
INSERT INTO "banks" VALUES(8,'Banco Reyes de Escudero','2015-04-29 20:29:33','2015-04-29 20:29:33');
INSERT INTO "banks" VALUES(9,'Banco Mojica y Contreras S. de H.','2015-04-29 20:29:33','2015-04-29 20:29:33');
INSERT INTO "banks" VALUES(10,'Banco Portillo y Balderas e Hija','2015-04-29 20:29:33','2015-04-29 20:29:33');
INSERT INTO "banks" VALUES(11,'Banco Grupo Coronado y Asoc.','2015-04-29 20:29:33','2015-04-29 20:29:33');
CREATE TABLE "card_types" ("id" integer not null primary key autoincrement, "description" varchar not null, "created_at" datetime not null, "updated_at" datetime not null);
INSERT INTO "card_types" VALUES(1,'Visa','2015-04-29 20:29:33','2015-04-29 20:29:33');
INSERT INTO "card_types" VALUES(2,'MasterCard','2015-04-29 20:29:34','2015-04-29 20:29:34');
INSERT INTO "card_types" VALUES(3,'American Express','2015-04-29 20:29:34','2015-04-29 20:29:34');
INSERT INTO "card_types" VALUES(4,'Discover Card','2015-04-29 20:29:34','2015-04-29 20:29:34');
INSERT INTO "card_types" VALUES(5,'Debito','2015-04-29 20:29:34','2015-04-29 20:29:34');
INSERT INTO "card_types" VALUES(6,'Sin Tarjeta Asociada','2015-04-29 20:29:34','2015-04-29 20:29:34');
CREATE TABLE "billings" ("id" integer not null primary key autoincrement, "user_id" integer not null, "bank_id" integer null, "card_type_id" integer null, "card_number" varchar null, "bank_account" varchar null, "expiration" varchar null, "comments" varchar null, "created_at" datetime not null, "updated_at" datetime not null, "created_by" integer not null, "updated_by" integer not null, foreign key("user_id") references "users"("id") on delete cascade, foreign key("bank_id") references "banks"("id"), foreign key("card_type_id") references "card_types"("id"), foreign key("created_by") references "users"("id"), foreign key("updated_by") references "users"("id"));
INSERT INTO "billings" VALUES(1,1,1,6,'4485233338477','ES3230405457548573265559','09/17','Qui ipsam voluptatibus culpa voluptatem totam voluptatem. Ea minima officiis iusto vitae temporibus non. Culpa sequi enim vel voluptatem est. Ea fugit alias beatae qui minima consequuntur.','2015-04-29 20:29:34','2015-04-29 20:29:34',1,1);
INSERT INTO "billings" VALUES(2,2,1,6,'4556829679943','ES7681521232059011338798','04/18','Et debitis ullam id sequi eos. Labore repellendus illum iure vel ut. Ut aliquid soluta et sunt et itaque. Eaque amet iure quia quibusdam et optio.','2015-04-29 20:29:35','2015-04-29 20:29:35',2,2);
CREATE TABLE "maker_sub_category" ("maker_id" integer not null, "sub_category_id" integer not null, foreign key("maker_id") references "makers"("id"), foreign key("sub_category_id") references "sub_categories"("id"));
INSERT INTO "maker_sub_category" VALUES(1,1);
INSERT INTO "maker_sub_category" VALUES(2,1);
INSERT INTO "maker_sub_category" VALUES(3,2);
INSERT INTO "maker_sub_category" VALUES(4,2);
INSERT INTO "maker_sub_category" VALUES(5,3);
INSERT INTO "maker_sub_category" VALUES(6,3);
INSERT INTO "maker_sub_category" VALUES(7,4);
INSERT INTO "maker_sub_category" VALUES(8,4);
INSERT INTO "maker_sub_category" VALUES(9,5);
INSERT INTO "maker_sub_category" VALUES(10,5);
INSERT INTO "maker_sub_category" VALUES(11,6);
INSERT INTO "maker_sub_category" VALUES(12,6);
INSERT INTO "maker_sub_category" VALUES(13,7);
INSERT INTO "maker_sub_category" VALUES(14,7);
CREATE TABLE "product_user" ("product_id" integer not null, "user_id" integer not null, "quantity" integer not null, "created_at" datetime not null, "updated_at" datetime not null, foreign key("product_id") references "products"("id") on delete cascade, foreign key("user_id") references "users"("id") on delete cascade);
INSERT INTO "product_user" VALUES(1,1,5,'2015-04-29 20:29:35','2015-04-29 20:29:35');
INSERT INTO "product_user" VALUES(2,1,4,'2015-04-29 20:29:35','2015-04-29 20:29:35');
INSERT INTO "product_user" VALUES(3,1,5,'2015-04-29 20:29:35','2015-04-29 20:29:35');
INSERT INTO "product_user" VALUES(4,1,5,'2015-04-29 20:29:35','2015-04-29 20:29:35');
INSERT INTO "product_user" VALUES(5,1,4,'2015-04-29 20:29:36','2015-04-29 20:29:36');
INSERT INTO "product_user" VALUES(6,1,1,'2015-04-29 20:29:36','2015-04-29 20:29:36');
INSERT INTO "product_user" VALUES(7,1,2,'2015-04-29 20:29:36','2015-04-29 20:29:36');
INSERT INTO "product_user" VALUES(8,1,3,'2015-04-29 20:29:36','2015-04-29 20:29:36');
CREATE TABLE "map_details" ("id" integer not null primary key autoincrement, "direction_id" integer not null, "latitude" float not null, "longitude" float not null, "zoom" integer not null, "created_at" datetime not null, "updated_at" datetime not null, foreign key("direction_id") references "directions"("id") on delete cascade);
INSERT INTO "map_details" VALUES(1,10,10.492315,-66.932899,12,'2015-04-29 20:29:07','2015-04-29 20:29:07');
CREATE TABLE "user_confirmations" ("id" integer not null primary key autoincrement, "user_id" integer not null, "data" varchar null, foreign key("user_id") references "users"("id") on delete cascade);
DELETE FROM sqlite_sequence;
INSERT INTO "sqlite_sequence" VALUES('profiles',3);
INSERT INTO "sqlite_sequence" VALUES('genders',2);
INSERT INTO "sqlite_sequence" VALUES('nationalities',2);
INSERT INTO "sqlite_sequence" VALUES('states',1);
INSERT INTO "sqlite_sequence" VALUES('towns',1);
INSERT INTO "sqlite_sequence" VALUES('parishes',1);
INSERT INTO "sqlite_sequence" VALUES('users',2);
INSERT INTO "sqlite_sequence" VALUES('people',2);
INSERT INTO "sqlite_sequence" VALUES('directions',10);
INSERT INTO "sqlite_sequence" VALUES('categories',2);
INSERT INTO "sqlite_sequence" VALUES('sub_categories',7);
INSERT INTO "sqlite_sequence" VALUES('makers',14);
INSERT INTO "sqlite_sequence" VALUES('images',62);
INSERT INTO "sqlite_sequence" VALUES('products',8);
INSERT INTO "sqlite_sequence" VALUES('map_details',1);
INSERT INTO "sqlite_sequence" VALUES('features',40);
INSERT INTO "sqlite_sequence" VALUES('files',48);
INSERT INTO "sqlite_sequence" VALUES('characteristics',8);
INSERT INTO "sqlite_sequence" VALUES('nutritionals',8);
INSERT INTO "sqlite_sequence" VALUES('mechanical_infos',8);
INSERT INTO "sqlite_sequence" VALUES('banks',11);
INSERT INTO "sqlite_sequence" VALUES('card_types',6);
INSERT INTO "sqlite_sequence" VALUES('billings',2);
INSERT INTO "sqlite_sequence" VALUES('visits',1);
INSERT INTO "sqlite_sequence" VALUES('promotions',1);
CREATE UNIQUE INDEX users_email_unique on "users" ("email");
CREATE INDEX password_resets_email_index on "password_resets" ("email");
CREATE INDEX password_resets_token_index on "password_resets" ("token");
CREATE INDEX product_user_product_id_index on "product_user" ("product_id");
CREATE INDEX product_user_user_id_index on "product_user" ("user_id");
CREATE INDEX user_confirmations_user_id_index on "user_confirmations" ("user_id");
COMMIT;
