PRAGMA foreign_keys=OFF;
BEGIN TRANSACTION;
CREATE TABLE "migrations" ("migration" varchar not null, "batch" integer not null);
INSERT INTO "migrations" VALUES('2014_10_12_000000_create_users_table',1);
INSERT INTO "migrations" VALUES('2014_10_12_100000_create_password_resets_table',1);
INSERT INTO "migrations" VALUES('2015_03_10_140153_create_genders_table',1);
INSERT INTO "migrations" VALUES('2015_03_10_142938_create_states_table',1);
INSERT INTO "migrations" VALUES('2015_03_10_154237_create_towns_table',1);
INSERT INTO "migrations" VALUES('2015_03_10_154410_create_parishes_table',1);
INSERT INTO "migrations" VALUES('2015_03_10_154455_create_directions_table',1);
INSERT INTO "migrations" VALUES('2015_03_10_154557_create_profiles_table',1);
INSERT INTO "migrations" VALUES('2015_03_10_173459_create_nationalities_table',1);
INSERT INTO "migrations" VALUES('2015_03_10_173503_create_people_table',1);
INSERT INTO "migrations" VALUES('2015_03_13_193841_create_makers_table',1);
INSERT INTO "migrations" VALUES('2015_03_13_194526_create_categories_table',1);
INSERT INTO "migrations" VALUES('2015_03_13_195124_create_sub_categories_table',1);
INSERT INTO "migrations" VALUES('2015_03_13_202223_create_products_table',1);
INSERT INTO "migrations" VALUES('2015_03_13_203000_create_promo_types_table',1);
INSERT INTO "migrations" VALUES('2015_03_13_205446_create_promotions_table',1);
INSERT INTO "migrations" VALUES('2015_03_13_205519_create_product_promotion_table',1);
INSERT INTO "migrations" VALUES('2015_03_13_205737_create_files_table',1);
INSERT INTO "migrations" VALUES('2015_03_13_212413_create_images_table',1);
INSERT INTO "migrations" VALUES('2015_03_13_212630_create_characteristics_table',1);
INSERT INTO "migrations" VALUES('2015_03_13_214205_create_features_table',1);
INSERT INTO "migrations" VALUES('2015_03_13_214850_create_mechanical_infos_table',1);
INSERT INTO "migrations" VALUES('2015_03_13_215620_create_nutritionals_table',1);
INSERT INTO "migrations" VALUES('2015_03_13_220817_create_visits_table',1);
INSERT INTO "migrations" VALUES('2015_03_13_221555_create_banks_table',1);
INSERT INTO "migrations" VALUES('2015_03_13_221616_create_card_types_table',1);
INSERT INTO "migrations" VALUES('2015_03_13_221820_create_billings_table',1);
INSERT INTO "migrations" VALUES('2015_03_13_234614_create_maker_sub_category',1);
INSERT INTO "migrations" VALUES('2015_03_17_200518_create_product_user_pivot_table',1);
INSERT INTO "migrations" VALUES('2015_04_28_121249_create_map_details_table',1);
INSERT INTO "migrations" VALUES('2015_04_29_154414_user_confirmations_table',1);
CREATE TABLE "users" ("id" integer not null primary key autoincrement, "profile_id" integer not null, "name" varchar not null, "email" varchar not null, "password" varchar not null, "remember_token" varchar null, "created_at" datetime not null, "updated_at" datetime not null, "deleted_at" datetime null);
INSERT INTO "users" VALUES(1,1,'tester','tester@tester.com','$2y$10$hJYs0OJtqB19TiwbsSxdi.bm02KaD/ypTy000H8ZnKNOT9.GOvj4O',NULL,'current_timestampt','current_timestampt',NULL);
INSERT INTO "users" VALUES(2,2,'dummy','dummy@tester.com','$2y$10$JJzVIqgGVCnXE4Dac3UOT.tusCfNNT9kmKL.rDBPCuk4vi4hxZkPa',NULL,'current_timestampt','current_timestampt',NULL);
CREATE TABLE "password_resets" ("email" varchar not null, "token" varchar not null, "created_at" datetime not null);
CREATE TABLE "genders" ("id" integer not null primary key autoincrement, "description" varchar not null, "created_at" datetime not null, "updated_at" datetime not null);
INSERT INTO "genders" VALUES(1,'Masculino','2015-05-20 17:35:08','2015-05-20 17:35:08');
INSERT INTO "genders" VALUES(2,'Femenino','2015-05-20 17:35:09','2015-05-20 17:35:09');
CREATE TABLE "states" ("id" integer not null primary key autoincrement, "description" varchar not null, "created_at" datetime not null, "updated_at" datetime not null);
INSERT INTO "states" VALUES(1,'Distrito Capital','2015-05-20 22:05:09','2015-05-20 22:05:09');
CREATE TABLE "towns" ("id" integer not null primary key autoincrement, "state_id" integer not null, "description" varchar not null, "created_at" datetime not null, "updated_at" datetime not null, foreign key("state_id") references "states"("id"));
INSERT INTO "towns" VALUES(1,1,'Libertador','2015-05-20 22:05:09','2015-05-20 22:05:09');
CREATE TABLE "parishes" ("id" integer not null primary key autoincrement, "town_id" integer not null, "description" varchar not null, "created_at" datetime not null, "updated_at" datetime not null, foreign key("town_id") references "towns"("id"));
INSERT INTO "parishes" VALUES(1,1,'Altagracia','2015-05-20 22:05:09','2015-05-20 22:05:09');
CREATE TABLE "directions" ("id" integer not null primary key autoincrement, "directionable_id" integer not null, "directionable_type" varchar not null, "parish_id" integer not null, "details" varchar null, "created_at" datetime not null, "updated_at" datetime not null, "created_by" integer not null, "updated_by" integer not null, "deleted_at" datetime null, foreign key("parish_id") references "parishes"("id"), foreign key("created_by") references "users"("id"), foreign key("updated_by") references "users"("id"));
INSERT INTO "directions" VALUES(1,1,'App\Person',1,'Calle del tester.','2015-05-20 17:35:11','2015-05-20 17:35:11',1,1,NULL);
INSERT INTO "directions" VALUES(2,2,'App\Person',1,'Calle del dummy.','2015-05-20 17:35:11','2015-05-20 17:35:11',2,2,NULL);
INSERT INTO "directions" VALUES(3,1,'App\Product',1,'Carrer Oriol, 206, 3º D','2015-05-20 17:35:20','2015-05-20 17:35:20',1,1,NULL);
INSERT INTO "directions" VALUES(4,2,'App\Product',1,'Camino Briones, 01, 5º D','2015-05-20 17:35:21','2015-05-20 17:35:21',1,1,NULL);
INSERT INTO "directions" VALUES(5,3,'App\Product',1,'Ruela Tamayo, 135, 6º F','2015-05-20 17:35:21','2015-05-20 17:35:21',1,1,NULL);
INSERT INTO "directions" VALUES(6,4,'App\Product',1,'Avinguda Rodrígez, 59, 68º D','2015-05-20 17:35:21','2015-05-20 17:35:21',1,1,NULL);
INSERT INTO "directions" VALUES(7,5,'App\Product',1,'Camiño Romo, 8, 7º','2015-05-20 17:35:22','2015-05-20 17:35:22',1,1,NULL);
INSERT INTO "directions" VALUES(8,6,'App\Product',1,'Camino Joan, 11, 8º 5º','2015-05-20 17:35:22','2015-05-20 17:35:22',1,1,NULL);
INSERT INTO "directions" VALUES(9,7,'App\Product',1,'Passeig Carlota, 199, Bajo 1º','2015-05-20 17:35:22','2015-05-20 17:35:22',1,1,NULL);
INSERT INTO "directions" VALUES(10,8,'App\Product',1,'Carrer Olivo, 4, 81º E','2015-05-20 17:35:22','2015-05-20 17:35:22',1,1,NULL);
CREATE TABLE "profiles" ("id" integer not null primary key autoincrement, "description" varchar not null, "created_at" datetime not null, "updated_at" datetime not null);
INSERT INTO "profiles" VALUES(1,'Administrador','2015-05-20 17:35:08','2015-05-20 17:35:08');
INSERT INTO "profiles" VALUES(2,'Usuario','2015-05-20 17:35:08','2015-05-20 17:35:08');
INSERT INTO "profiles" VALUES(3,'Desactivado','2015-05-20 17:35:08','2015-05-20 17:35:08');
CREATE TABLE "nationalities" ("id" integer not null primary key autoincrement, "description" varchar not null, "created_at" datetime not null, "updated_at" datetime not null);
INSERT INTO "nationalities" VALUES(1,'Venezolano','2015-05-20 17:35:09','2015-05-20 17:35:09');
INSERT INTO "nationalities" VALUES(2,'Extrangero','2015-05-20 17:35:09','2015-05-20 17:35:09');
CREATE TABLE "people" ("id" integer not null primary key autoincrement, "user_id" integer not null, "gender_id" integer not null, "nationality_id" integer not null, "first_name" varchar not null, "last_name" varchar null, "first_surname" varchar not null, "last_surname" varchar null, "identity_card" varchar not null, "phone" varchar null, "birth_date" date null, "created_at" datetime not null, "updated_at" datetime not null, foreign key("user_id") references "users"("id") on delete cascade, foreign key("gender_id") references "genders"("id"), foreign key("nationality_id") references "nationalities"("id"));
INSERT INTO "people" VALUES(1,1,1,1,'tester',NULL,'tester',NULL,'10000001','+58-(212)-111-2233','1999-09-09','current_timestampt','current_timestampt');
INSERT INTO "people" VALUES(2,2,1,1,'dummy',NULL,'dummy',NULL,'10000002','+58-(212)-444-5566','1999-09-09','current_timestampt','current_timestampt');
CREATE TABLE "makers" ("id" integer not null primary key autoincrement, "name" varchar not null, "slug" varchar not null, "domain" varchar null, "url" varchar null, "logo_path" varchar null, "logo_alt" varchar null, "created_at" datetime not null, "updated_at" datetime not null);
INSERT INTO "makers" VALUES(1,'Cuenca de Ruvalcaba','cuenca-de-ruvalcaba','global.org','http://carvajalvalle.es/',NULL,NULL,'2015-05-20 17:35:13','2015-05-20 17:35:13');
INSERT INTO "makers" VALUES(2,'Centro Pereira','centro-pereira','lealtellez.com','https://villar.com/dolores-fugiat-et-beatae-quia-dolor-praesentium.html',NULL,NULL,'2015-05-20 17:35:13','2015-05-20 17:35:13');
INSERT INTO "makers" VALUES(3,'Leiva-Gómez y Flia.','leiva-gomez-y-flia','global.es','https://www.solano.es/reprehenderit-fuga-sed-vero-sequi-sit',NULL,NULL,'2015-05-20 17:35:14','2015-05-20 17:35:14');
INSERT INTO "makers" VALUES(4,'Global Zarate y Flia.','global-zarate-y-flia','calderon.com','http://www.corporacion.com.es/dolore-omnis-dicta-ea-quia-quas-eum',NULL,NULL,'2015-05-20 17:35:14','2015-05-20 17:35:14');
INSERT INTO "makers" VALUES(5,'Cuevas, Zarate y Maldonado e Hija','cuevas-zarate-y-maldonado-e-hija','mata.com','http://www.almaraz.org/',NULL,NULL,'2015-05-20 17:35:15','2015-05-20 17:35:15');
INSERT INTO "makers" VALUES(6,'Gaytán de Hernandes e Hijos','gaytan-de-hernandes-e-hijos','delarosadelagarza.com','http://www.villar.org/',NULL,NULL,'2015-05-20 17:35:15','2015-05-20 17:35:15');
INSERT INTO "makers" VALUES(7,'Esteban, Velázquez y Castañeda SA','esteban-velazquez-y-castaneda-sa','villegas.net','http://castillo.com/',NULL,NULL,'2015-05-20 17:35:16','2015-05-20 17:35:16');
INSERT INTO "makers" VALUES(8,'Solorio y Carranza SRL','solorio-y-carranza-srl','briseno.com','http://moral.com/',NULL,NULL,'2015-05-20 17:35:16','2015-05-20 17:35:16');
INSERT INTO "makers" VALUES(9,'Santillán de Bueno','santillan-de-bueno','velazquez.com','http://burgos.com/quia-provident-velit-dolore-et-quia',NULL,NULL,'2015-05-20 17:35:17','2015-05-20 17:35:17');
INSERT INTO "makers" VALUES(10,'Rivero-Cuesta','rivero-cuesta','rosas.es','https://www.corporacion.com.es/incidunt-molestiae-sed-quod-et',NULL,NULL,'2015-05-20 17:35:17','2015-05-20 17:35:17');
INSERT INTO "makers" VALUES(11,'Gestora Soto','gestora-soto','sanchezaranda.org','http://www.viajes.org/omnis-autem-expedita-enim-consequatur-ut',NULL,NULL,'2015-05-20 17:35:18','2015-05-20 17:35:18');
INSERT INTO "makers" VALUES(12,'Moya de Esteban','moya-de-esteban','ulibarri.es','http://ortiz.org/',NULL,NULL,'2015-05-20 17:35:18','2015-05-20 17:35:18');
INSERT INTO "makers" VALUES(13,'Hinojosa-Montenegro e Hijo','hinojosa-montenegro-e-hijo','santiago.com','https://www.reinamartos.com.es/est-cumque-et-molestiae',NULL,NULL,'2015-05-20 17:35:19','2015-05-20 17:35:19');
INSERT INTO "makers" VALUES(14,'Noriega-Gil','noriega-gil','viajes.com','http://www.empresa.com/',NULL,NULL,'2015-05-20 17:35:19','2015-05-20 17:35:19');
CREATE TABLE "categories" ("id" integer not null primary key autoincrement, "description" varchar not null, "slug" varchar not null, "created_at" datetime not null, "updated_at" datetime not null);
INSERT INTO "categories" VALUES(1,'Productos Agro-Industriales','productos-agro-industriales','2015-05-20 17:35:11','2015-05-20 17:35:11');
INSERT INTO "categories" VALUES(2,'Productos Alimenticios','productos-alimenticios','2015-05-20 17:35:12','2015-05-20 17:35:12');
CREATE TABLE "sub_categories" ("id" integer not null primary key autoincrement, "category_id" integer not null, "description" varchar not null, "slug" varchar not null, "created_at" datetime not null, "updated_at" datetime not null, foreign key("category_id") references "categories"("id") on delete cascade);
INSERT INTO "sub_categories" VALUES(1,1,'Maquinaria Pesada','maquinaria-pesada','2015-05-20 17:35:12','2015-05-20 17:35:12');
INSERT INTO "sub_categories" VALUES(2,1,'Tractores','tractores','2015-05-20 17:35:12','2015-05-20 17:35:12');
INSERT INTO "sub_categories" VALUES(3,1,'Maquinaria Ligera','maquinaria-ligera','2015-05-20 17:35:12','2015-05-20 17:35:12');
INSERT INTO "sub_categories" VALUES(4,2,'Chocolate','chocolate','2015-05-20 17:35:12','2015-05-20 17:35:12');
INSERT INTO "sub_categories" VALUES(5,2,'Arroz','arroz','2015-05-20 17:35:12','2015-05-20 17:35:12');
INSERT INTO "sub_categories" VALUES(6,2,'Avena','avena','2015-05-20 17:35:13','2015-05-20 17:35:13');
INSERT INTO "sub_categories" VALUES(7,2,'Soya','soya','2015-05-20 17:35:13','2015-05-20 17:35:13');
CREATE TABLE "products" ("id" integer not null primary key autoincrement, "user_id" integer not null, "maker_id" integer not null, "sub_category_id" integer not null, "title" varchar not null, "description" text not null, "price" float not null, "quantity" integer not null, "slug" varchar not null, "created_at" datetime not null, "updated_at" datetime not null, "created_by" integer not null, "updated_by" integer not null, "deleted_at" datetime null, foreign key("user_id") references "users"("id") on delete cascade, foreign key("maker_id") references "makers"("id"), foreign key("sub_category_id") references "sub_categories"("id"), foreign key("created_by") references "users"("id"), foreign key("updated_by") references "users"("id"));
INSERT INTO "products" VALUES(1,1,14,1,'Tempora possimus rerum minus maiores qui suscipit.','Dicta beatae aut quasi vitae ratione soluta corrupti. Velit quia et porro facere unde quos laboriosam. At voluptas labore fugiat debitis doloremque est. Dolorum dolorem qui et error autem.',9055987995.76,9,'tempora-possimus-rerum-minus-maiores-qui-suscipit','2015-05-20 17:35:20','2015-05-20 17:35:20',1,1,NULL);
INSERT INTO "products" VALUES(2,1,3,2,'Laboriosam dignissimos laboriosam excepturi reiciendis nobis.','Quos non quam enim accusamus ut qui sunt. Cum odio cum sunt ipsam non. Magni id beatae ex vel quam sit. Vero minus ab ipsa ratione.',6283761432.74,11,'laboriosam-dignissimos-laboriosam-excepturi-reiciendis-nobis','2015-05-20 17:35:20','2015-05-20 17:35:20',1,1,NULL);
INSERT INTO "products" VALUES(3,1,6,3,'Aliquid facere reprehenderit et sed dolore.','Dicta similique dolore tenetur ex vero. Sunt maiores libero fuga aut eligendi qui. Voluptatem nesciunt esse eum accusantium voluptas.',8180364424.13,7,'aliquid-facere-reprehenderit-et-sed-dolore','2015-05-20 17:35:21','2015-05-20 17:35:21',1,1,NULL);
INSERT INTO "products" VALUES(4,1,12,4,'Et quis nobis dicta.','Sed quia in occaecati blanditiis. Repellat et voluptatum sint reprehenderit vero et omnis. Rerum qui non dolorem optio ut asperiores.',9582615064.68,4,'et-quis-nobis-dicta','2015-05-20 17:35:21','2015-05-20 17:35:21',1,1,NULL);
INSERT INTO "products" VALUES(5,1,6,5,'Corrupti nobis aperiam amet sint.','At dolores nesciunt quidem. Voluptas explicabo porro dolorem. Voluptatem dolore temporibus recusandae qui nemo inventore praesentium. Officia veritatis laborum modi consequatur enim quas magnam.',844704465.6,4,'corrupti-nobis-aperiam-amet-sint','2015-05-20 17:35:21','2015-05-20 17:35:21',1,1,NULL);
INSERT INTO "products" VALUES(6,1,6,6,'Ullam ut est delectus aut architecto.','Nam ullam reiciendis dolores in ullam. Nihil quisquam iste aut impedit. Voluptatem exercitationem sunt est architecto corporis rem. Dolores itaque consequatur est impedit nulla corrupti.',8633461737.13,15,'ullam-ut-est-delectus-aut-architecto','2015-05-20 17:35:22','2015-05-20 17:35:22',1,1,NULL);
INSERT INTO "products" VALUES(7,1,9,7,'Eos laudantium et voluptates.','Possimus est aperiam rem soluta. Modi voluptatem soluta praesentium est officia debitis tenetur. Corrupti eum ipsam nihil deleniti quibusdam est laboriosam.',2813576942.56,6,'eos-laudantium-et-voluptates','2015-05-20 17:35:22','2015-05-20 17:35:22',1,1,NULL);
INSERT INTO "products" VALUES(8,1,1,1,'Id quia velit facilis modi.','Perferendis ut praesentium sit voluptatem. Vel quasi aspernatur maxime eum aut. Blanditiis et recusandae nihil molestiae.',8221584667.75,19,'id-quia-velit-facilis-modi','2015-05-20 17:35:22','2015-05-20 17:35:22',1,1,NULL);
CREATE TABLE "promo_types" ("id" integer not null primary key autoincrement, "description" varchar not null, "created_at" datetime not null, "updated_at" datetime not null);
INSERT INTO "promo_types" VALUES(1,'Producto sin imagen','2015-05-20 17:35:54','2015-05-20 17:35:54');
INSERT INTO "promo_types" VALUES(2,'1:1 300x300','2015-05-20 17:35:54','2015-05-20 17:35:54');
INSERT INTO "promo_types" VALUES(3,'4:1 1200x300','2015-05-20 17:35:55','2015-05-20 17:35:55');
INSERT INTO "promo_types" VALUES(4,'4:3 640x480','2015-05-20 17:35:55','2015-05-20 17:35:55');
INSERT INTO "promo_types" VALUES(5,'12:5 1200x500','2015-05-20 17:35:55','2015-05-20 17:35:55');
INSERT INTO "promo_types" VALUES(6,'13:5 1300x500','2015-05-20 17:35:55','2015-05-20 17:35:55');
INSERT INTO "promo_types" VALUES(7,'16:9 1280x720','2015-05-20 17:35:55','2015-05-20 17:35:55');
INSERT INTO "promo_types" VALUES(8,'verano','2015-05-20 17:35:56','2015-05-20 17:35:56');
INSERT INTO "promo_types" VALUES(9,'otoño','2015-05-20 17:35:56','2015-05-20 17:35:56');
INSERT INTO "promo_types" VALUES(10,'invierno','2015-05-20 17:35:56','2015-05-20 17:35:56');
INSERT INTO "promo_types" VALUES(11,'primavera','2015-05-20 17:35:56','2015-05-20 17:35:56');
CREATE TABLE "promotions" ("id" integer not null primary key autoincrement, "promo_type_id" integer not null, "title" varchar not null, "slug" varchar not null, "percentage" integer null, "static" integer null, "begins" date not null, "ends" date not null, "created_at" datetime not null, "updated_at" datetime not null, foreign key("promo_type_id") references "promo_types"("id"));
INSERT INTO "promotions" VALUES(1,11,'Lleva 2, paga 3!','lleva-2-paga-3',10,100,'2011-05-20','2016-05-20','2015-05-20 17:35:56','2015-05-20 17:35:56');
CREATE TABLE "product_promotion" ("product_id" integer not null, "promotion_id" integer not null, foreign key("product_id") references "products"("id"), foreign key("promotion_id") references "promotions"("id"));
INSERT INTO "product_promotion" VALUES(1,1);
CREATE TABLE "files" ("id" integer not null primary key autoincrement, "fileable_id" integer not null, "fileable_type" varchar not null, "path" varchar not null, "mime" varchar not null, "created_at" datetime not null, "updated_at" datetime not null, "created_by" integer not null, "updated_by" integer not null, foreign key("created_by") references "users"("id"), foreign key("updated_by") references "users"("id"));
INSERT INTO "files" VALUES(1,1,'App\Feature','products/1/201505200505052323-qdZEVx7ZA74MZKCDPIMg.pdf','application/pdf','2015-05-20 17:35:23','2015-05-20 17:35:23',1,1);
INSERT INTO "files" VALUES(2,2,'App\Feature','products/1/201505200505052424-o8h6Ju1Dp1NDqBvIx1kd.pdf','application/pdf','2015-05-20 17:35:24','2015-05-20 17:35:24',1,1);
INSERT INTO "files" VALUES(3,3,'App\Feature','products/1/201505200505052424-t72aAgUcfJpEXNvHkru5.pdf','application/pdf','2015-05-20 17:35:24','2015-05-20 17:35:24',1,1);
INSERT INTO "files" VALUES(4,4,'App\Feature','products/1/201505200505052525-xnItmtcMYD23LCs01alN.pdf','application/pdf','2015-05-20 17:35:25','2015-05-20 17:35:25',1,1);
INSERT INTO "files" VALUES(5,5,'App\Feature','products/1/201505200505052525-vWLkv9N6lQvBxtc5iGll.pdf','application/pdf','2015-05-20 17:35:25','2015-05-20 17:35:25',1,1);
INSERT INTO "files" VALUES(6,6,'App\Feature','products/2/201505200505052626-RajpcsWa2myGneodifvF.pdf','application/pdf','2015-05-20 17:35:26','2015-05-20 17:35:26',1,1);
INSERT INTO "files" VALUES(7,7,'App\Feature','products/2/201505200505052626-s2oVSbEbysgtvKJ41a2s.pdf','application/pdf','2015-05-20 17:35:26','2015-05-20 17:35:26',1,1);
INSERT INTO "files" VALUES(8,8,'App\Feature','products/2/201505200505052727-1Ugh4Crgf85bMkNwzbRz.pdf','application/pdf','2015-05-20 17:35:27','2015-05-20 17:35:27',1,1);
INSERT INTO "files" VALUES(9,9,'App\Feature','products/2/201505200505052727-tQfsu81jJiqocCkmh4Gd.pdf','application/pdf','2015-05-20 17:35:27','2015-05-20 17:35:27',1,1);
INSERT INTO "files" VALUES(10,10,'App\Feature','products/2/201505200505052828-Dgf9Uvig2QQW2WnWM8Mt.pdf','application/pdf','2015-05-20 17:35:28','2015-05-20 17:35:28',1,1);
INSERT INTO "files" VALUES(11,11,'App\Feature','products/3/201505200505052828-0BrCr76lM05UmQjGbKxZ.pdf','application/pdf','2015-05-20 17:35:28','2015-05-20 17:35:28',1,1);
INSERT INTO "files" VALUES(12,12,'App\Feature','products/3/201505200505052828-uMCNWeyfBmiR5R0bbRzi.pdf','application/pdf','2015-05-20 17:35:28','2015-05-20 17:35:28',1,1);
INSERT INTO "files" VALUES(13,13,'App\Feature','products/3/201505200505052929-uiMM7hFeTyyQmTvB323Z.pdf','application/pdf','2015-05-20 17:35:29','2015-05-20 17:35:29',1,1);
INSERT INTO "files" VALUES(14,14,'App\Feature','products/3/201505200505052929-kcxh1fOarJagZwIOxEeF.pdf','application/pdf','2015-05-20 17:35:29','2015-05-20 17:35:29',1,1);
INSERT INTO "files" VALUES(15,15,'App\Feature','products/3/201505200505053030-sKH5XqrhEU28bUEviR0o.pdf','application/pdf','2015-05-20 17:35:30','2015-05-20 17:35:30',1,1);
INSERT INTO "files" VALUES(16,16,'App\Feature','products/4/201505200505053030-koH01TjXZlcq7vbuiS3l.pdf','application/pdf','2015-05-20 17:35:30','2015-05-20 17:35:30',1,1);
INSERT INTO "files" VALUES(17,17,'App\Feature','products/4/201505200505053131-eQQXx3A42auzAEi9JXm7.pdf','application/pdf','2015-05-20 17:35:31','2015-05-20 17:35:31',1,1);
INSERT INTO "files" VALUES(18,18,'App\Feature','products/4/201505200505053131-MmNgHAy3r9IEVUlYVGel.pdf','application/pdf','2015-05-20 17:35:31','2015-05-20 17:35:31',1,1);
INSERT INTO "files" VALUES(19,19,'App\Feature','products/4/201505200505053232-9hOPI6DEYKyKJyvT8fOL.pdf','application/pdf','2015-05-20 17:35:32','2015-05-20 17:35:32',1,1);
INSERT INTO "files" VALUES(20,20,'App\Feature','products/4/201505200505053232-aCun61XatBFJKOep1B1B.pdf','application/pdf','2015-05-20 17:35:32','2015-05-20 17:35:32',1,1);
INSERT INTO "files" VALUES(21,21,'App\Feature','products/5/201505200505053333-QrJILBFDfnkslf7PcyYS.pdf','application/pdf','2015-05-20 17:35:33','2015-05-20 17:35:33',1,1);
INSERT INTO "files" VALUES(22,22,'App\Feature','products/5/201505200505053434-0bKf8rhkIl5ixL4d07Mr.pdf','application/pdf','2015-05-20 17:35:34','2015-05-20 17:35:34',1,1);
INSERT INTO "files" VALUES(23,23,'App\Feature','products/5/201505200505053434-OuvYnFqOfBBhXgc5kBkq.pdf','application/pdf','2015-05-20 17:35:34','2015-05-20 17:35:34',1,1);
INSERT INTO "files" VALUES(24,24,'App\Feature','products/5/201505200505053535-7DIBJYUqaEW10QWB0KR9.pdf','application/pdf','2015-05-20 17:35:35','2015-05-20 17:35:35',1,1);
INSERT INTO "files" VALUES(25,25,'App\Feature','products/5/201505200505053535-PwA0QDgZhRBuWq7xUYKL.pdf','application/pdf','2015-05-20 17:35:35','2015-05-20 17:35:35',1,1);
INSERT INTO "files" VALUES(26,26,'App\Feature','products/6/201505200505053636-707wjDjzViDaBYDpOJp1.pdf','application/pdf','2015-05-20 17:35:36','2015-05-20 17:35:36',1,1);
INSERT INTO "files" VALUES(27,27,'App\Feature','products/6/201505200505053636-CF3cdW2IJNGHdwVykwYF.pdf','application/pdf','2015-05-20 17:35:36','2015-05-20 17:35:36',1,1);
INSERT INTO "files" VALUES(28,28,'App\Feature','products/6/201505200505053737-ueeutVa4WOol4psTu0i0.pdf','application/pdf','2015-05-20 17:35:37','2015-05-20 17:35:37',1,1);
INSERT INTO "files" VALUES(29,29,'App\Feature','products/6/201505200505053737-hZyBHZgyPFXuGOsCGZaK.pdf','application/pdf','2015-05-20 17:35:37','2015-05-20 17:35:37',1,1);
INSERT INTO "files" VALUES(30,30,'App\Feature','products/6/201505200505053838-PdFsiENIJld15ZBuCLdV.pdf','application/pdf','2015-05-20 17:35:38','2015-05-20 17:35:38',1,1);
INSERT INTO "files" VALUES(31,31,'App\Feature','products/7/201505200505053838-bkUIzNaGXen04b7R4mmz.pdf','application/pdf','2015-05-20 17:35:38','2015-05-20 17:35:38',1,1);
INSERT INTO "files" VALUES(32,32,'App\Feature','products/7/201505200505053939-fpoDEDdlykglCXw6W3kZ.pdf','application/pdf','2015-05-20 17:35:39','2015-05-20 17:35:39',1,1);
INSERT INTO "files" VALUES(33,33,'App\Feature','products/7/201505200505053939-yDAGUVjDoxjUWlFvh7cK.pdf','application/pdf','2015-05-20 17:35:39','2015-05-20 17:35:39',1,1);
INSERT INTO "files" VALUES(34,34,'App\Feature','products/7/201505200505054040-UhcSbjLp3Ric15wSuiHz.pdf','application/pdf','2015-05-20 17:35:40','2015-05-20 17:35:40',1,1);
INSERT INTO "files" VALUES(35,35,'App\Feature','products/7/201505200505054141-7JRcfHigOaaVsUljOeQE.pdf','application/pdf','2015-05-20 17:35:41','2015-05-20 17:35:41',1,1);
INSERT INTO "files" VALUES(36,36,'App\Feature','products/8/201505200505054141-YJBXXCAS7SvRFOTMPGZ8.pdf','application/pdf','2015-05-20 17:35:41','2015-05-20 17:35:41',1,1);
INSERT INTO "files" VALUES(37,37,'App\Feature','products/8/201505200505054242-60j6Enrh6vnouzhLI3xb.pdf','application/pdf','2015-05-20 17:35:42','2015-05-20 17:35:42',1,1);
INSERT INTO "files" VALUES(38,38,'App\Feature','products/8/201505200505054242-oOOeyBmr42YtIpVB7wMS.pdf','application/pdf','2015-05-20 17:35:42','2015-05-20 17:35:42',1,1);
INSERT INTO "files" VALUES(39,39,'App\Feature','products/8/201505200505054343-1W1CCkIF3ChGHrAfnH9q.pdf','application/pdf','2015-05-20 17:35:43','2015-05-20 17:35:43',1,1);
INSERT INTO "files" VALUES(40,40,'App\Feature','products/8/201505200505054343-EYC4SEQSGk0M0WOtIjCt.pdf','application/pdf','2015-05-20 17:35:43','2015-05-20 17:35:43',1,1);
INSERT INTO "files" VALUES(41,1,'App\Product','products/1/201505200505055252-vf8GkHcxWHGewKLQAZHd.pdf','application/pdf','2015-05-20 17:35:52','2015-05-20 17:35:52',1,1);
INSERT INTO "files" VALUES(42,2,'App\Product','products/2/201505200505055252-LluwUvoDhkvdfHSgN6tE.pdf','application/pdf','2015-05-20 17:35:52','2015-05-20 17:35:52',1,1);
INSERT INTO "files" VALUES(43,3,'App\Product','products/3/201505200505055353-ss5uD9kozHofFXgxfheE.pdf','application/pdf','2015-05-20 17:35:53','2015-05-20 17:35:53',1,1);
INSERT INTO "files" VALUES(44,4,'App\Product','products/4/201505200505055353-IwM3i0xD5OhtKQt1EI53.pdf','application/pdf','2015-05-20 17:35:53','2015-05-20 17:35:53',1,1);
INSERT INTO "files" VALUES(45,5,'App\Product','products/5/201505200505055353-EhUhyy9f1BogOWvgRDcX.pdf','application/pdf','2015-05-20 17:35:53','2015-05-20 17:35:53',1,1);
INSERT INTO "files" VALUES(46,6,'App\Product','products/6/201505200505055454-fDCM269Nx5kEFIMNpjYI.pdf','application/pdf','2015-05-20 17:35:54','2015-05-20 17:35:54',1,1);
INSERT INTO "files" VALUES(47,7,'App\Product','products/7/201505200505055454-EJEThk08rQKA2fWhaTaC.pdf','application/pdf','2015-05-20 17:35:54','2015-05-20 17:35:54',1,1);
INSERT INTO "files" VALUES(48,8,'App\Product','products/8/201505200505055454-XRNRYLnhvyWs6xazIbWH.pdf','application/pdf','2015-05-20 17:35:54','2015-05-20 17:35:54',1,1);
CREATE TABLE "images" ("id" integer not null primary key autoincrement, "imageable_id" integer not null, "imageable_type" varchar not null, "path" varchar not null, "mime" varchar not null, "alt" varchar not null, "created_at" datetime not null, "updated_at" datetime not null, "created_by" integer not null, "updated_by" integer not null, foreign key("created_by") references "users"("id"), foreign key("updated_by") references "users"("id"));
INSERT INTO "images" VALUES(1,1,'App\Maker','makers/1/201505200505051313-L38N5pqHqHqK8oDGI2NV.gif','image/gif','orbiagro.com.ve subastas compra y venta: cuenca-de-ruvalcaba','2015-05-20 17:35:13','2015-05-20 17:35:13',1,1);
INSERT INTO "images" VALUES(2,2,'App\Maker','makers/2/201505200505051414-z3GcI4KpracLigf2HPgK.gif','image/gif','orbiagro.com.ve subastas compra y venta: centro-pereira','2015-05-20 17:35:14','2015-05-20 17:35:14',1,1);
INSERT INTO "images" VALUES(3,3,'App\Maker','makers/3/201505200505051414-A1EvUkA36Lp5i7xi8Wj4.gif','image/gif','orbiagro.com.ve subastas compra y venta: leiva-gomez-y-flia','2015-05-20 17:35:14','2015-05-20 17:35:14',1,1);
INSERT INTO "images" VALUES(4,4,'App\Maker','makers/4/201505200505051515-8KryvMyHSe9wMVzuWLXR.gif','image/gif','orbiagro.com.ve subastas compra y venta: global-zarate-y-flia','2015-05-20 17:35:15','2015-05-20 17:35:15',1,1);
INSERT INTO "images" VALUES(5,5,'App\Maker','makers/5/201505200505051515-QHKE7OYlDkvtjyuLnp27.gif','image/gif','orbiagro.com.ve subastas compra y venta: cuevas-zarate-y-maldonado-e-hija','2015-05-20 17:35:15','2015-05-20 17:35:15',1,1);
INSERT INTO "images" VALUES(6,6,'App\Maker','makers/6/201505200505051616-ahQvzuBkvyfyTulCQbzl.gif','image/gif','orbiagro.com.ve subastas compra y venta: gaytan-de-hernandes-e-hijos','2015-05-20 17:35:16','2015-05-20 17:35:16',1,1);
INSERT INTO "images" VALUES(7,7,'App\Maker','makers/7/201505200505051616-w3GXfZMVmkdtmoJWT5mP.gif','image/gif','orbiagro.com.ve subastas compra y venta: esteban-velazquez-y-castaneda-sa','2015-05-20 17:35:16','2015-05-20 17:35:16',1,1);
INSERT INTO "images" VALUES(8,8,'App\Maker','makers/8/201505200505051717-FgJdtFLDOD9uJnvw1YhZ.gif','image/gif','orbiagro.com.ve subastas compra y venta: solorio-y-carranza-srl','2015-05-20 17:35:17','2015-05-20 17:35:17',1,1);
INSERT INTO "images" VALUES(9,9,'App\Maker','makers/9/201505200505051717-jCjnMs5S05Ql6fBK1I9P.gif','image/gif','orbiagro.com.ve subastas compra y venta: santillan-de-bueno','2015-05-20 17:35:17','2015-05-20 17:35:17',1,1);
INSERT INTO "images" VALUES(10,10,'App\Maker','makers/10/201505200505051818-vluLAEOU4dI7jTCfWdJI.gif','image/gif','orbiagro.com.ve subastas compra y venta: rivero-cuesta','2015-05-20 17:35:18','2015-05-20 17:35:18',1,1);
INSERT INTO "images" VALUES(11,11,'App\Maker','makers/11/201505200505051818-ZTumrNIl1vtfKY6k8diU.gif','image/gif','orbiagro.com.ve subastas compra y venta: gestora-soto','2015-05-20 17:35:18','2015-05-20 17:35:18',1,1);
INSERT INTO "images" VALUES(12,12,'App\Maker','makers/12/201505200505051919-8VI9ZA4hKC8finROEH2X.gif','image/gif','orbiagro.com.ve subastas compra y venta: moya-de-esteban','2015-05-20 17:35:19','2015-05-20 17:35:19',1,1);
INSERT INTO "images" VALUES(13,13,'App\Maker','makers/13/201505200505051919-fOOeNKfIkbwgF888gfVh.gif','image/gif','orbiagro.com.ve subastas compra y venta: hinojosa-montenegro-e-hijo','2015-05-20 17:35:19','2015-05-20 17:35:19',1,1);
INSERT INTO "images" VALUES(14,14,'App\Maker','makers/14/201505200505052020-FEulDmhArW5qYwbrotpu.gif','image/gif','orbiagro.com.ve subastas compra y venta: noriega-gil','2015-05-20 17:35:20','2015-05-20 17:35:20',1,1);
INSERT INTO "images" VALUES(15,1,'App\Feature','products/1/201505200505052323-2llXZCnL6ifEPv6RYL46.gif','image/gif','orbiagro.com.ve subastas compra y venta: tester','2015-05-20 17:35:23','2015-05-20 17:35:23',1,1);
INSERT INTO "images" VALUES(16,2,'App\Feature','products/1/201505200505052323-pqsgJGn8FLcwKqMkLGxB.gif','image/gif','orbiagro.com.ve subastas compra y venta: tester','2015-05-20 17:35:23','2015-05-20 17:35:23',1,1);
INSERT INTO "images" VALUES(17,3,'App\Feature','products/1/201505200505052424-tfHvpkUHsxLqU9sO55x9.gif','image/gif','orbiagro.com.ve subastas compra y venta: tester','2015-05-20 17:35:24','2015-05-20 17:35:24',1,1);
INSERT INTO "images" VALUES(18,4,'App\Feature','products/1/201505200505052424-inLqBjCcp2717U8jqIT1.gif','image/gif','orbiagro.com.ve subastas compra y venta: tester','2015-05-20 17:35:24','2015-05-20 17:35:24',1,1);
INSERT INTO "images" VALUES(19,5,'App\Feature','products/1/201505200505052525-jcyrb6IRSBGYoPE92jQZ.gif','image/gif','orbiagro.com.ve subastas compra y venta: tester','2015-05-20 17:35:25','2015-05-20 17:35:25',1,1);
INSERT INTO "images" VALUES(20,6,'App\Feature','products/2/201505200505052525-2R0qFo02sEy1EeN4utq2.gif','image/gif','orbiagro.com.ve subastas compra y venta: tester','2015-05-20 17:35:25','2015-05-20 17:35:25',1,1);
INSERT INTO "images" VALUES(21,7,'App\Feature','products/2/201505200505052626-Phv1tI8qF6jMal8l9dKJ.gif','image/gif','orbiagro.com.ve subastas compra y venta: tester','2015-05-20 17:35:26','2015-05-20 17:35:26',1,1);
INSERT INTO "images" VALUES(22,8,'App\Feature','products/2/201505200505052626-Z6FK2AmxqiQlNMOfyqpR.gif','image/gif','orbiagro.com.ve subastas compra y venta: tester','2015-05-20 17:35:26','2015-05-20 17:35:26',1,1);
INSERT INTO "images" VALUES(23,9,'App\Feature','products/2/201505200505052727-1UbjTZSD53WxiffNXRBS.gif','image/gif','orbiagro.com.ve subastas compra y venta: tester','2015-05-20 17:35:27','2015-05-20 17:35:27',1,1);
INSERT INTO "images" VALUES(24,10,'App\Feature','products/2/201505200505052727-e24bpPlUe5QPR0ULMGUj.gif','image/gif','orbiagro.com.ve subastas compra y venta: tester','2015-05-20 17:35:27','2015-05-20 17:35:27',1,1);
INSERT INTO "images" VALUES(25,11,'App\Feature','products/3/201505200505052828-f2fhZ5XL0DPtULqH27Or.gif','image/gif','orbiagro.com.ve subastas compra y venta: tester','2015-05-20 17:35:28','2015-05-20 17:35:28',1,1);
INSERT INTO "images" VALUES(26,12,'App\Feature','products/3/201505200505052828-le4h0HmbIZgwPo6E78Mo.gif','image/gif','orbiagro.com.ve subastas compra y venta: tester','2015-05-20 17:35:28','2015-05-20 17:35:28',1,1);
INSERT INTO "images" VALUES(27,13,'App\Feature','products/3/201505200505052929-WyPD9HSgziFIQovIfU8g.gif','image/gif','orbiagro.com.ve subastas compra y venta: tester','2015-05-20 17:35:29','2015-05-20 17:35:29',1,1);
INSERT INTO "images" VALUES(28,14,'App\Feature','products/3/201505200505052929-E8rDPFVQPX7XZJACbc2B.gif','image/gif','orbiagro.com.ve subastas compra y venta: tester','2015-05-20 17:35:29','2015-05-20 17:35:29',1,1);
INSERT INTO "images" VALUES(29,15,'App\Feature','products/3/201505200505053030-QmnzFFZC4tugB90WWVmW.gif','image/gif','orbiagro.com.ve subastas compra y venta: tester','2015-05-20 17:35:30','2015-05-20 17:35:30',1,1);
INSERT INTO "images" VALUES(30,16,'App\Feature','products/4/201505200505053030-OEnGAiCumd3atK28WQCe.gif','image/gif','orbiagro.com.ve subastas compra y venta: tester','2015-05-20 17:35:30','2015-05-20 17:35:30',1,1);
INSERT INTO "images" VALUES(31,17,'App\Feature','products/4/201505200505053131-32NQygMhcBRCVLnyBtb3.gif','image/gif','orbiagro.com.ve subastas compra y venta: tester','2015-05-20 17:35:31','2015-05-20 17:35:31',1,1);
INSERT INTO "images" VALUES(32,18,'App\Feature','products/4/201505200505053131-AALIkzoXDfe4UIKRsbgv.gif','image/gif','orbiagro.com.ve subastas compra y venta: tester','2015-05-20 17:35:31','2015-05-20 17:35:31',1,1);
INSERT INTO "images" VALUES(33,19,'App\Feature','products/4/201505200505053232-J1vNVV2ybWDBPF94L8uc.gif','image/gif','orbiagro.com.ve subastas compra y venta: tester','2015-05-20 17:35:32','2015-05-20 17:35:32',1,1);
INSERT INTO "images" VALUES(34,20,'App\Feature','products/4/201505200505053232-6MxyO2MmnHL7n5OZwtft.gif','image/gif','orbiagro.com.ve subastas compra y venta: tester','2015-05-20 17:35:32','2015-05-20 17:35:32',1,1);
INSERT INTO "images" VALUES(35,21,'App\Feature','products/5/201505200505053333-JyN2CTfMqVMTaZr35ap4.gif','image/gif','orbiagro.com.ve subastas compra y venta: tester','2015-05-20 17:35:33','2015-05-20 17:35:33',1,1);
INSERT INTO "images" VALUES(36,22,'App\Feature','products/5/201505200505053333-lmLvn0U5uyE0fAqQSOGg.gif','image/gif','orbiagro.com.ve subastas compra y venta: tester','2015-05-20 17:35:33','2015-05-20 17:35:33',1,1);
INSERT INTO "images" VALUES(37,23,'App\Feature','products/5/201505200505053434-CvSAzDKQZEjxahSnnl84.gif','image/gif','orbiagro.com.ve subastas compra y venta: tester','2015-05-20 17:35:34','2015-05-20 17:35:34',1,1);
INSERT INTO "images" VALUES(38,24,'App\Feature','products/5/201505200505053434-WbKXvnzPdp7D2SaHxrqT.gif','image/gif','orbiagro.com.ve subastas compra y venta: tester','2015-05-20 17:35:34','2015-05-20 17:35:34',1,1);
INSERT INTO "images" VALUES(39,25,'App\Feature','products/5/201505200505053535-AxsQ0K5QuvaRkGsvTmX2.gif','image/gif','orbiagro.com.ve subastas compra y venta: tester','2015-05-20 17:35:35','2015-05-20 17:35:35',1,1);
INSERT INTO "images" VALUES(40,26,'App\Feature','products/6/201505200505053535-dwKyzDtkWujqywQbpzZb.gif','image/gif','orbiagro.com.ve subastas compra y venta: tester','2015-05-20 17:35:35','2015-05-20 17:35:35',1,1);
INSERT INTO "images" VALUES(41,27,'App\Feature','products/6/201505200505053636-gRtsbNJsQnkIyS3MtqLO.gif','image/gif','orbiagro.com.ve subastas compra y venta: tester','2015-05-20 17:35:36','2015-05-20 17:35:36',1,1);
INSERT INTO "images" VALUES(42,28,'App\Feature','products/6/201505200505053636-9FFn9RM1n4tokdj6HJQh.gif','image/gif','orbiagro.com.ve subastas compra y venta: tester','2015-05-20 17:35:36','2015-05-20 17:35:36',1,1);
INSERT INTO "images" VALUES(43,29,'App\Feature','products/6/201505200505053737-dGkMmkXGadvEihf6oOOA.gif','image/gif','orbiagro.com.ve subastas compra y venta: tester','2015-05-20 17:35:37','2015-05-20 17:35:37',1,1);
INSERT INTO "images" VALUES(44,30,'App\Feature','products/6/201505200505053737-B5MAGKoh9Jq490EU8yKw.gif','image/gif','orbiagro.com.ve subastas compra y venta: tester','2015-05-20 17:35:37','2015-05-20 17:35:37',1,1);
INSERT INTO "images" VALUES(45,31,'App\Feature','products/7/201505200505053838-UwW82vruV3WPwooM96xW.gif','image/gif','orbiagro.com.ve subastas compra y venta: tester','2015-05-20 17:35:38','2015-05-20 17:35:38',1,1);
INSERT INTO "images" VALUES(46,32,'App\Feature','products/7/201505200505053838-MBTEeaRmpg8Ssg4x06vf.gif','image/gif','orbiagro.com.ve subastas compra y venta: tester','2015-05-20 17:35:38','2015-05-20 17:35:38',1,1);
INSERT INTO "images" VALUES(47,33,'App\Feature','products/7/201505200505053939-duSJQMjsk378zCJPFzT4.gif','image/gif','orbiagro.com.ve subastas compra y venta: tester','2015-05-20 17:35:39','2015-05-20 17:35:39',1,1);
INSERT INTO "images" VALUES(48,34,'App\Feature','products/7/201505200505053939-0Mkv3KX5LfcSOf5DK27N.gif','image/gif','orbiagro.com.ve subastas compra y venta: tester','2015-05-20 17:35:39','2015-05-20 17:35:39',1,1);
INSERT INTO "images" VALUES(49,35,'App\Feature','products/7/201505200505054141-A1uGgPHeB7I9PHOXDFI0.gif','image/gif','orbiagro.com.ve subastas compra y venta: tester','2015-05-20 17:35:41','2015-05-20 17:35:41',1,1);
INSERT INTO "images" VALUES(50,36,'App\Feature','products/8/201505200505054141-4o1XxQkozEMTk3De62Nr.gif','image/gif','orbiagro.com.ve subastas compra y venta: tester','2015-05-20 17:35:41','2015-05-20 17:35:41',1,1);
INSERT INTO "images" VALUES(51,37,'App\Feature','products/8/201505200505054242-xG3JOnLUQ4FwBwXo8VHk.gif','image/gif','orbiagro.com.ve subastas compra y venta: tester','2015-05-20 17:35:42','2015-05-20 17:35:42',1,1);
INSERT INTO "images" VALUES(52,38,'App\Feature','products/8/201505200505054242-gtp4iShUltlAZOZtcG8n.gif','image/gif','orbiagro.com.ve subastas compra y venta: tester','2015-05-20 17:35:42','2015-05-20 17:35:42',1,1);
INSERT INTO "images" VALUES(53,39,'App\Feature','products/8/201505200505054343-aLIQX3ExL8lJsmvhacus.gif','image/gif','orbiagro.com.ve subastas compra y venta: tester','2015-05-20 17:35:43','2015-05-20 17:35:43',1,1);
INSERT INTO "images" VALUES(54,40,'App\Feature','products/8/201505200505054343-qbgApLyzNtlOVUXfvf3o.gif','image/gif','orbiagro.com.ve subastas compra y venta: tester','2015-05-20 17:35:43','2015-05-20 17:35:43',1,1);
INSERT INTO "images" VALUES(55,1,'App\Product','products/1/201505200505055252-Tda9E0bCsZ64Equ9Yzex.gif','image/gif','orbiagro.com.ve subastas compra y venta: tempora-possimus-rerum-minus-maiores-qui-suscipit','2015-05-20 17:35:52','2015-05-20 17:35:52',1,1);
INSERT INTO "images" VALUES(56,2,'App\Product','products/2/201505200505055252-GSAq1DPN4iOayB9QCO6O.gif','image/gif','orbiagro.com.ve subastas compra y venta: laboriosam-dignissimos-laboriosam-excepturi-reiciendis-nobis','2015-05-20 17:35:52','2015-05-20 17:35:52',1,1);
INSERT INTO "images" VALUES(57,3,'App\Product','products/3/201505200505055252-Lm5OPElnIGWQbfRLZR7k.gif','image/gif','orbiagro.com.ve subastas compra y venta: aliquid-facere-reprehenderit-et-sed-dolore','2015-05-20 17:35:52','2015-05-20 17:35:52',1,1);
INSERT INTO "images" VALUES(58,4,'App\Product','products/4/201505200505055353-EEQu4AVJsiq2UO3UEd9I.gif','image/gif','orbiagro.com.ve subastas compra y venta: et-quis-nobis-dicta','2015-05-20 17:35:53','2015-05-20 17:35:53',1,1);
INSERT INTO "images" VALUES(59,5,'App\Product','products/5/201505200505055353-OjtSuatLgCIvd3KRxK1v.gif','image/gif','orbiagro.com.ve subastas compra y venta: corrupti-nobis-aperiam-amet-sint','2015-05-20 17:35:53','2015-05-20 17:35:53',1,1);
INSERT INTO "images" VALUES(60,6,'App\Product','products/6/201505200505055353-eEqUhVrTyTabwyuDHEZd.gif','image/gif','orbiagro.com.ve subastas compra y venta: ullam-ut-est-delectus-aut-architecto','2015-05-20 17:35:53','2015-05-20 17:35:53',1,1);
INSERT INTO "images" VALUES(61,7,'App\Product','products/7/201505200505055454-hA7RbWxRE2THZj0SebKM.gif','image/gif','orbiagro.com.ve subastas compra y venta: eos-laudantium-et-voluptates','2015-05-20 17:35:54','2015-05-20 17:35:54',1,1);
INSERT INTO "images" VALUES(62,8,'App\Product','products/8/201505200505055454-P37e8xTYLyMFU1Rl66dt.gif','image/gif','orbiagro.com.ve subastas compra y venta: id-quia-velit-facilis-modi','2015-05-20 17:35:54','2015-05-20 17:35:54',1,1);
INSERT INTO "images" VALUES(63,1,'App\Promotion','promos/1/201505200505055656-X4uGUco2KAapZHHXRY6Z.gif','image/gif','orbiagro.com.ve subastas compra y venta: lleva-2-paga-3','2015-05-20 17:35:56','2015-05-20 17:35:56',1,1);
INSERT INTO "images" VALUES(64,1,'App\Category','category/1/201505200505055757-K0GiRiYffbwHiXhDaeLF.gif','image/gif','orbiagro.com.ve subastas compra y venta: ','2015-05-20 17:35:57','2015-05-20 17:35:57',1,1);
INSERT INTO "images" VALUES(65,2,'App\Category','category/2/201505200505055757-QiaNKAF0GTs1tE5BXQTi.gif','image/gif','orbiagro.com.ve subastas compra y venta: ','2015-05-20 17:35:57','2015-05-20 17:35:57',1,1);
INSERT INTO "images" VALUES(66,1,'App\SubCategory','sub-category/1/201505200505055757-ou8d0cOTGvuAymwxvD0S.gif','image/gif','orbiagro.com.ve subastas compra y venta: ','2015-05-20 17:35:57','2015-05-20 17:35:57',1,1);
INSERT INTO "images" VALUES(67,2,'App\SubCategory','sub-category/2/201505200505055757-0ZFDs8bpt0W6BSGhURLs.gif','image/gif','orbiagro.com.ve subastas compra y venta: ','2015-05-20 17:35:57','2015-05-20 17:35:57',1,1);
INSERT INTO "images" VALUES(68,3,'App\SubCategory','sub-category/3/201505200505055757-3rlNfHBoDc4NQlOjEPNj.gif','image/gif','orbiagro.com.ve subastas compra y venta: ','2015-05-20 17:35:57','2015-05-20 17:35:57',1,1);
INSERT INTO "images" VALUES(69,4,'App\SubCategory','sub-category/4/201505200505055858-zjAAWwG9BkAzH8u4bb1T.gif','image/gif','orbiagro.com.ve subastas compra y venta: ','2015-05-20 17:35:58','2015-05-20 17:35:58',1,1);
INSERT INTO "images" VALUES(70,5,'App\SubCategory','sub-category/5/201505200505055858-cy9hCxG7Q0AmiEpdvMzG.gif','image/gif','orbiagro.com.ve subastas compra y venta: ','2015-05-20 17:35:58','2015-05-20 17:35:58',1,1);
INSERT INTO "images" VALUES(71,6,'App\SubCategory','sub-category/6/201505200505055858-sSFl1rpmDXQQ3VTYFp6y.gif','image/gif','orbiagro.com.ve subastas compra y venta: ','2015-05-20 17:35:58','2015-05-20 17:35:58',1,1);
INSERT INTO "images" VALUES(72,7,'App\SubCategory','sub-category/7/201505200505055858-DiAHvyMUSrkfNsdocVwR.gif','image/gif','orbiagro.com.ve subastas compra y venta: ','2015-05-20 17:35:58','2015-05-20 17:35:58',1,1);
CREATE TABLE "characteristics" ("id" integer not null primary key autoincrement, "product_id" integer not null, "height" integer null, "width" integer null, "depth" integer null, "weight" integer null, "units" integer null, "created_at" datetime not null, "updated_at" datetime not null, "created_by" integer not null, "updated_by" integer not null, foreign key("product_id") references "products"("id"), foreign key("created_by") references "users"("id"), foreign key("updated_by") references "users"("id"));
INSERT INTO "characteristics" VALUES(1,1,1,1,1,1,1,'2015-05-20 17:35:43','2015-05-20 17:35:43',1,1);
INSERT INTO "characteristics" VALUES(2,2,1,1,1,1,1,'2015-05-20 17:35:44','2015-05-20 17:35:44',1,1);
INSERT INTO "characteristics" VALUES(3,3,1,1,1,1,1,'2015-05-20 17:35:44','2015-05-20 17:35:44',1,1);
INSERT INTO "characteristics" VALUES(4,4,1,1,1,1,1,'2015-05-20 17:35:44','2015-05-20 17:35:44',1,1);
INSERT INTO "characteristics" VALUES(5,5,1,1,1,1,1,'2015-05-20 17:35:44','2015-05-20 17:35:44',1,1);
INSERT INTO "characteristics" VALUES(6,6,1,1,1,1,1,'2015-05-20 17:35:44','2015-05-20 17:35:44',1,1);
INSERT INTO "characteristics" VALUES(7,7,1,1,1,1,1,'2015-05-20 17:35:44','2015-05-20 17:35:44',1,1);
INSERT INTO "characteristics" VALUES(8,8,1,1,1,1,1,'2015-05-20 17:35:45','2015-05-20 17:35:45',1,1);
CREATE TABLE "features" ("id" integer not null primary key autoincrement, "product_id" integer not null, "title" varchar not null, "description" varchar not null, "created_at" datetime not null, "updated_at" datetime not null, "created_by" integer not null, "updated_by" integer not null, foreign key("product_id") references "products"("id"), foreign key("created_by") references "users"("id"), foreign key("updated_by") references "users"("id"));
INSERT INTO "features" VALUES(1,1,'tester','tester','2015-05-20 17:35:23','2015-05-20 17:35:23',1,1);
INSERT INTO "features" VALUES(2,1,'tester','tester','2015-05-20 17:35:23','2015-05-20 17:35:23',1,1);
INSERT INTO "features" VALUES(3,1,'tester','tester','2015-05-20 17:35:24','2015-05-20 17:35:24',1,1);
INSERT INTO "features" VALUES(4,1,'tester','tester','2015-05-20 17:35:24','2015-05-20 17:35:24',1,1);
INSERT INTO "features" VALUES(5,1,'tester','tester','2015-05-20 17:35:25','2015-05-20 17:35:25',1,1);
INSERT INTO "features" VALUES(6,2,'tester','tester','2015-05-20 17:35:25','2015-05-20 17:35:25',1,1);
INSERT INTO "features" VALUES(7,2,'tester','tester','2015-05-20 17:35:26','2015-05-20 17:35:26',1,1);
INSERT INTO "features" VALUES(8,2,'tester','tester','2015-05-20 17:35:26','2015-05-20 17:35:26',1,1);
INSERT INTO "features" VALUES(9,2,'tester','tester','2015-05-20 17:35:27','2015-05-20 17:35:27',1,1);
INSERT INTO "features" VALUES(10,2,'tester','tester','2015-05-20 17:35:27','2015-05-20 17:35:27',1,1);
INSERT INTO "features" VALUES(11,3,'tester','tester','2015-05-20 17:35:28','2015-05-20 17:35:28',1,1);
INSERT INTO "features" VALUES(12,3,'tester','tester','2015-05-20 17:35:28','2015-05-20 17:35:28',1,1);
INSERT INTO "features" VALUES(13,3,'tester','tester','2015-05-20 17:35:29','2015-05-20 17:35:29',1,1);
INSERT INTO "features" VALUES(14,3,'tester','tester','2015-05-20 17:35:29','2015-05-20 17:35:29',1,1);
INSERT INTO "features" VALUES(15,3,'tester','tester','2015-05-20 17:35:30','2015-05-20 17:35:30',1,1);
INSERT INTO "features" VALUES(16,4,'tester','tester','2015-05-20 17:35:30','2015-05-20 17:35:30',1,1);
INSERT INTO "features" VALUES(17,4,'tester','tester','2015-05-20 17:35:31','2015-05-20 17:35:31',1,1);
INSERT INTO "features" VALUES(18,4,'tester','tester','2015-05-20 17:35:31','2015-05-20 17:35:31',1,1);
INSERT INTO "features" VALUES(19,4,'tester','tester','2015-05-20 17:35:32','2015-05-20 17:35:32',1,1);
INSERT INTO "features" VALUES(20,4,'tester','tester','2015-05-20 17:35:32','2015-05-20 17:35:32',1,1);
INSERT INTO "features" VALUES(21,5,'tester','tester','2015-05-20 17:35:33','2015-05-20 17:35:33',1,1);
INSERT INTO "features" VALUES(22,5,'tester','tester','2015-05-20 17:35:33','2015-05-20 17:35:33',1,1);
INSERT INTO "features" VALUES(23,5,'tester','tester','2015-05-20 17:35:34','2015-05-20 17:35:34',1,1);
INSERT INTO "features" VALUES(24,5,'tester','tester','2015-05-20 17:35:34','2015-05-20 17:35:34',1,1);
INSERT INTO "features" VALUES(25,5,'tester','tester','2015-05-20 17:35:35','2015-05-20 17:35:35',1,1);
INSERT INTO "features" VALUES(26,6,'tester','tester','2015-05-20 17:35:35','2015-05-20 17:35:35',1,1);
INSERT INTO "features" VALUES(27,6,'tester','tester','2015-05-20 17:35:36','2015-05-20 17:35:36',1,1);
INSERT INTO "features" VALUES(28,6,'tester','tester','2015-05-20 17:35:36','2015-05-20 17:35:36',1,1);
INSERT INTO "features" VALUES(29,6,'tester','tester','2015-05-20 17:35:37','2015-05-20 17:35:37',1,1);
INSERT INTO "features" VALUES(30,6,'tester','tester','2015-05-20 17:35:37','2015-05-20 17:35:37',1,1);
INSERT INTO "features" VALUES(31,7,'tester','tester','2015-05-20 17:35:38','2015-05-20 17:35:38',1,1);
INSERT INTO "features" VALUES(32,7,'tester','tester','2015-05-20 17:35:38','2015-05-20 17:35:38',1,1);
INSERT INTO "features" VALUES(33,7,'tester','tester','2015-05-20 17:35:39','2015-05-20 17:35:39',1,1);
INSERT INTO "features" VALUES(34,7,'tester','tester','2015-05-20 17:35:39','2015-05-20 17:35:39',1,1);
INSERT INTO "features" VALUES(35,7,'tester','tester','2015-05-20 17:35:40','2015-05-20 17:35:40',1,1);
INSERT INTO "features" VALUES(36,8,'tester','tester','2015-05-20 17:35:41','2015-05-20 17:35:41',1,1);
INSERT INTO "features" VALUES(37,8,'tester','tester','2015-05-20 17:35:42','2015-05-20 17:35:42',1,1);
INSERT INTO "features" VALUES(38,8,'tester','tester','2015-05-20 17:35:42','2015-05-20 17:35:42',1,1);
INSERT INTO "features" VALUES(39,8,'tester','tester','2015-05-20 17:35:43','2015-05-20 17:35:43',1,1);
INSERT INTO "features" VALUES(40,8,'tester','tester','2015-05-20 17:35:43','2015-05-20 17:35:43',1,1);
CREATE TABLE "mechanical_infos" ("id" integer not null primary key autoincrement, "product_id" integer not null, "motor" varchar null, "motor_serial" varchar null, "model" varchar null, "cylinders" integer null, "horsepower" integer null, "mileage" integer null, "traction" integer null, "lift" integer null, "created_at" datetime not null, "updated_at" datetime not null, "created_by" integer not null, "updated_by" integer not null, foreign key("product_id") references "products"("id"), foreign key("created_by") references "users"("id"), foreign key("updated_by") references "users"("id"));
INSERT INTO "mechanical_infos" VALUES(1,1,'1','1','1',1,1,1,1,1,'2015-05-20 17:35:46','2015-05-20 17:35:46',1,1);
INSERT INTO "mechanical_infos" VALUES(2,2,'1','1','1',1,1,1,1,1,'2015-05-20 17:35:46','2015-05-20 17:35:46',1,1);
INSERT INTO "mechanical_infos" VALUES(3,3,'1','1','1',1,1,1,1,1,'2015-05-20 17:35:46','2015-05-20 17:35:46',1,1);
INSERT INTO "mechanical_infos" VALUES(4,4,'1','1','1',1,1,1,1,1,'2015-05-20 17:35:46','2015-05-20 17:35:46',1,1);
INSERT INTO "mechanical_infos" VALUES(5,5,'1','1','1',1,1,1,1,1,'2015-05-20 17:35:47','2015-05-20 17:35:47',1,1);
INSERT INTO "mechanical_infos" VALUES(6,6,'1','1','1',1,1,1,1,1,'2015-05-20 17:35:47','2015-05-20 17:35:47',1,1);
INSERT INTO "mechanical_infos" VALUES(7,7,'1','1','1',1,1,1,1,1,'2015-05-20 17:35:47','2015-05-20 17:35:47',1,1);
INSERT INTO "mechanical_infos" VALUES(8,8,'1','1','1',1,1,1,1,1,'2015-05-20 17:35:47','2015-05-20 17:35:47',1,1);
CREATE TABLE "nutritionals" ("id" integer not null primary key autoincrement, "product_id" integer not null, "due" date null, "created_at" datetime not null, "updated_at" datetime not null, "created_by" integer not null, "updated_by" integer not null, foreign key("product_id") references "products"("id"), foreign key("created_by") references "users"("id"), foreign key("updated_by") references "users"("id"));
INSERT INTO "nutritionals" VALUES(1,1,'1999-09-09','2015-05-20 17:35:45','2015-05-20 17:35:45',1,1);
INSERT INTO "nutritionals" VALUES(2,2,'1999-09-09','2015-05-20 17:35:45','2015-05-20 17:35:45',1,1);
INSERT INTO "nutritionals" VALUES(3,3,'1999-09-09','2015-05-20 17:35:45','2015-05-20 17:35:45',1,1);
INSERT INTO "nutritionals" VALUES(4,4,'1999-09-09','2015-05-20 17:35:45','2015-05-20 17:35:45',1,1);
INSERT INTO "nutritionals" VALUES(5,5,'1999-09-09','2015-05-20 17:35:45','2015-05-20 17:35:45',1,1);
INSERT INTO "nutritionals" VALUES(6,6,'1999-09-09','2015-05-20 17:35:46','2015-05-20 17:35:46',1,1);
INSERT INTO "nutritionals" VALUES(7,7,'1999-09-09','2015-05-20 17:35:46','2015-05-20 17:35:46',1,1);
INSERT INTO "nutritionals" VALUES(8,8,'1999-09-09','2015-05-20 17:35:46','2015-05-20 17:35:46',1,1);
CREATE TABLE "visits" ("id" integer not null primary key autoincrement, "user_id" integer not null, "visitable_id" integer not null, "visitable_type" varchar not null, "total" integer not null, "created_at" datetime not null, "updated_at" datetime not null, foreign key("user_id") references "users"("id") on delete cascade);
INSERT INTO "visits" VALUES(1,1,1,'App\Product',1,'2015-05-20 17:35:52','2015-05-20 17:35:52');
CREATE TABLE "banks" ("id" integer not null primary key autoincrement, "description" varchar not null, "created_at" datetime not null, "updated_at" datetime not null);
INSERT INTO "banks" VALUES(1,'Sin Banco Asociado','2015-05-20 17:35:47','2015-05-20 17:35:47');
INSERT INTO "banks" VALUES(2,'Banco Gestora Orosco-Cisneros','2015-05-20 17:35:47','2015-05-20 17:35:47');
INSERT INTO "banks" VALUES(3,'Banco Gallardo y Caraballo','2015-05-20 17:35:48','2015-05-20 17:35:48');
INSERT INTO "banks" VALUES(4,'Banco Oquendo-Munguía','2015-05-20 17:35:48','2015-05-20 17:35:48');
INSERT INTO "banks" VALUES(5,'Banco Barragán de Marroquín','2015-05-20 17:35:48','2015-05-20 17:35:48');
INSERT INTO "banks" VALUES(6,'Banco Grupo Orta e Hija','2015-05-20 17:35:48','2015-05-20 17:35:48');
INSERT INTO "banks" VALUES(7,'Banco Navas-Murillo e Hijos','2015-05-20 17:35:48','2015-05-20 17:35:48');
INSERT INTO "banks" VALUES(8,'Banco Global Cortez-Miguel','2015-05-20 17:35:48','2015-05-20 17:35:48');
INSERT INTO "banks" VALUES(9,'Banco Global Espinosa-Rueda','2015-05-20 17:35:49','2015-05-20 17:35:49');
INSERT INTO "banks" VALUES(10,'Banco Centro Esparza','2015-05-20 17:35:49','2015-05-20 17:35:49');
INSERT INTO "banks" VALUES(11,'Banco Delagarza-Pichardo','2015-05-20 17:35:49','2015-05-20 17:35:49');
CREATE TABLE "card_types" ("id" integer not null primary key autoincrement, "description" varchar not null, "created_at" datetime not null, "updated_at" datetime not null);
INSERT INTO "card_types" VALUES(1,'Visa','2015-05-20 17:35:49','2015-05-20 17:35:49');
INSERT INTO "card_types" VALUES(2,'MasterCard','2015-05-20 17:35:49','2015-05-20 17:35:49');
INSERT INTO "card_types" VALUES(3,'American Express','2015-05-20 17:35:49','2015-05-20 17:35:49');
INSERT INTO "card_types" VALUES(4,'Discover Card','2015-05-20 17:35:49','2015-05-20 17:35:49');
INSERT INTO "card_types" VALUES(5,'Debito','2015-05-20 17:35:50','2015-05-20 17:35:50');
INSERT INTO "card_types" VALUES(6,'Sin Tarjeta Asociada','2015-05-20 17:35:50','2015-05-20 17:35:50');
CREATE TABLE "billings" ("id" integer not null primary key autoincrement, "user_id" integer not null, "bank_id" integer null, "card_type_id" integer null, "card_number" varchar null, "bank_account" varchar null, "expiration" varchar null, "comments" varchar null, "created_at" datetime not null, "updated_at" datetime not null, "created_by" integer not null, "updated_by" integer not null, foreign key("user_id") references "users"("id") on delete cascade, foreign key("bank_id") references "banks"("id"), foreign key("card_type_id") references "card_types"("id"), foreign key("created_by") references "users"("id"), foreign key("updated_by") references "users"("id"));
INSERT INTO "billings" VALUES(1,1,1,6,'5420658163420733','ES6333132544661428554624','04/17','Dolor maxime est consequatur ut eos omnis labore. Occaecati eos expedita a sunt ut quis. Nesciunt amet omnis porro laudantium sint et repellat. Doloremque alias esse quo non quo asperiores veritatis.','2015-05-20 17:35:50','2015-05-20 17:35:50',1,1);
INSERT INTO "billings" VALUES(2,2,1,6,'5591280543761404','ES5316448782289951709047','02/18','Debitis recusandae vel eos a perferendis. Rerum et molestiae ad reiciendis tenetur in. Quaerat facilis et veniam et. Optio blanditiis quis quis dolore.','2015-05-20 17:35:50','2015-05-20 17:35:50',2,2);
CREATE TABLE "maker_sub_category" ("maker_id" integer not null, "sub_category_id" integer not null, foreign key("maker_id") references "makers"("id"), foreign key("sub_category_id") references "sub_categories"("id"));
INSERT INTO "maker_sub_category" VALUES(1,1);
INSERT INTO "maker_sub_category" VALUES(2,1);
INSERT INTO "maker_sub_category" VALUES(3,2);
INSERT INTO "maker_sub_category" VALUES(4,2);
INSERT INTO "maker_sub_category" VALUES(5,3);
INSERT INTO "maker_sub_category" VALUES(6,3);
INSERT INTO "maker_sub_category" VALUES(7,4);
INSERT INTO "maker_sub_category" VALUES(8,4);
INSERT INTO "maker_sub_category" VALUES(9,5);
INSERT INTO "maker_sub_category" VALUES(10,5);
INSERT INTO "maker_sub_category" VALUES(11,6);
INSERT INTO "maker_sub_category" VALUES(12,6);
INSERT INTO "maker_sub_category" VALUES(13,7);
INSERT INTO "maker_sub_category" VALUES(14,7);
CREATE TABLE "product_user" ("product_id" integer not null, "user_id" integer not null, "quantity" integer not null, "created_at" datetime not null, "updated_at" datetime not null, foreign key("product_id") references "products"("id") on delete cascade, foreign key("user_id") references "users"("id") on delete cascade);
INSERT INTO "product_user" VALUES(1,1,5,'2015-05-20 17:35:50','2015-05-20 17:35:50');
INSERT INTO "product_user" VALUES(2,1,1,'2015-05-20 17:35:50','2015-05-20 17:35:50');
INSERT INTO "product_user" VALUES(3,1,2,'2015-05-20 17:35:51','2015-05-20 17:35:51');
INSERT INTO "product_user" VALUES(4,1,4,'2015-05-20 17:35:51','2015-05-20 17:35:51');
INSERT INTO "product_user" VALUES(5,1,4,'2015-05-20 17:35:51','2015-05-20 17:35:51');
INSERT INTO "product_user" VALUES(6,1,4,'2015-05-20 17:35:51','2015-05-20 17:35:51');
INSERT INTO "product_user" VALUES(7,1,3,'2015-05-20 17:35:51','2015-05-20 17:35:51');
INSERT INTO "product_user" VALUES(8,1,1,'2015-05-20 17:35:51','2015-05-20 17:35:51');
CREATE TABLE "map_details" ("id" integer not null primary key autoincrement, "direction_id" integer not null, "latitude" float not null, "longitude" float not null, "zoom" integer not null, "created_at" datetime not null, "updated_at" datetime not null, foreign key("direction_id") references "directions"("id") on delete cascade);
INSERT INTO "map_details" VALUES(1,10,10.492315,-66.932899,12,'2015-05-20 17:35:23','2015-05-20 17:35:23');
CREATE TABLE "user_confirmations" ("id" integer not null primary key autoincrement, "user_id" integer not null, "data" varchar null, foreign key("user_id") references "users"("id") on delete cascade);
DELETE FROM sqlite_sequence;
INSERT INTO "sqlite_sequence" VALUES('profiles',3);
INSERT INTO "sqlite_sequence" VALUES('genders',2);
INSERT INTO "sqlite_sequence" VALUES('nationalities',2);
INSERT INTO "sqlite_sequence" VALUES('states',1);
INSERT INTO "sqlite_sequence" VALUES('towns',1);
INSERT INTO "sqlite_sequence" VALUES('parishes',1);
INSERT INTO "sqlite_sequence" VALUES('users',2);
INSERT INTO "sqlite_sequence" VALUES('people',2);
INSERT INTO "sqlite_sequence" VALUES('directions',10);
INSERT INTO "sqlite_sequence" VALUES('categories',2);
INSERT INTO "sqlite_sequence" VALUES('sub_categories',7);
INSERT INTO "sqlite_sequence" VALUES('makers',14);
INSERT INTO "sqlite_sequence" VALUES('images',72);
INSERT INTO "sqlite_sequence" VALUES('products',8);
INSERT INTO "sqlite_sequence" VALUES('map_details',1);
INSERT INTO "sqlite_sequence" VALUES('features',40);
INSERT INTO "sqlite_sequence" VALUES('files',48);
INSERT INTO "sqlite_sequence" VALUES('characteristics',8);
INSERT INTO "sqlite_sequence" VALUES('nutritionals',8);
INSERT INTO "sqlite_sequence" VALUES('mechanical_infos',8);
INSERT INTO "sqlite_sequence" VALUES('banks',11);
INSERT INTO "sqlite_sequence" VALUES('card_types',6);
INSERT INTO "sqlite_sequence" VALUES('billings',2);
INSERT INTO "sqlite_sequence" VALUES('visits',1);
INSERT INTO "sqlite_sequence" VALUES('promo_types',11);
INSERT INTO "sqlite_sequence" VALUES('promotions',1);
CREATE UNIQUE INDEX users_email_unique on "users" ("email");
CREATE INDEX password_resets_email_index on "password_resets" ("email");
CREATE INDEX password_resets_token_index on "password_resets" ("token");
CREATE INDEX product_user_product_id_index on "product_user" ("product_id");
CREATE INDEX product_user_user_id_index on "product_user" ("user_id");
CREATE INDEX user_confirmations_user_id_index on "user_confirmations" ("user_id");
COMMIT;
