PRAGMA foreign_keys=OFF;
BEGIN TRANSACTION;
CREATE TABLE "migrations" ("migration" varchar not null, "batch" integer not null);
INSERT INTO "migrations" VALUES('2014_10_12_000000_create_users_table',1);
INSERT INTO "migrations" VALUES('2014_10_12_100000_create_password_resets_table',1);
INSERT INTO "migrations" VALUES('2015_03_10_140153_create_genders_table',1);
INSERT INTO "migrations" VALUES('2015_03_10_142938_create_states_table',1);
INSERT INTO "migrations" VALUES('2015_03_10_154237_create_towns_table',1);
INSERT INTO "migrations" VALUES('2015_03_10_154410_create_parishes_table',1);
INSERT INTO "migrations" VALUES('2015_03_10_154455_create_directions_table',1);
INSERT INTO "migrations" VALUES('2015_03_10_154557_create_profiles_table',1);
INSERT INTO "migrations" VALUES('2015_03_10_173459_create_nationalities_table',1);
INSERT INTO "migrations" VALUES('2015_03_10_173503_create_people_table',1);
INSERT INTO "migrations" VALUES('2015_03_13_193841_create_makers_table',1);
INSERT INTO "migrations" VALUES('2015_03_13_194526_create_categories_table',1);
INSERT INTO "migrations" VALUES('2015_03_13_195124_create_sub_categories_table',1);
INSERT INTO "migrations" VALUES('2015_03_13_202223_create_products_table',1);
INSERT INTO "migrations" VALUES('2015_03_13_203000_create_promo_types_table',1);
INSERT INTO "migrations" VALUES('2015_03_13_205446_create_promotions_table',1);
INSERT INTO "migrations" VALUES('2015_03_13_205519_create_product_promotion_table',1);
INSERT INTO "migrations" VALUES('2015_03_13_205737_create_files_table',1);
INSERT INTO "migrations" VALUES('2015_03_13_212413_create_images_table',1);
INSERT INTO "migrations" VALUES('2015_03_13_212630_create_characteristics_table',1);
INSERT INTO "migrations" VALUES('2015_03_13_214205_create_features_table',1);
INSERT INTO "migrations" VALUES('2015_03_13_214850_create_mechanical_infos_table',1);
INSERT INTO "migrations" VALUES('2015_03_13_215620_create_nutritionals_table',1);
INSERT INTO "migrations" VALUES('2015_03_13_220817_create_visits_table',1);
INSERT INTO "migrations" VALUES('2015_03_13_221555_create_banks_table',1);
INSERT INTO "migrations" VALUES('2015_03_13_221616_create_card_types_table',1);
INSERT INTO "migrations" VALUES('2015_03_13_221820_create_billings_table',1);
INSERT INTO "migrations" VALUES('2015_03_13_234614_create_maker_sub_category',1);
INSERT INTO "migrations" VALUES('2015_03_17_200518_create_product_user_pivot_table',1);
INSERT INTO "migrations" VALUES('2015_04_28_121249_create_map_details_table',1);
INSERT INTO "migrations" VALUES('2015_04_29_154414_user_confirmations_table',1);
CREATE TABLE "users" ("id" integer not null primary key autoincrement, "profile_id" integer not null, "name" varchar not null, "email" varchar not null, "password" varchar not null, "remember_token" varchar null, "created_at" datetime not null, "updated_at" datetime not null, "deleted_at" datetime null);
INSERT INTO "users" VALUES(1,1,'tester','tester@tester.com','$2y$10$8cY2cNBpviezaAFm3jXLNu/aiR2DA7UTwwCtAG51e92WXXN730NcO',NULL,'2015-07-07 20:38:38','2015-07-07 20:38:38',NULL);
INSERT INTO "users" VALUES(2,2,'dummy','dummy@tester.com','$2y$10$Mkov1Z0glFviEkxuFxN0pO1Y7GxemCCZoAfXWtw7Ta1NWgICCXsRe',NULL,'2015-07-07 20:38:38','2015-07-07 20:38:38',NULL);
CREATE TABLE "password_resets" ("email" varchar not null, "token" varchar not null, "created_at" datetime not null);
CREATE TABLE "genders" ("id" integer not null primary key autoincrement, "description" varchar not null, "created_at" datetime not null, "updated_at" datetime not null);
INSERT INTO "genders" VALUES(1,'Masculino','2015-07-07 20:38:36','2015-07-07 20:38:36');
INSERT INTO "genders" VALUES(2,'Femenino','2015-07-07 20:38:37','2015-07-07 20:38:37');
CREATE TABLE "states" ("id" integer not null primary key autoincrement, "description" varchar not null, "created_at" datetime not null, "updated_at" datetime not null);
INSERT INTO "states" VALUES(1,'Distrito Capital','2015-07-08 01:08:37','2015-07-08 01:08:37');
CREATE TABLE "towns" ("id" integer not null primary key autoincrement, "state_id" integer not null, "description" varchar not null, "created_at" datetime not null, "updated_at" datetime not null, foreign key("state_id") references "states"("id"));
INSERT INTO "towns" VALUES(1,1,'Libertador','2015-07-08 01:08:37','2015-07-08 01:08:37');
CREATE TABLE "parishes" ("id" integer not null primary key autoincrement, "town_id" integer not null, "description" varchar not null, "created_at" datetime not null, "updated_at" datetime not null, foreign key("town_id") references "towns"("id"));
INSERT INTO "parishes" VALUES(1,1,'Altagracia','2015-07-08 01:08:37','2015-07-08 01:08:37');
CREATE TABLE "directions" ("id" integer not null primary key autoincrement, "directionable_id" integer not null, "directionable_type" varchar not null, "parish_id" integer not null, "details" varchar null, "created_at" datetime not null, "updated_at" datetime not null, "created_by" integer not null, "updated_by" integer not null, "deleted_at" datetime null, foreign key("parish_id") references "parishes"("id"), foreign key("created_by") references "users"("id"), foreign key("updated_by") references "users"("id"));
INSERT INTO "directions" VALUES(1,1,'App\Person',1,'Calle del tester.','2015-07-07 20:38:38','2015-07-07 20:38:38',1,1,NULL);
INSERT INTO "directions" VALUES(2,2,'App\Person',1,'Calle del dummy.','2015-07-07 20:38:38','2015-07-07 20:38:38',2,2,NULL);
INSERT INTO "directions" VALUES(3,1,'App\Product',1,'Avinguda Casares, 7, Ático 0º','2015-07-07 20:38:44','2015-07-07 20:38:44',1,1,NULL);
INSERT INTO "directions" VALUES(4,2,'App\Product',1,'Plaza Maria, 371, 0º 0º','2015-07-07 20:38:44','2015-07-07 20:38:44',1,1,NULL);
INSERT INTO "directions" VALUES(5,3,'App\Product',1,'Plaza Juan, 361, Ático 2º','2015-07-07 20:38:45','2015-07-07 20:38:45',1,1,NULL);
INSERT INTO "directions" VALUES(6,4,'App\Product',1,'Carrer Natalia, 32, 2º E','2015-07-07 20:38:45','2015-07-07 20:38:45',1,1,NULL);
INSERT INTO "directions" VALUES(7,5,'App\Product',1,'Plaça Rafael, 3, 6º E','2015-07-07 20:38:45','2015-07-07 20:38:45',1,1,NULL);
INSERT INTO "directions" VALUES(8,6,'App\Product',1,'Travessera Macias, 935, Bajo 7º','2015-07-07 20:38:46','2015-07-07 20:38:46',1,1,NULL);
INSERT INTO "directions" VALUES(9,7,'App\Product',1,'Passeig Holguín, 926, 2º B','2015-07-07 20:38:46','2015-07-07 20:38:46',1,1,NULL);
INSERT INTO "directions" VALUES(10,7,'App\Product',1,'Carrer Eric, 04, 6º B','2015-07-07 20:38:46','2015-07-07 20:38:46',1,1,NULL);
CREATE TABLE "profiles" ("id" integer not null primary key autoincrement, "description" varchar not null, "created_at" datetime not null, "updated_at" datetime not null);
INSERT INTO "profiles" VALUES(1,'Administrador','2015-07-07 20:38:36','2015-07-07 20:38:36');
INSERT INTO "profiles" VALUES(2,'Usuario','2015-07-07 20:38:36','2015-07-07 20:38:36');
INSERT INTO "profiles" VALUES(3,'Desactivado','2015-07-07 20:38:36','2015-07-07 20:38:36');
CREATE TABLE "nationalities" ("id" integer not null primary key autoincrement, "description" varchar not null, "created_at" datetime not null, "updated_at" datetime not null);
INSERT INTO "nationalities" VALUES(1,'Venezolano','2015-07-07 20:38:37','2015-07-07 20:38:37');
INSERT INTO "nationalities" VALUES(2,'Extrangero','2015-07-07 20:38:37','2015-07-07 20:38:37');
CREATE TABLE "people" ("id" integer not null primary key autoincrement, "user_id" integer not null, "gender_id" integer null, "nationality_id" integer null, "first_name" varchar null, "last_name" varchar null, "first_surname" varchar null, "last_surname" varchar null, "identity_card" varchar null, "phone" varchar null, "birth_date" date null, "created_at" datetime not null, "updated_at" datetime not null, foreign key("user_id") references "users"("id") on delete cascade, foreign key("gender_id") references "genders"("id"), foreign key("nationality_id") references "nationalities"("id"));
INSERT INTO "people" VALUES(1,1,1,1,'tester',NULL,'tester',NULL,'10000001',NULL,'1999-09-09','2015-07-07 20:38:38','2015-07-07 20:38:38');
INSERT INTO "people" VALUES(2,2,1,1,'dummy',NULL,'dummy',NULL,'10000002',NULL,'1999-09-09','2015-07-07 20:38:38','2015-07-07 20:38:38');
CREATE TABLE "makers" ("id" integer not null primary key autoincrement, "name" varchar not null, "slug" varchar not null, "domain" varchar null, "url" varchar null, "created_at" datetime not null, "updated_at" datetime not null);
INSERT INTO "makers" VALUES(1,'Corporación Herrera','corporacion-herrera','Mondragon.com','http://Barroso.com.es/','2015-07-07 20:38:40','2015-07-07 20:38:40');
INSERT INTO "makers" VALUES(2,'Ordoñez-Pereira y Flia.','ordonez-pereira-y-flia','Laboy.es','http://Briseno.com.es/aut-porro-placeat-molestiae-ut','2015-07-07 20:38:41','2015-07-07 20:38:41');
INSERT INTO "makers" VALUES(3,'Ruiz de Esparza S. de H.','ruiz-de-esparza-s-de-h','Valles.es','http://www.Navarro.org/repellat-at-in-ipsum-laborum-quibusdam.html','2015-07-07 20:38:41','2015-07-07 20:38:41');
INSERT INTO "makers" VALUES(4,'Empresa Martínez','empresa-martinez','Rocha.org','http://www.Carrasquillo.net/','2015-07-07 20:38:42','2015-07-07 20:38:42');
INSERT INTO "makers" VALUES(5,'Balderas-Cortés','balderas-cortes','Pedraza.com','http://Saez.com/temporibus-et-quas-modi-nulla-nobis-ut-aut-illo','2015-07-07 20:38:42','2015-07-07 20:38:42');
INSERT INTO "makers" VALUES(6,'Carreón y Quintero y Asoc.','carreon-y-quintero-y-asoc','Valadez.es','http://www.Simon.org/qui-voluptates-quidem-voluptatibus','2015-07-07 20:38:43','2015-07-07 20:38:43');
INSERT INTO "makers" VALUES(7,'Empresa Cortés','empresa-cortes','Cuesta.es','http://www.Tomas.com.es/animi-ad-id-molestias-id-et-et-libero','2015-07-07 20:38:43','2015-07-07 20:38:43');
CREATE TABLE "categories" ("id" integer not null primary key autoincrement, "description" varchar not null, "info" varchar not null, "slug" varchar not null, "created_at" datetime not null, "updated_at" datetime not null);
INSERT INTO "categories" VALUES(1,'Productos Agro-Industriales','Sapiente non est voluptatum ducimus distinctio voluptatem. Dolores eaque natus est ipsum perspiciatis. Perferendis veritatis aut voluptatem atque facere sed.','productos-agro-industriales','2015-07-07 20:38:39','2015-07-07 20:38:39');
INSERT INTO "categories" VALUES(2,'Productos Alimenticios','Voluptas et omnis occaecati sequi fugit. Atque consequatur ipsa molestiae quae dicta. Laboriosam non qui ipsam quod praesentium assumenda. Earum illum ad enim fuga aliquid quia.','productos-alimenticios','2015-07-07 20:38:39','2015-07-07 20:38:39');
CREATE TABLE "sub_categories" ("id" integer not null primary key autoincrement, "category_id" integer not null, "description" varchar not null, "info" varchar not null, "slug" varchar not null, "created_at" datetime not null, "updated_at" datetime not null, foreign key("category_id") references "categories"("id") on delete cascade);
INSERT INTO "sub_categories" VALUES(1,1,'Maquinaria Pesada','Voluptas quo aut molestias impedit. Ea repellendus a nisi id incidunt quos aut nobis. Consequatur rerum consequatur harum totam eligendi. Et sunt distinctio ut quam culpa quae nihil.','maquinaria-pesada','2015-07-07 20:38:39','2015-07-07 20:38:39');
INSERT INTO "sub_categories" VALUES(2,1,'Tractores','Est neque assumenda ipsum atque quia voluptatem enim non. Quis animi inventore facere. Possimus culpa est odio sint nesciunt velit sed. Quia doloribus enim similique blanditiis.','tractores','2015-07-07 20:38:39','2015-07-07 20:38:39');
INSERT INTO "sub_categories" VALUES(3,1,'Maquinaria Ligera','Perferendis praesentium repellendus in culpa est. Et velit aut tempore impedit ratione maiores voluptatem qui. Deserunt laudantium vel doloremque maiores rerum quas eligendi.','maquinaria-ligera','2015-07-07 20:38:39','2015-07-07 20:38:39');
INSERT INTO "sub_categories" VALUES(4,2,'Chocolate','Enim consequatur veritatis eos ad nesciunt eveniet. Consectetur vel saepe quaerat ipsum. Tenetur molestiae maxime et odit. Et repellendus expedita libero dolorem dolore repellendus dolor.','chocolate','2015-07-07 20:38:39','2015-07-07 20:38:39');
INSERT INTO "sub_categories" VALUES(5,2,'Arroz','Quod fugit minima esse et delectus. Impedit consequatur ea et cupiditate ut adipisci. Dolores expedita illo sed et. Nostrum quasi ipsum excepturi sequi voluptas illo ea modi.','arroz','2015-07-07 20:38:40','2015-07-07 20:38:40');
INSERT INTO "sub_categories" VALUES(6,2,'Avena','Doloribus vel voluptas tempora occaecati. Modi illum voluptatem amet est consectetur vel dolorum.','avena','2015-07-07 20:38:40','2015-07-07 20:38:40');
INSERT INTO "sub_categories" VALUES(7,2,'Soya','Suscipit alias quia veniam. Deleniti porro voluptatem iure dolorem eos. Blanditiis qui aut amet repellendus eos explicabo.','soya','2015-07-07 20:38:40','2015-07-07 20:38:40');
CREATE TABLE "products" ("id" integer not null primary key autoincrement, "user_id" integer not null, "maker_id" integer not null, "sub_category_id" integer not null, "title" varchar not null, "description" text not null, "price" float not null, "quantity" integer not null, "slug" varchar not null, "created_at" datetime not null, "updated_at" datetime not null, "created_by" integer not null, "updated_by" integer not null, "deleted_at" datetime null, foreign key("user_id") references "users"("id") on delete cascade, foreign key("maker_id") references "makers"("id"), foreign key("sub_category_id") references "sub_categories"("id"), foreign key("created_by") references "users"("id"), foreign key("updated_by") references "users"("id"));
INSERT INTO "products" VALUES(1,1,2,1,'Voluptatem quo accusantium ipsa ratione voluptatem sunt.','Sunt nesciunt voluptatem facere veniam ea incidunt voluptatem. Consectetur rem autem vitae. Omnis rerum aut est illum officia. Pariatur voluptate eligendi sapiente est eius debitis voluptatem.',3681912905.8,9,'voluptatem-quo-accusantium-ipsa-ratione-voluptatem-sunt','2015-07-07 20:38:43','2015-07-07 20:38:43',1,1,NULL);
INSERT INTO "products" VALUES(2,1,3,2,'Officiis quis voluptate sit.','Magni quis culpa beatae ex. Eligendi enim omnis sequi similique hic voluptas. Facilis molestias exercitationem consequatur dolores ratione.',8673956666.74,9,'officiis-quis-voluptate-sit','2015-07-07 20:38:44','2015-07-07 20:38:44',1,1,NULL);
INSERT INTO "products" VALUES(3,1,4,3,'Beatae placeat porro qui sint dolore earum.','Ut ex mollitia et delectus vel accusantium ipsam eum. Et laboriosam nostrum rem. Ut deleniti occaecati corrupti mollitia voluptate.',1633145320.68,9,'beatae-placeat-porro-qui-sint-dolore-earum','2015-07-07 20:38:44','2015-07-07 20:38:44',1,1,NULL);
INSERT INTO "products" VALUES(4,1,1,4,'Quis sapiente dolor molestiae incidunt iure quas.','Commodi ut quo magni. Consequuntur nihil laudantium odit rerum. At corrupti earum soluta sequi.',6114944600.61,9,'quis-sapiente-dolor-molestiae-incidunt-iure-quas','2015-07-07 20:38:45','2015-07-07 20:38:45',1,1,NULL);
INSERT INTO "products" VALUES(5,1,4,5,'Et eum eligendi quis nesciunt veritatis numquam.','Labore nihil possimus dolore tenetur omnis. Recusandae tenetur iste quisquam iure temporibus. Distinctio possimus earum molestiae pariatur nobis eum.',3560515386.56,8,'et-eum-eligendi-quis-nesciunt-veritatis-numquam','2015-07-07 20:38:45','2015-07-07 20:38:45',1,1,NULL);
INSERT INTO "products" VALUES(6,1,3,6,'Suscipit assumenda tenetur alias rerum error aut.','Est ducimus nihil laboriosam sint maiores et. Rerum pariatur illo atque vel quam. Omnis vel ipsam sunt nam vel architecto dolorum a. Eveniet placeat quo quasi ducimus dicta ea illum.',9647095564.36,7,'suscipit-assumenda-tenetur-alias-rerum-error-aut','2015-07-07 20:38:45','2015-07-07 20:38:45',1,1,NULL);
INSERT INTO "products" VALUES(7,1,1,1,'Laboriosam assumenda explicabo sit quis ut.','Quas quae et aspernatur harum. Id sapiente corporis sit sit beatae. Repellendus nihil voluptatem voluptas aspernatur facilis animi. Assumenda sit sunt aliquam aut nobis deserunt inventore.',7193813047.33,6,'laboriosam-assumenda-explicabo-sit-quis-ut','2015-07-07 20:38:46','2015-07-07 20:38:46',1,1,NULL);
CREATE TABLE "promo_types" ("id" integer not null primary key autoincrement, "description" varchar not null, "created_at" datetime not null, "updated_at" datetime not null);
INSERT INTO "promo_types" VALUES(1,'Producto sin imagen','2015-07-07 20:39:04','2015-07-07 20:39:04');
INSERT INTO "promo_types" VALUES(2,'1:1 300x300','2015-07-07 20:39:04','2015-07-07 20:39:04');
INSERT INTO "promo_types" VALUES(3,'4:1 1200x300','2015-07-07 20:39:04','2015-07-07 20:39:04');
INSERT INTO "promo_types" VALUES(4,'4:3 640x480','2015-07-07 20:39:04','2015-07-07 20:39:04');
INSERT INTO "promo_types" VALUES(5,'12:5 1200x500','2015-07-07 20:39:05','2015-07-07 20:39:05');
INSERT INTO "promo_types" VALUES(6,'13:5 1300x500','2015-07-07 20:39:05','2015-07-07 20:39:05');
INSERT INTO "promo_types" VALUES(7,'16:9 1280x720','2015-07-07 20:39:05','2015-07-07 20:39:05');
INSERT INTO "promo_types" VALUES(8,'verano','2015-07-07 20:39:05','2015-07-07 20:39:05');
INSERT INTO "promo_types" VALUES(9,'otoño','2015-07-07 20:39:05','2015-07-07 20:39:05');
INSERT INTO "promo_types" VALUES(10,'invierno','2015-07-07 20:39:05','2015-07-07 20:39:05');
INSERT INTO "promo_types" VALUES(11,'primavera','2015-07-07 20:39:05','2015-07-07 20:39:05');
CREATE TABLE "promotions" ("id" integer not null primary key autoincrement, "promo_type_id" integer not null, "title" varchar not null, "slug" varchar not null, "percentage" integer null, "static" integer null, "begins" date not null, "ends" date not null, "created_at" datetime not null, "updated_at" datetime not null, foreign key("promo_type_id") references "promo_types"("id"));
INSERT INTO "promotions" VALUES(1,11,'Lleva 2, paga 3!','lleva-2-paga-3',10,100,'2011-07-07','2016-07-07','2015-07-07 20:39:06','2015-07-07 20:39:06');
CREATE TABLE "product_promotion" ("product_id" integer not null, "promotion_id" integer not null, foreign key("product_id") references "products"("id"), foreign key("promotion_id") references "promotions"("id"));
INSERT INTO "product_promotion" VALUES(1,1);
CREATE TABLE "files" ("id" integer not null primary key autoincrement, "fileable_id" integer not null, "fileable_type" varchar not null, "path" varchar not null, "mime" varchar not null, "created_at" datetime not null, "updated_at" datetime not null, "created_by" integer not null, "updated_by" integer not null, foreign key("created_by") references "users"("id"), foreign key("updated_by") references "users"("id"));
INSERT INTO "files" VALUES(1,1,'App\Feature','products/1/201507070807074747-ghUshl1cZ9KJdCafqDOs.pdf','application/pdf','2015-07-07 20:38:47','2015-07-07 20:38:47',1,1);
INSERT INTO "files" VALUES(2,2,'App\Feature','products/1/201507070807074747-2WxnT6YJnsRuVdkXlOeg.pdf','application/pdf','2015-07-07 20:38:47','2015-07-07 20:38:47',1,1);
INSERT INTO "files" VALUES(3,3,'App\Feature','products/2/201507070807074848-a2gaigLNfoOgp5UXLJWS.pdf','application/pdf','2015-07-07 20:38:48','2015-07-07 20:38:48',1,1);
INSERT INTO "files" VALUES(4,4,'App\Feature','products/2/201507070807074848-zqDJNMZWg3CUha5C2hMN.pdf','application/pdf','2015-07-07 20:38:48','2015-07-07 20:38:48',1,1);
INSERT INTO "files" VALUES(5,5,'App\Feature','products/3/201507070807074949-HyRc9Pj9b5tgBznhWuTj.pdf','application/pdf','2015-07-07 20:38:49','2015-07-07 20:38:49',1,1);
INSERT INTO "files" VALUES(6,6,'App\Feature','products/3/201507070807074949-QBdrmHwNj8ig0Cr3f4eD.pdf','application/pdf','2015-07-07 20:38:49','2015-07-07 20:38:49',1,1);
INSERT INTO "files" VALUES(7,7,'App\Feature','products/4/201507070807075050-ytcYrNFytSwj4hT6IW5Z.pdf','application/pdf','2015-07-07 20:38:50','2015-07-07 20:38:50',1,1);
INSERT INTO "files" VALUES(8,8,'App\Feature','products/4/201507070807075050-Z8i3GO0uHiRpfAdKOZRH.pdf','application/pdf','2015-07-07 20:38:50','2015-07-07 20:38:50',1,1);
INSERT INTO "files" VALUES(9,9,'App\Feature','products/5/201507070807075151-151rp7ohXBIf3Jyksw1V.pdf','application/pdf','2015-07-07 20:38:51','2015-07-07 20:38:51',1,1);
INSERT INTO "files" VALUES(10,10,'App\Feature','products/5/201507070807075151-NDWJZ5yKTUNBKsi5emXc.pdf','application/pdf','2015-07-07 20:38:51','2015-07-07 20:38:51',1,1);
INSERT INTO "files" VALUES(11,11,'App\Feature','products/6/201507070807075252-vteUGqnxrhGKUi4Va9VO.pdf','application/pdf','2015-07-07 20:38:52','2015-07-07 20:38:52',1,1);
INSERT INTO "files" VALUES(12,12,'App\Feature','products/6/201507070807075252-cafF4onmrAd8FwgzUoCq.pdf','application/pdf','2015-07-07 20:38:52','2015-07-07 20:38:52',1,1);
INSERT INTO "files" VALUES(13,13,'App\Feature','products/7/201507070807075353-227IYzhYs3E394SckOHh.pdf','application/pdf','2015-07-07 20:38:53','2015-07-07 20:38:53',1,1);
INSERT INTO "files" VALUES(14,14,'App\Feature','products/7/201507070807075353-PNQWeLwmOeHShP6o1H3y.pdf','application/pdf','2015-07-07 20:38:53','2015-07-07 20:38:53',1,1);
INSERT INTO "files" VALUES(15,1,'App\Product','products/1/201507070807070101-0ojU2sEYaPSiXuoXbNuk.pdf','application/pdf','2015-07-07 20:39:01','2015-07-07 20:39:01',1,1);
INSERT INTO "files" VALUES(16,2,'App\Product','products/2/201507070807070202-iLpPUP3dy37MEqvLzhxH.pdf','application/pdf','2015-07-07 20:39:02','2015-07-07 20:39:02',1,1);
INSERT INTO "files" VALUES(17,3,'App\Product','products/3/201507070807070202-HQxVLfw29pPBATDsdaUn.pdf','application/pdf','2015-07-07 20:39:02','2015-07-07 20:39:02',1,1);
INSERT INTO "files" VALUES(18,4,'App\Product','products/4/201507070807070303-4xT18sRcdRNM4qRYd4zZ.pdf','application/pdf','2015-07-07 20:39:03','2015-07-07 20:39:03',1,1);
INSERT INTO "files" VALUES(19,5,'App\Product','products/5/201507070807070303-Q6UT44bWso4hlOVzuKWm.pdf','application/pdf','2015-07-07 20:39:03','2015-07-07 20:39:03',1,1);
INSERT INTO "files" VALUES(20,6,'App\Product','products/6/201507070807070303-lvRmEiObKby5AnU4aMB2.pdf','application/pdf','2015-07-07 20:39:03','2015-07-07 20:39:03',1,1);
INSERT INTO "files" VALUES(21,7,'App\Product','products/7/201507070807070404-d81rNIOPRmubpnf2XJ2H.pdf','application/pdf','2015-07-07 20:39:04','2015-07-07 20:39:04',1,1);
CREATE TABLE "images" ("id" integer not null primary key autoincrement, "imageable_id" integer not null, "imageable_type" varchar not null, "path" varchar not null, "mime" varchar not null, "alt" varchar not null, "created_at" datetime not null, "updated_at" datetime not null, "created_by" integer not null, "updated_by" integer not null, foreign key("created_by") references "users"("id"), foreign key("updated_by") references "users"("id"));
INSERT INTO "images" VALUES(1,1,'App\Maker','makers/1/201507070807074040-efoAkU2JWG17fyclgRse.gif','image/gif','orbiagro.com.ve subastas compra y venta: corporacion-herrera','2015-07-07 20:38:40','2015-07-07 20:38:40',1,1);
INSERT INTO "images" VALUES(2,2,'App\Maker','makers/2/201507070807074141-gjQWaaJdgrGrX6CdJzhe.gif','image/gif','orbiagro.com.ve subastas compra y venta: ordonez-pereira-y-flia','2015-07-07 20:38:41','2015-07-07 20:38:41',1,1);
INSERT INTO "images" VALUES(3,3,'App\Maker','makers/3/201507070807074141-9aMnJiJ8jskx1rpGBxVT.gif','image/gif','orbiagro.com.ve subastas compra y venta: ruiz-de-esparza-s-de-h','2015-07-07 20:38:41','2015-07-07 20:38:41',1,1);
INSERT INTO "images" VALUES(4,4,'App\Maker','makers/4/201507070807074242-nq5BBl3L7wNbW2QarIyU.gif','image/gif','orbiagro.com.ve subastas compra y venta: empresa-martinez','2015-07-07 20:38:42','2015-07-07 20:38:42',1,1);
INSERT INTO "images" VALUES(5,5,'App\Maker','makers/5/201507070807074242-CixzwErMo2735fl09GZM.gif','image/gif','orbiagro.com.ve subastas compra y venta: balderas-cortes','2015-07-07 20:38:42','2015-07-07 20:38:42',1,1);
INSERT INTO "images" VALUES(6,6,'App\Maker','makers/6/201507070807074343-lcw3ypOxLAt4XLfxMyb2.gif','image/gif','orbiagro.com.ve subastas compra y venta: carreon-y-quintero-y-asoc','2015-07-07 20:38:43','2015-07-07 20:38:43',1,1);
INSERT INTO "images" VALUES(7,7,'App\Maker','makers/7/201507070807074343-8B9WuF8EBMOtt4R6xWqU.gif','image/gif','orbiagro.com.ve subastas compra y venta: empresa-cortes','2015-07-07 20:38:43','2015-07-07 20:38:43',1,1);
INSERT INTO "images" VALUES(8,1,'App\Feature','products/1/201507070807074747-iiYaK0acQ0xGQtQYRHPr.gif','image/gif','orbiagro.com.ve subastas compra y venta: tester','2015-07-07 20:38:47','2015-07-07 20:38:47',1,1);
INSERT INTO "images" VALUES(9,2,'App\Feature','products/1/201507070807074747-rvYParHmfYDedsRYIKth.gif','image/gif','orbiagro.com.ve subastas compra y venta: tester','2015-07-07 20:38:47','2015-07-07 20:38:47',1,1);
INSERT INTO "images" VALUES(10,3,'App\Feature','products/2/201507070807074848-FKRiKmWXnseqiZgA4IFe.gif','image/gif','orbiagro.com.ve subastas compra y venta: tester','2015-07-07 20:38:48','2015-07-07 20:38:48',1,1);
INSERT INTO "images" VALUES(11,4,'App\Feature','products/2/201507070807074848-QDdVb2SmM6wQmv9bPaBg.gif','image/gif','orbiagro.com.ve subastas compra y venta: tester','2015-07-07 20:38:48','2015-07-07 20:38:48',1,1);
INSERT INTO "images" VALUES(12,5,'App\Feature','products/3/201507070807074949-19G04vmBwocMw7JkK18a.gif','image/gif','orbiagro.com.ve subastas compra y venta: tester','2015-07-07 20:38:49','2015-07-07 20:38:49',1,1);
INSERT INTO "images" VALUES(13,6,'App\Feature','products/3/201507070807074949-ZUoustwedxW4fqfVviTS.gif','image/gif','orbiagro.com.ve subastas compra y venta: tester','2015-07-07 20:38:49','2015-07-07 20:38:49',1,1);
INSERT INTO "images" VALUES(14,7,'App\Feature','products/4/201507070807075050-DDGpjAZDfLbxMpOdNPiA.gif','image/gif','orbiagro.com.ve subastas compra y venta: tester','2015-07-07 20:38:50','2015-07-07 20:38:50',1,1);
INSERT INTO "images" VALUES(15,8,'App\Feature','products/4/201507070807075050-9ojKbuO21ER201khSEkP.gif','image/gif','orbiagro.com.ve subastas compra y venta: tester','2015-07-07 20:38:50','2015-07-07 20:38:50',1,1);
INSERT INTO "images" VALUES(16,9,'App\Feature','products/5/201507070807075151-J5ZcLCWOOlBDMB7n6aVL.gif','image/gif','orbiagro.com.ve subastas compra y venta: tester','2015-07-07 20:38:51','2015-07-07 20:38:51',1,1);
INSERT INTO "images" VALUES(17,10,'App\Feature','products/5/201507070807075151-CG4lu19eHyMr7bMsxicv.gif','image/gif','orbiagro.com.ve subastas compra y venta: tester','2015-07-07 20:38:51','2015-07-07 20:38:51',1,1);
INSERT INTO "images" VALUES(18,11,'App\Feature','products/6/201507070807075151-SLikNBMKVwCLlQgdkyRI.gif','image/gif','orbiagro.com.ve subastas compra y venta: tester','2015-07-07 20:38:51','2015-07-07 20:38:51',1,1);
INSERT INTO "images" VALUES(19,12,'App\Feature','products/6/201507070807075252-oyIZ4M6AxX2H6PfCIZ3Q.gif','image/gif','orbiagro.com.ve subastas compra y venta: tester','2015-07-07 20:38:52','2015-07-07 20:38:52',1,1);
INSERT INTO "images" VALUES(20,13,'App\Feature','products/7/201507070807075252-DaYTAaWIiJmeDvBL4NWY.gif','image/gif','orbiagro.com.ve subastas compra y venta: tester','2015-07-07 20:38:52','2015-07-07 20:38:52',1,1);
INSERT INTO "images" VALUES(21,14,'App\Feature','products/7/201507070807075353-FT3ZLif7VGdJURIzQXRn.gif','image/gif','orbiagro.com.ve subastas compra y venta: tester','2015-07-07 20:38:53','2015-07-07 20:38:53',1,1);
INSERT INTO "images" VALUES(22,1,'App\Product','products/1/201507070807070101-SvYMhRIfbTYs4bHKaWKf.gif','image/gif','orbiagro.com.ve subastas compra y venta: voluptatem-quo-accusantium-ipsa-ratione-voluptatem-sunt','2015-07-07 20:39:01','2015-07-07 20:39:01',1,1);
INSERT INTO "images" VALUES(23,2,'App\Product','products/2/201507070807070101-Ry30GWBOKFOQwkRqmzKn.gif','image/gif','orbiagro.com.ve subastas compra y venta: officiis-quis-voluptate-sit','2015-07-07 20:39:01','2015-07-07 20:39:01',1,1);
INSERT INTO "images" VALUES(24,3,'App\Product','products/3/201507070807070202-FL2fd8UrrfRZtmoQDD7u.gif','image/gif','orbiagro.com.ve subastas compra y venta: beatae-placeat-porro-qui-sint-dolore-earum','2015-07-07 20:39:02','2015-07-07 20:39:02',1,1);
INSERT INTO "images" VALUES(25,4,'App\Product','products/4/201507070807070303-55R9YMhIC3MmriWo7ZfI.gif','image/gif','orbiagro.com.ve subastas compra y venta: quis-sapiente-dolor-molestiae-incidunt-iure-quas','2015-07-07 20:39:03','2015-07-07 20:39:03',1,1);
INSERT INTO "images" VALUES(26,5,'App\Product','products/5/201507070807070303-loYXXnAHYOS6DSamU9Bx.gif','image/gif','orbiagro.com.ve subastas compra y venta: et-eum-eligendi-quis-nesciunt-veritatis-numquam','2015-07-07 20:39:03','2015-07-07 20:39:03',1,1);
INSERT INTO "images" VALUES(27,6,'App\Product','products/6/201507070807070303-8wKG4k87Wk0bOedz1drm.gif','image/gif','orbiagro.com.ve subastas compra y venta: suscipit-assumenda-tenetur-alias-rerum-error-aut','2015-07-07 20:39:03','2015-07-07 20:39:03',1,1);
INSERT INTO "images" VALUES(28,7,'App\Product','products/7/201507070807070404-u3ccbjZ2Vse04bMpS9ge.gif','image/gif','orbiagro.com.ve subastas compra y venta: laboriosam-assumenda-explicabo-sit-quis-ut','2015-07-07 20:39:04','2015-07-07 20:39:04',1,1);
INSERT INTO "images" VALUES(29,1,'App\Promotion','promos/1/201507070807070606-BRinrF1WPXbyIZef89CB.gif','image/gif','orbiagro.com.ve subastas compra y venta: lleva-2-paga-3','2015-07-07 20:39:06','2015-07-07 20:39:06',1,1);
INSERT INTO "images" VALUES(30,1,'App\Category','category/1/201507070807070606-Vgdylcr3eAu54yKcz2bn.gif','image/gif','orbiagro.com.ve subastas compra y venta: ','2015-07-07 20:39:06','2015-07-07 20:39:06',1,1);
INSERT INTO "images" VALUES(31,2,'App\Category','category/2/201507070807070606-loYW9sMA052ccExx7gM7.gif','image/gif','orbiagro.com.ve subastas compra y venta: ','2015-07-07 20:39:06','2015-07-07 20:39:06',1,1);
INSERT INTO "images" VALUES(32,1,'App\SubCategory','sub-category/1/201507070807070606-EZrbUy0dgFueQr77zOMt.gif','image/gif','orbiagro.com.ve subastas compra y venta: ','2015-07-07 20:39:06','2015-07-07 20:39:06',1,1);
INSERT INTO "images" VALUES(33,2,'App\SubCategory','sub-category/2/201507070807070707-mqWhw8acT3QwmiZJT6MZ.gif','image/gif','orbiagro.com.ve subastas compra y venta: ','2015-07-07 20:39:07','2015-07-07 20:39:07',1,1);
INSERT INTO "images" VALUES(34,3,'App\SubCategory','sub-category/3/201507070807070707-s9hHVFTOrkQKRSfqxXLC.gif','image/gif','orbiagro.com.ve subastas compra y venta: ','2015-07-07 20:39:07','2015-07-07 20:39:07',1,1);
INSERT INTO "images" VALUES(35,4,'App\SubCategory','sub-category/4/201507070807070707-AooX7XufNDJcGmx8eNbQ.gif','image/gif','orbiagro.com.ve subastas compra y venta: ','2015-07-07 20:39:07','2015-07-07 20:39:07',1,1);
INSERT INTO "images" VALUES(36,5,'App\SubCategory','sub-category/5/201507070807070707-jqgO4u9QeZJUX0bLyVtk.gif','image/gif','orbiagro.com.ve subastas compra y venta: ','2015-07-07 20:39:07','2015-07-07 20:39:07',1,1);
INSERT INTO "images" VALUES(37,6,'App\SubCategory','sub-category/6/201507070807070707-1WJtRPRvoyTcBqtCpXeY.gif','image/gif','orbiagro.com.ve subastas compra y venta: ','2015-07-07 20:39:07','2015-07-07 20:39:07',1,1);
INSERT INTO "images" VALUES(38,7,'App\SubCategory','sub-category/7/201507070807070707-SKhTJ4t0Q3ifq2AauhnZ.gif','image/gif','orbiagro.com.ve subastas compra y venta: ','2015-07-07 20:39:07','2015-07-07 20:39:07',1,1);
CREATE TABLE "characteristics" ("id" integer not null primary key autoincrement, "product_id" integer not null, "height" integer null, "width" integer null, "depth" integer null, "weight" integer null, "units" integer null, "created_at" datetime not null, "updated_at" datetime not null, "created_by" integer not null, "updated_by" integer not null, foreign key("product_id") references "products"("id"), foreign key("created_by") references "users"("id"), foreign key("updated_by") references "users"("id"));
INSERT INTO "characteristics" VALUES(1,1,1,1,1,1,1,'2015-07-07 20:38:53','2015-07-07 20:38:53',1,1);
INSERT INTO "characteristics" VALUES(2,2,1,1,1,1,1,'2015-07-07 20:38:53','2015-07-07 20:38:53',1,1);
INSERT INTO "characteristics" VALUES(3,3,1,1,1,1,1,'2015-07-07 20:38:54','2015-07-07 20:38:54',1,1);
INSERT INTO "characteristics" VALUES(4,4,1,1,1,1,1,'2015-07-07 20:38:54','2015-07-07 20:38:54',1,1);
INSERT INTO "characteristics" VALUES(5,5,1,1,1,1,1,'2015-07-07 20:38:54','2015-07-07 20:38:54',1,1);
INSERT INTO "characteristics" VALUES(6,6,1,1,1,1,1,'2015-07-07 20:38:54','2015-07-07 20:38:54',1,1);
INSERT INTO "characteristics" VALUES(7,7,1,1,1,1,1,'2015-07-07 20:38:54','2015-07-07 20:38:54',1,1);
CREATE TABLE "features" ("id" integer not null primary key autoincrement, "product_id" integer not null, "title" varchar not null, "description" varchar not null, "created_at" datetime not null, "updated_at" datetime not null, "created_by" integer not null, "updated_by" integer not null, foreign key("product_id") references "products"("id"), foreign key("created_by") references "users"("id"), foreign key("updated_by") references "users"("id"));
INSERT INTO "features" VALUES(1,1,'tester','tester','2015-07-07 20:38:47','2015-07-07 20:38:47',1,1);
INSERT INTO "features" VALUES(2,1,'tester','tester','2015-07-07 20:38:47','2015-07-07 20:38:47',1,1);
INSERT INTO "features" VALUES(3,2,'tester','tester','2015-07-07 20:38:47','2015-07-07 20:38:47',1,1);
INSERT INTO "features" VALUES(4,2,'tester','tester','2015-07-07 20:38:48','2015-07-07 20:38:48',1,1);
INSERT INTO "features" VALUES(5,3,'tester','tester','2015-07-07 20:38:48','2015-07-07 20:38:48',1,1);
INSERT INTO "features" VALUES(6,3,'tester','tester','2015-07-07 20:38:49','2015-07-07 20:38:49',1,1);
INSERT INTO "features" VALUES(7,4,'tester','tester','2015-07-07 20:38:49','2015-07-07 20:38:49',1,1);
INSERT INTO "features" VALUES(8,4,'tester','tester','2015-07-07 20:38:50','2015-07-07 20:38:50',1,1);
INSERT INTO "features" VALUES(9,5,'tester','tester','2015-07-07 20:38:50','2015-07-07 20:38:50',1,1);
INSERT INTO "features" VALUES(10,5,'tester','tester','2015-07-07 20:38:51','2015-07-07 20:38:51',1,1);
INSERT INTO "features" VALUES(11,6,'tester','tester','2015-07-07 20:38:51','2015-07-07 20:38:51',1,1);
INSERT INTO "features" VALUES(12,6,'tester','tester','2015-07-07 20:38:52','2015-07-07 20:38:52',1,1);
INSERT INTO "features" VALUES(13,7,'tester','tester','2015-07-07 20:38:52','2015-07-07 20:38:52',1,1);
INSERT INTO "features" VALUES(14,7,'tester','tester','2015-07-07 20:38:53','2015-07-07 20:38:53',1,1);
CREATE TABLE "mechanical_infos" ("id" integer not null primary key autoincrement, "product_id" integer not null, "motor" varchar null, "motor_serial" varchar null, "model" varchar null, "cylinders" integer null, "horsepower" integer null, "mileage" integer null, "traction" integer null, "lift" integer null, "created_at" datetime not null, "updated_at" datetime not null, "created_by" integer not null, "updated_by" integer not null, foreign key("product_id") references "products"("id"), foreign key("created_by") references "users"("id"), foreign key("updated_by") references "users"("id"));
INSERT INTO "mechanical_infos" VALUES(1,1,'1','1','1',1,1,1,1,1,'2015-07-07 20:38:55','2015-07-07 20:38:55',1,1);
INSERT INTO "mechanical_infos" VALUES(2,2,'1','1','1',1,1,1,1,1,'2015-07-07 20:38:56','2015-07-07 20:38:56',1,1);
INSERT INTO "mechanical_infos" VALUES(3,3,'1','1','1',1,1,1,1,1,'2015-07-07 20:38:56','2015-07-07 20:38:56',1,1);
INSERT INTO "mechanical_infos" VALUES(4,4,'1','1','1',1,1,1,1,1,'2015-07-07 20:38:56','2015-07-07 20:38:56',1,1);
INSERT INTO "mechanical_infos" VALUES(5,5,'1','1','1',1,1,1,1,1,'2015-07-07 20:38:56','2015-07-07 20:38:56',1,1);
INSERT INTO "mechanical_infos" VALUES(6,6,'1','1','1',1,1,1,1,1,'2015-07-07 20:38:56','2015-07-07 20:38:56',1,1);
INSERT INTO "mechanical_infos" VALUES(7,7,'1','1','1',1,1,1,1,1,'2015-07-07 20:38:56','2015-07-07 20:38:56',1,1);
CREATE TABLE "nutritionals" ("id" integer not null primary key autoincrement, "product_id" integer not null, "due" date null, "created_at" datetime not null, "updated_at" datetime not null, "created_by" integer not null, "updated_by" integer not null, foreign key("product_id") references "products"("id"), foreign key("created_by") references "users"("id"), foreign key("updated_by") references "users"("id"));
INSERT INTO "nutritionals" VALUES(1,1,'1999-09-09','2015-07-07 20:38:54','2015-07-07 20:38:54',1,1);
INSERT INTO "nutritionals" VALUES(2,2,'1999-09-09','2015-07-07 20:38:54','2015-07-07 20:38:54',1,1);
INSERT INTO "nutritionals" VALUES(3,3,'1999-09-09','2015-07-07 20:38:55','2015-07-07 20:38:55',1,1);
INSERT INTO "nutritionals" VALUES(4,4,'1999-09-09','2015-07-07 20:38:55','2015-07-07 20:38:55',1,1);
INSERT INTO "nutritionals" VALUES(5,5,'1999-09-09','2015-07-07 20:38:55','2015-07-07 20:38:55',1,1);
INSERT INTO "nutritionals" VALUES(6,6,'1999-09-09','2015-07-07 20:38:55','2015-07-07 20:38:55',1,1);
INSERT INTO "nutritionals" VALUES(7,7,'1999-09-09','2015-07-07 20:38:55','2015-07-07 20:38:55',1,1);
CREATE TABLE "visits" ("id" integer not null primary key autoincrement, "user_id" integer not null, "visitable_id" integer not null, "visitable_type" varchar not null, "total" integer not null, "created_at" datetime not null, "updated_at" datetime not null, foreign key("user_id") references "users"("id") on delete cascade);
INSERT INTO "visits" VALUES(1,1,1,'App\Product',1,'2015-07-07 20:39:01','2015-07-07 20:39:01');
CREATE TABLE "banks" ("id" integer not null primary key autoincrement, "description" varchar not null, "created_at" datetime not null, "updated_at" datetime not null);
INSERT INTO "banks" VALUES(1,'Sin Banco Asociado','2015-07-07 20:38:56','2015-07-07 20:38:56');
INSERT INTO "banks" VALUES(2,'Banco Duarte, Mascareñas y Pulido e Hija','2015-07-07 20:38:57','2015-07-07 20:38:57');
INSERT INTO "banks" VALUES(3,'Banco Gestora Polanco','2015-07-07 20:38:57','2015-07-07 20:38:57');
INSERT INTO "banks" VALUES(4,'Banco Gestora Roca','2015-07-07 20:38:57','2015-07-07 20:38:57');
INSERT INTO "banks" VALUES(5,'Banco Ozuna-Camarillo e Hija','2015-07-07 20:38:57','2015-07-07 20:38:57');
INSERT INTO "banks" VALUES(6,'Banco Sepúlveda y Grijalva','2015-07-07 20:38:57','2015-07-07 20:38:57');
INSERT INTO "banks" VALUES(7,'Banco Montoya y Peralta','2015-07-07 20:38:57','2015-07-07 20:38:57');
INSERT INTO "banks" VALUES(8,'Banco Olivárez-Tijerina','2015-07-07 20:38:58','2015-07-07 20:38:58');
INSERT INTO "banks" VALUES(9,'Banco Sierra de Fuentes S. de H.','2015-07-07 20:38:58','2015-07-07 20:38:58');
INSERT INTO "banks" VALUES(10,'Banco Saiz, Vidal y Miranda y Asoc.','2015-07-07 20:38:58','2015-07-07 20:38:58');
INSERT INTO "banks" VALUES(11,'Banco Air Ureña y Asoc.','2015-07-07 20:38:58','2015-07-07 20:38:58');
CREATE TABLE "card_types" ("id" integer not null primary key autoincrement, "description" varchar not null, "created_at" datetime not null, "updated_at" datetime not null);
INSERT INTO "card_types" VALUES(1,'Visa','2015-07-07 20:38:58','2015-07-07 20:38:58');
INSERT INTO "card_types" VALUES(2,'MasterCard','2015-07-07 20:38:58','2015-07-07 20:38:58');
INSERT INTO "card_types" VALUES(3,'American Express','2015-07-07 20:38:59','2015-07-07 20:38:59');
INSERT INTO "card_types" VALUES(4,'Discover Card','2015-07-07 20:38:59','2015-07-07 20:38:59');
INSERT INTO "card_types" VALUES(5,'Debito','2015-07-07 20:38:59','2015-07-07 20:38:59');
INSERT INTO "card_types" VALUES(6,'Sin Tarjeta Asociada','2015-07-07 20:38:59','2015-07-07 20:38:59');
CREATE TABLE "billings" ("id" integer not null primary key autoincrement, "user_id" integer not null, "bank_id" integer null, "card_type_id" integer null, "card_number" varchar null, "bank_account" varchar null, "expiration" varchar null, "comments" varchar null, "created_at" datetime not null, "updated_at" datetime not null, "created_by" integer not null, "updated_by" integer not null, foreign key("user_id") references "users"("id") on delete cascade, foreign key("bank_id") references "banks"("id"), foreign key("card_type_id") references "card_types"("id"), foreign key("created_by") references "users"("id"), foreign key("updated_by") references "users"("id"));
INSERT INTO "billings" VALUES(1,1,1,6,'4333432629344','ES2214204458929588500643','05/16','Sapiente sunt dolorum commodi laudantium. Animi deleniti sapiente molestias. Rerum quia voluptate magni voluptatum quas.','2015-07-07 20:38:59','2015-07-07 20:38:59',1,1);
INSERT INTO "billings" VALUES(2,2,1,6,'5217906801202603','ES9570290427395542178131','05/16','Labore ut fugiat exercitationem qui debitis. Architecto tempora blanditiis ea rem enim. Consequatur commodi ex ut et blanditiis amet.','2015-07-07 20:38:59','2015-07-07 20:38:59',2,2);
CREATE TABLE "maker_sub_category" ("maker_id" integer not null, "sub_category_id" integer not null, foreign key("maker_id") references "makers"("id"), foreign key("sub_category_id") references "sub_categories"("id"));
INSERT INTO "maker_sub_category" VALUES(1,1);
INSERT INTO "maker_sub_category" VALUES(2,2);
INSERT INTO "maker_sub_category" VALUES(3,3);
INSERT INTO "maker_sub_category" VALUES(4,4);
INSERT INTO "maker_sub_category" VALUES(5,5);
INSERT INTO "maker_sub_category" VALUES(6,6);
INSERT INTO "maker_sub_category" VALUES(7,7);
CREATE TABLE "product_user" ("product_id" integer not null, "user_id" integer not null, "quantity" integer not null, "created_at" datetime not null, "updated_at" datetime not null, foreign key("product_id") references "products"("id") on delete cascade, foreign key("user_id") references "users"("id") on delete cascade);
INSERT INTO "product_user" VALUES(1,1,4,'2015-07-07 20:38:59','2015-07-07 20:38:59');
INSERT INTO "product_user" VALUES(2,1,1,'2015-07-07 20:39:00','2015-07-07 20:39:00');
INSERT INTO "product_user" VALUES(3,1,5,'2015-07-07 20:39:00','2015-07-07 20:39:00');
INSERT INTO "product_user" VALUES(4,1,5,'2015-07-07 20:39:00','2015-07-07 20:39:00');
INSERT INTO "product_user" VALUES(5,1,4,'2015-07-07 20:39:00','2015-07-07 20:39:00');
INSERT INTO "product_user" VALUES(6,1,5,'2015-07-07 20:39:00','2015-07-07 20:39:00');
INSERT INTO "product_user" VALUES(7,1,4,'2015-07-07 20:39:00','2015-07-07 20:39:00');
CREATE TABLE "map_details" ("id" integer not null primary key autoincrement, "direction_id" integer not null, "latitude" float not null, "longitude" float not null, "zoom" integer not null, "created_at" datetime not null, "updated_at" datetime not null, foreign key("direction_id") references "directions"("id") on delete cascade);
INSERT INTO "map_details" VALUES(1,10,10.492315,-66.932899,12,'2015-07-07 20:38:46','2015-07-07 20:38:46');
CREATE TABLE "user_confirmations" ("id" integer not null primary key autoincrement, "user_id" integer not null, "data" varchar null, foreign key("user_id") references "users"("id") on delete cascade);
DELETE FROM sqlite_sequence;
INSERT INTO "sqlite_sequence" VALUES('profiles',3);
INSERT INTO "sqlite_sequence" VALUES('genders',2);
INSERT INTO "sqlite_sequence" VALUES('nationalities',2);
INSERT INTO "sqlite_sequence" VALUES('states',1);
INSERT INTO "sqlite_sequence" VALUES('towns',1);
INSERT INTO "sqlite_sequence" VALUES('parishes',1);
INSERT INTO "sqlite_sequence" VALUES('users',2);
INSERT INTO "sqlite_sequence" VALUES('people',2);
INSERT INTO "sqlite_sequence" VALUES('directions',10);
INSERT INTO "sqlite_sequence" VALUES('categories',2);
INSERT INTO "sqlite_sequence" VALUES('sub_categories',7);
INSERT INTO "sqlite_sequence" VALUES('makers',7);
INSERT INTO "sqlite_sequence" VALUES('images',38);
INSERT INTO "sqlite_sequence" VALUES('products',7);
INSERT INTO "sqlite_sequence" VALUES('map_details',1);
INSERT INTO "sqlite_sequence" VALUES('features',14);
INSERT INTO "sqlite_sequence" VALUES('files',21);
INSERT INTO "sqlite_sequence" VALUES('characteristics',7);
INSERT INTO "sqlite_sequence" VALUES('nutritionals',7);
INSERT INTO "sqlite_sequence" VALUES('mechanical_infos',7);
INSERT INTO "sqlite_sequence" VALUES('banks',11);
INSERT INTO "sqlite_sequence" VALUES('card_types',6);
INSERT INTO "sqlite_sequence" VALUES('billings',2);
INSERT INTO "sqlite_sequence" VALUES('visits',1);
INSERT INTO "sqlite_sequence" VALUES('promo_types',11);
INSERT INTO "sqlite_sequence" VALUES('promotions',1);
CREATE UNIQUE INDEX users_name_unique on "users" ("name");
CREATE UNIQUE INDEX users_email_unique on "users" ("email");
CREATE INDEX password_resets_email_index on "password_resets" ("email");
CREATE INDEX password_resets_token_index on "password_resets" ("token");
CREATE UNIQUE INDEX genders_description_unique on "genders" ("description");
CREATE UNIQUE INDEX states_description_unique on "states" ("description");
CREATE UNIQUE INDEX profiles_description_unique on "profiles" ("description");
CREATE UNIQUE INDEX nationalities_description_unique on "nationalities" ("description");
CREATE UNIQUE INDEX people_identity_card_unique on "people" ("identity_card");
CREATE UNIQUE INDEX makers_name_unique on "makers" ("name");
CREATE UNIQUE INDEX categories_description_unique on "categories" ("description");
CREATE UNIQUE INDEX sub_categories_description_unique on "sub_categories" ("description");
CREATE UNIQUE INDEX promo_types_description_unique on "promo_types" ("description");
CREATE UNIQUE INDEX banks_description_unique on "banks" ("description");
CREATE UNIQUE INDEX card_types_description_unique on "card_types" ("description");
CREATE INDEX product_user_product_id_index on "product_user" ("product_id");
CREATE INDEX product_user_user_id_index on "product_user" ("user_id");
CREATE INDEX user_confirmations_user_id_index on "user_confirmations" ("user_id");
COMMIT;
