PRAGMA foreign_keys=OFF;
BEGIN TRANSACTION;
CREATE TABLE "migrations" ("migration" varchar not null, "batch" integer not null);
INSERT INTO "migrations" VALUES('2014_10_12_000000_create_users_table',1);
INSERT INTO "migrations" VALUES('2014_10_12_100000_create_password_resets_table',1);
INSERT INTO "migrations" VALUES('2015_03_10_140153_create_genders_table',1);
INSERT INTO "migrations" VALUES('2015_03_10_142938_create_states_table',1);
INSERT INTO "migrations" VALUES('2015_03_10_154237_create_towns_table',1);
INSERT INTO "migrations" VALUES('2015_03_10_154410_create_parishes_table',1);
INSERT INTO "migrations" VALUES('2015_03_10_154455_create_directions_table',1);
INSERT INTO "migrations" VALUES('2015_03_10_154557_create_profiles_table',1);
INSERT INTO "migrations" VALUES('2015_03_10_173459_create_nationalities_table',1);
INSERT INTO "migrations" VALUES('2015_03_10_173503_create_people_table',1);
INSERT INTO "migrations" VALUES('2015_03_13_193841_create_makers_table',1);
INSERT INTO "migrations" VALUES('2015_03_13_194526_create_categories_table',1);
INSERT INTO "migrations" VALUES('2015_03_13_195124_create_sub_categories_table',1);
INSERT INTO "migrations" VALUES('2015_03_13_202223_create_products_table',1);
INSERT INTO "migrations" VALUES('2015_03_13_205446_create_promotions_table',1);
INSERT INTO "migrations" VALUES('2015_03_13_205519_create_product_promotion_table',1);
INSERT INTO "migrations" VALUES('2015_03_13_205737_create_files_table',1);
INSERT INTO "migrations" VALUES('2015_03_13_212413_create_images_table',1);
INSERT INTO "migrations" VALUES('2015_03_13_212630_create_characteristics_table',1);
INSERT INTO "migrations" VALUES('2015_03_13_214205_create_features_table',1);
INSERT INTO "migrations" VALUES('2015_03_13_214850_create_mechanical_infos_table',1);
INSERT INTO "migrations" VALUES('2015_03_13_215620_create_nutritionals_table',1);
INSERT INTO "migrations" VALUES('2015_03_13_220817_create_visits_table',1);
INSERT INTO "migrations" VALUES('2015_03_13_221555_create_banks_table',1);
INSERT INTO "migrations" VALUES('2015_03_13_221616_create_card_types_table',1);
INSERT INTO "migrations" VALUES('2015_03_13_221820_create_billings_table',1);
INSERT INTO "migrations" VALUES('2015_03_13_234614_create_maker_sub_category',1);
INSERT INTO "migrations" VALUES('2015_03_14_000527_create_product_sub_category_table',1);
INSERT INTO "migrations" VALUES('2015_03_17_200518_create_product_user_pivot_table',1);
CREATE TABLE "users" ("id" integer not null primary key autoincrement, "profile_id" integer not null, "name" varchar not null, "email" varchar not null, "password" varchar not null, "remember_token" varchar null, "created_at" datetime not null, "updated_at" datetime not null, "deleted_at" datetime null);
INSERT INTO "users" VALUES(1,1,'tester','tester@tester.com','$2y$10$dx1yybgtS67hK3lYzsbS3O0vBtqz2RdVuPpm5uxIzgxbr1grgtvse',NULL,'current_timestampt','current_timestampt',NULL);
CREATE TABLE "password_resets" ("email" varchar not null, "token" varchar not null, "created_at" datetime not null);
CREATE TABLE "genders" ("id" integer not null primary key autoincrement, "description" varchar not null, "created_at" datetime not null, "updated_at" datetime not null);
INSERT INTO "genders" VALUES(1,'Masculino','2015-03-17 20:58:09','2015-03-17 20:58:09');
INSERT INTO "genders" VALUES(2,'Femenino','2015-03-17 20:58:09','2015-03-17 20:58:09');
CREATE TABLE "states" ("id" integer not null primary key autoincrement, "description" varchar not null, "created_at" datetime not null, "updated_at" datetime not null);
INSERT INTO "states" VALUES(1,'Distrito Capital','2015-03-18 01:28:09','2015-03-18 01:28:09');
CREATE TABLE "towns" ("id" integer not null primary key autoincrement, "state_id" integer not null, "description" varchar not null, "created_at" datetime not null, "updated_at" datetime not null, foreign key("state_id") references "states"("id"));
INSERT INTO "towns" VALUES(1,1,'Libertador','2015-03-18 01:28:09','2015-03-18 01:28:09');
CREATE TABLE "parishes" ("id" integer not null primary key autoincrement, "town_id" integer not null, "description" varchar not null, "created_at" datetime not null, "updated_at" datetime not null, foreign key("town_id") references "towns"("id"));
INSERT INTO "parishes" VALUES(1,1,'Altagracia','2015-03-18 01:28:09','2015-03-18 01:28:09');
CREATE TABLE "directions" ("id" integer not null primary key autoincrement, "directionable_id" integer not null, "directionable_type" varchar not null, "parish_id" integer not null, "details" varchar null, "created_at" datetime not null, "updated_at" datetime not null, "created_by" integer not null, "updated_by" integer not null, "deleted_at" datetime null, foreign key("parish_id") references "parishes"("id"), foreign key("created_by") references "users"("id"), foreign key("updated_by") references "users"("id"));
INSERT INTO "directions" VALUES(1,1,'App\Person',1,'Calle del tester.','2015-03-17 20:58:09','2015-03-17 20:58:09',1,1,NULL);
INSERT INTO "directions" VALUES(2,1,'App\Product',1,'Avenida Guevara, 669, 1º A','2015-03-17 20:58:10','2015-03-17 20:58:10',1,1,NULL);
INSERT INTO "directions" VALUES(3,2,'App\Product',1,'Calle Carrasco, 444, 91º E','2015-03-17 20:58:10','2015-03-17 20:58:10',1,1,NULL);
INSERT INTO "directions" VALUES(4,3,'App\Product',1,'Camino Lozano, 88, 8º E','2015-03-17 20:58:10','2015-03-17 20:58:10',1,1,NULL);
INSERT INTO "directions" VALUES(5,4,'App\Product',1,'Rúa Alonso, 323, Ático 1º','2015-03-17 20:58:10','2015-03-17 20:58:10',1,1,NULL);
INSERT INTO "directions" VALUES(6,5,'App\Product',1,'Avinguda Andres, 729, 0º','2015-03-17 20:58:10','2015-03-17 20:58:10',1,1,NULL);
CREATE TABLE "profiles" ("id" integer not null primary key autoincrement, "description" varchar not null, "created_at" datetime not null, "updated_at" datetime not null);
INSERT INTO "profiles" VALUES(1,'Administrador','2015-03-17 20:58:09','2015-03-17 20:58:09');
INSERT INTO "profiles" VALUES(2,'Usuario','2015-03-17 20:58:09','2015-03-17 20:58:09');
INSERT INTO "profiles" VALUES(3,'Desactivado','2015-03-17 20:58:09','2015-03-17 20:58:09');
CREATE TABLE "nationalities" ("id" integer not null primary key autoincrement, "description" varchar not null, "created_at" datetime not null, "updated_at" datetime not null);
INSERT INTO "nationalities" VALUES(1,'Venezolano','2015-03-17 20:58:09','2015-03-17 20:58:09');
INSERT INTO "nationalities" VALUES(2,'Extrangero','2015-03-17 20:58:09','2015-03-17 20:58:09');
CREATE TABLE "people" ("id" integer not null primary key autoincrement, "user_id" integer not null, "gender_id" integer not null, "nationality_id" integer not null, "first_name" varchar not null, "last_name" varchar null, "first_surname" varchar not null, "last_surname" varchar null, "identity_card" varchar not null, "phone" varchar null, "birth_date" date null, "created_at" datetime not null, "updated_at" datetime not null, foreign key("user_id") references "users"("id") on delete cascade, foreign key("gender_id") references "genders"("id"), foreign key("nationality_id") references "nationalities"("id"));
INSERT INTO "people" VALUES(1,1,1,1,'tester',NULL,'tester',NULL,'10000001','+58-(212)-111-2233','1999-09-09','current_timestampt','current_timestampt');
CREATE TABLE "makers" ("id" integer not null primary key autoincrement, "name" varchar not null, "slug" varchar not null, "domain" varchar null, "url" varchar null, "logo_path" varchar null, "logo_alt" varchar null, "created_at" datetime not null, "updated_at" datetime not null);
INSERT INTO "makers" VALUES(1,'Air Mas','air-mas','gestora.es','http://www.galarza.com/laborum-nostrum-dolorum-vero',NULL,NULL,'2015-03-17 20:58:10','2015-03-17 20:58:10');
INSERT INTO "makers" VALUES(2,'Rocha, Gallardo y Gaitán e Hijo','rocha-gallardo-y-gaitan-e-hijo','alvarezguerra.es','https://fernandez.es/illo-distinctio-ex-omnis-nihil.html',NULL,NULL,'2015-03-17 20:58:10','2015-03-17 20:58:10');
INSERT INTO "makers" VALUES(3,'Oquendo de Granados','oquendo-de-granados','delarosa.com','http://escobarcasarez.es/voluptatem-inventore-a-voluptates-hic-aut-neque-aut-delectus',NULL,NULL,'2015-03-17 20:58:10','2015-03-17 20:58:10');
INSERT INTO "makers" VALUES(4,'Global Tórrez-Galán','global-torrez-galan','murillo.com','http://www.de.com/',NULL,NULL,'2015-03-17 20:58:10','2015-03-17 20:58:10');
INSERT INTO "makers" VALUES(5,'Yáñez y Alonzo','yanez-y-alonzo','palomocotto.org','http://www.anguiano.net/',NULL,NULL,'2015-03-17 20:58:10','2015-03-17 20:58:10');
INSERT INTO "makers" VALUES(6,'Bautista-Arribas','bautista-arribas','rosaaguilar.com','http://www.del.com/repellendus-architecto-velit-fugit-doloremque-eveniet-dicta-eos-voluptas.html',NULL,NULL,'2015-03-17 20:58:10','2015-03-17 20:58:10');
INSERT INTO "makers" VALUES(7,'Muñiz, Perales y Montes e Hijos','muniz-perales-y-montes-e-hijos','arteaga.com','http://rosas.com/animi-quae-ex-quia-occaecati-pariatur-enim-quae-molestias',NULL,NULL,'2015-03-17 20:58:10','2015-03-17 20:58:10');
INSERT INTO "makers" VALUES(8,'Sanches de Delrío e Hija','sanches-de-delrio-e-hija','grupo.es','http://www.grupo.es/deserunt-libero-ut-rerum-necessitatibus-qui.html',NULL,NULL,'2015-03-17 20:58:10','2015-03-17 20:58:10');
INSERT INTO "makers" VALUES(9,'Empresa Alfaro-Gómez','empresa-alfaro-gomez','empresa.com.es','https://quirozolivas.com/ut-vero-aliquam-molestiae-ut-natus-velit-adipisci-consequatur.html',NULL,NULL,'2015-03-17 20:58:10','2015-03-17 20:58:10');
INSERT INTO "makers" VALUES(10,'Asociación Calvo-Rosas','asociacion-calvo-rosas','gestora.net','http://de.com.es/',NULL,NULL,'2015-03-17 20:58:10','2015-03-17 20:58:10');
INSERT INTO "makers" VALUES(11,'Vargas de Murillo S. de H.','vargas-de-murillo-s-de-h','global.net','http://www.centro.es/ratione-iste-id-et-veniam',NULL,NULL,'2015-03-17 20:58:10','2015-03-17 20:58:10');
INSERT INTO "makers" VALUES(12,'Toro y Melgar SA','toro-y-melgar-sa','global.es','http://www.robles.es/eum-assumenda-similique-voluptatem-perferendis.html',NULL,NULL,'2015-03-17 20:58:10','2015-03-17 20:58:10');
INSERT INTO "makers" VALUES(13,'Saucedo-Zepeda','saucedo-zepeda','asociacion.es','https://serrano.es/nisi-deserunt-rerum-maiores-qui-debitis-cum.html',NULL,NULL,'2015-03-17 20:58:10','2015-03-17 20:58:10');
INSERT INTO "makers" VALUES(14,'Ruiz de Ibáñez','ruiz-de-ibanez','najera.org','http://zamora.com/quis-similique-vitae-consequatur-at-aliquid-magnam-iusto',NULL,NULL,'2015-03-17 20:58:10','2015-03-17 20:58:10');
CREATE TABLE "categories" ("id" integer not null primary key autoincrement, "description" varchar not null, "slug" varchar not null, "created_at" datetime not null, "updated_at" datetime not null);
INSERT INTO "categories" VALUES(1,'Productos Agro-Industriales','productos-agro-industriales','2015-03-17 20:58:09','2015-03-17 20:58:09');
INSERT INTO "categories" VALUES(2,'Productos Alimenticios','productos-alimenticios','2015-03-17 20:58:10','2015-03-17 20:58:10');
CREATE TABLE "sub_categories" ("id" integer not null primary key autoincrement, "category_id" integer not null, "description" varchar not null, "slug" varchar not null, "created_at" datetime not null, "updated_at" datetime not null, foreign key("category_id") references "categories"("id") on delete cascade);
INSERT INTO "sub_categories" VALUES(1,1,'Maquinaria Pesada','maquinaria-pesada','2015-03-17 20:58:10','2015-03-17 20:58:10');
INSERT INTO "sub_categories" VALUES(2,1,'Tractores','tractores','2015-03-17 20:58:10','2015-03-17 20:58:10');
INSERT INTO "sub_categories" VALUES(3,1,'Maquinaria Ligera','maquinaria-ligera','2015-03-17 20:58:10','2015-03-17 20:58:10');
INSERT INTO "sub_categories" VALUES(4,2,'Chocolate','chocolate','2015-03-17 20:58:10','2015-03-17 20:58:10');
INSERT INTO "sub_categories" VALUES(5,2,'Arroz','arroz','2015-03-17 20:58:10','2015-03-17 20:58:10');
INSERT INTO "sub_categories" VALUES(6,2,'Avena','avena','2015-03-17 20:58:10','2015-03-17 20:58:10');
INSERT INTO "sub_categories" VALUES(7,2,'Soya','soya','2015-03-17 20:58:10','2015-03-17 20:58:10');
CREATE TABLE "products" ("id" integer not null primary key autoincrement, "user_id" integer not null, "maker_id" integer not null, "title" varchar not null, "description" text not null, "price" float not null, "quantity" integer not null, "slug" varchar not null, "created_at" datetime not null, "updated_at" datetime not null, "created_by" integer not null, "updated_by" integer not null, "deleted_at" datetime null, foreign key("user_id") references "users"("id") on delete cascade, foreign key("maker_id") references "makers"("id"), foreign key("created_by") references "users"("id"), foreign key("updated_by") references "users"("id"));
INSERT INTO "products" VALUES(1,1,10,'Natus ut animi veritatis quos consequatur accusamus.','Rerum omnis omnis itaque aut ipsum. Molestias vel non facere qui ut quia magnam. Esse incidunt explicabo beatae qui culpa nisi. Ut cupiditate dolore quisquam repellat eos et.',5083271413.84,5,'natus-ut-animi-veritatis-quos-consequatur-accusamus','2015-03-17 20:58:10','2015-03-17 20:58:10',1,1,NULL);
INSERT INTO "products" VALUES(2,1,9,'Nulla nihil consequatur aut vel fugit sed.','Esse quasi deserunt non facilis quam harum. Aut et aut iusto dolores voluptates autem. Enim error at ipsum adipisci expedita natus.',3677899445.71,20,'nulla-nihil-consequatur-aut-vel-fugit-sed','2015-03-17 20:58:10','2015-03-17 20:58:10',1,1,NULL);
INSERT INTO "products" VALUES(3,1,6,'Natus voluptatem omnis expedita.','Et nesciunt incidunt sunt. Perferendis in alias perferendis qui et dicta. Laudantium hic qui sint et quibusdam facere. Excepturi est nihil totam qui voluptas.',3209714697.83,6,'natus-voluptatem-omnis-expedita','2015-03-17 20:58:10','2015-03-17 20:58:10',1,1,NULL);
INSERT INTO "products" VALUES(4,1,7,'Ut ab inventore sit.','Quis nihil eveniet ea accusantium dolores saepe. Voluptas et ipsa id est incidunt. Exercitationem alias ea maxime aperiam rerum ipsam.',7990874838.75,2,'ut-ab-inventore-sit','2015-03-17 20:58:10','2015-03-17 20:58:10',1,1,NULL);
INSERT INTO "products" VALUES(5,1,7,'Qui ducimus veritatis repellendus quod libero odit.','At quos laudantium eligendi voluptatem laborum. Delectus et vel et magnam eaque porro a. Ad qui aut ut itaque assumenda perspiciatis. Et excepturi modi culpa occaecati temporibus.',82376018.65,15,'qui-ducimus-veritatis-repellendus-quod-libero-odit','2015-03-17 20:58:10','2015-03-17 20:58:10',1,1,NULL);
CREATE TABLE "promotions" ("id" integer not null primary key autoincrement, "title" varchar not null, "slug" varchar not null, "percentage" integer null, "static" integer null, "begins" date not null, "ends" date not null, "created_at" datetime not null, "updated_at" datetime not null);
CREATE TABLE "product_promotion" ("product_id" integer not null, "promotion_id" integer not null, foreign key("product_id") references "products"("id"), foreign key("promotion_id") references "promotions"("id"));
CREATE TABLE "files" ("id" integer not null primary key autoincrement, "fileable_id" integer not null, "fileable_type" varchar not null, "path" varchar not null, "mime" varchar not null, "created_at" datetime not null, "updated_at" datetime not null, "created_by" integer not null, "updated_by" integer not null, foreign key("created_by") references "users"("id"), foreign key("updated_by") references "users"("id"));
INSERT INTO "files" VALUES(1,1,'App\Feature','products/1/201503170803031111-n0O5clucxwHk5XX7HSdV.pdf','application/pdf','2015-03-17 20:58:11','2015-03-17 20:58:11',1,1);
INSERT INTO "files" VALUES(2,2,'App\Feature','products/1/201503170803031111-I8ZW4oZXgkjDY8cicgGy.pdf','application/pdf','2015-03-17 20:58:11','2015-03-17 20:58:11',1,1);
INSERT INTO "files" VALUES(3,3,'App\Feature','products/1/201503170803031111-BRQz5tugd5WnLNIJuecE.pdf','application/pdf','2015-03-17 20:58:11','2015-03-17 20:58:11',1,1);
INSERT INTO "files" VALUES(4,4,'App\Feature','products/1/201503170803031111-96um1clwWEVT1sBtpr0M.pdf','application/pdf','2015-03-17 20:58:11','2015-03-17 20:58:11',1,1);
INSERT INTO "files" VALUES(5,5,'App\Feature','products/1/201503170803031111-ybTiEUZmWteL3E08xo6u.pdf','application/pdf','2015-03-17 20:58:11','2015-03-17 20:58:11',1,1);
INSERT INTO "files" VALUES(6,6,'App\Feature','products/2/201503170803031111-xhMkWje3gPMaKhKNqdf0.pdf','application/pdf','2015-03-17 20:58:11','2015-03-17 20:58:11',1,1);
INSERT INTO "files" VALUES(7,7,'App\Feature','products/2/201503170803031111-RceHiyweAeWOW9okETdU.pdf','application/pdf','2015-03-17 20:58:11','2015-03-17 20:58:11',1,1);
INSERT INTO "files" VALUES(8,8,'App\Feature','products/2/201503170803031111-VwbqsPZLKj0r5jPHUI5M.pdf','application/pdf','2015-03-17 20:58:11','2015-03-17 20:58:11',1,1);
INSERT INTO "files" VALUES(9,9,'App\Feature','products/2/201503170803031111-QhFLpBuW6PjkCmmV3cgG.pdf','application/pdf','2015-03-17 20:58:11','2015-03-17 20:58:11',1,1);
INSERT INTO "files" VALUES(10,10,'App\Feature','products/2/201503170803031111-eBqGO39r0KHAh8ac8IDR.pdf','application/pdf','2015-03-17 20:58:11','2015-03-17 20:58:11',1,1);
INSERT INTO "files" VALUES(11,11,'App\Feature','products/3/201503170803031111-WMZDgCvEtiCDI1LNOTwH.pdf','application/pdf','2015-03-17 20:58:11','2015-03-17 20:58:11',1,1);
INSERT INTO "files" VALUES(12,12,'App\Feature','products/3/201503170803031111-sBRFhPJa1AeyWyE9Q5Yw.pdf','application/pdf','2015-03-17 20:58:11','2015-03-17 20:58:11',1,1);
INSERT INTO "files" VALUES(13,13,'App\Feature','products/3/201503170803031111-lzTKl1tGYjluQOFmOpeE.pdf','application/pdf','2015-03-17 20:58:11','2015-03-17 20:58:11',1,1);
INSERT INTO "files" VALUES(14,14,'App\Feature','products/3/201503170803031111-zvflyXqBoUqBU6gWJbns.pdf','application/pdf','2015-03-17 20:58:11','2015-03-17 20:58:11',1,1);
INSERT INTO "files" VALUES(15,15,'App\Feature','products/3/201503170803031111-B2QgZ1dJKLqPb7hNDBrj.pdf','application/pdf','2015-03-17 20:58:11','2015-03-17 20:58:11',1,1);
INSERT INTO "files" VALUES(16,16,'App\Feature','products/4/201503170803031111-vFF3EqPE3dZmJ2Ns3lsh.pdf','application/pdf','2015-03-17 20:58:12','2015-03-17 20:58:12',1,1);
INSERT INTO "files" VALUES(17,17,'App\Feature','products/4/201503170803031212-IskmTBFEXxipbKUPJHTR.pdf','application/pdf','2015-03-17 20:58:12','2015-03-17 20:58:12',1,1);
INSERT INTO "files" VALUES(18,18,'App\Feature','products/4/201503170803031212-hJCIMACmdPAY7lt6w6Pw.pdf','application/pdf','2015-03-17 20:58:12','2015-03-17 20:58:12',1,1);
INSERT INTO "files" VALUES(19,19,'App\Feature','products/4/201503170803031212-gHiWvo3PFfBmoiAMzZIk.pdf','application/pdf','2015-03-17 20:58:12','2015-03-17 20:58:12',1,1);
INSERT INTO "files" VALUES(20,20,'App\Feature','products/4/201503170803031212-hzLNaDZsX9tsRhmbhjXm.pdf','application/pdf','2015-03-17 20:58:12','2015-03-17 20:58:12',1,1);
INSERT INTO "files" VALUES(21,21,'App\Feature','products/5/201503170803031212-ub283u7LFFSnHFp8NO3T.pdf','application/pdf','2015-03-17 20:58:12','2015-03-17 20:58:12',1,1);
INSERT INTO "files" VALUES(22,22,'App\Feature','products/5/201503170803031212-kSOkwAFZFlijhYZ5NhPd.pdf','application/pdf','2015-03-17 20:58:12','2015-03-17 20:58:12',1,1);
INSERT INTO "files" VALUES(23,23,'App\Feature','products/5/201503170803031212-HbJn6GKgiHXB7RVAmk3Z.pdf','application/pdf','2015-03-17 20:58:12','2015-03-17 20:58:12',1,1);
INSERT INTO "files" VALUES(24,24,'App\Feature','products/5/201503170803031212-WvLGG6tCQ4Q30f5NV843.pdf','application/pdf','2015-03-17 20:58:12','2015-03-17 20:58:12',1,1);
INSERT INTO "files" VALUES(25,25,'App\Feature','products/5/201503170803031212-2vqKgKD4DrgeuCQ3Ni8I.pdf','application/pdf','2015-03-17 20:58:12','2015-03-17 20:58:12',1,1);
CREATE TABLE "images" ("id" integer not null primary key autoincrement, "imageable_id" integer not null, "imageable_type" varchar not null, "path" varchar not null, "mime" varchar not null, "alt" varchar not null, "created_at" datetime not null, "updated_at" datetime not null, "created_by" integer not null, "updated_by" integer not null, foreign key("created_by") references "users"("id"), foreign key("updated_by") references "users"("id"));
INSERT INTO "images" VALUES(1,1,'App\Feature','products/1/201503170803031111-Q4ofvRiCcxuZ3fVDNnMV.gif','image/gif','orbiagro.com.ve subastas compra y venta: tester','2015-03-17 20:58:11','2015-03-17 20:58:11',1,1);
INSERT INTO "images" VALUES(2,2,'App\Feature','products/1/201503170803031111-kc8oJHWiWYFKWe2ddk8K.gif','image/gif','orbiagro.com.ve subastas compra y venta: tester','2015-03-17 20:58:11','2015-03-17 20:58:11',1,1);
INSERT INTO "images" VALUES(3,3,'App\Feature','products/1/201503170803031111-Xb0kMnbV3RYqQlTepX18.gif','image/gif','orbiagro.com.ve subastas compra y venta: tester','2015-03-17 20:58:11','2015-03-17 20:58:11',1,1);
INSERT INTO "images" VALUES(4,4,'App\Feature','products/1/201503170803031111-YUjljsafYqzhbujSOMkl.gif','image/gif','orbiagro.com.ve subastas compra y venta: tester','2015-03-17 20:58:11','2015-03-17 20:58:11',1,1);
INSERT INTO "images" VALUES(5,5,'App\Feature','products/1/201503170803031111-OQNtSwYuMMPbQr82t9vM.gif','image/gif','orbiagro.com.ve subastas compra y venta: tester','2015-03-17 20:58:11','2015-03-17 20:58:11',1,1);
INSERT INTO "images" VALUES(6,6,'App\Feature','products/2/201503170803031111-xAsRcZ9cw4CqvH88caMF.gif','image/gif','orbiagro.com.ve subastas compra y venta: tester','2015-03-17 20:58:11','2015-03-17 20:58:11',1,1);
INSERT INTO "images" VALUES(7,7,'App\Feature','products/2/201503170803031111-BJzkhBNFfS6MRZGydxRp.gif','image/gif','orbiagro.com.ve subastas compra y venta: tester','2015-03-17 20:58:11','2015-03-17 20:58:11',1,1);
INSERT INTO "images" VALUES(8,8,'App\Feature','products/2/201503170803031111-UxHgBNH83n51GNom6Jww.gif','image/gif','orbiagro.com.ve subastas compra y venta: tester','2015-03-17 20:58:11','2015-03-17 20:58:11',1,1);
INSERT INTO "images" VALUES(9,9,'App\Feature','products/2/201503170803031111-Fcd09dTiVOnSO5VoMrvF.gif','image/gif','orbiagro.com.ve subastas compra y venta: tester','2015-03-17 20:58:11','2015-03-17 20:58:11',1,1);
INSERT INTO "images" VALUES(10,10,'App\Feature','products/2/201503170803031111-bahJQeamDSPvYqSSMfw3.gif','image/gif','orbiagro.com.ve subastas compra y venta: tester','2015-03-17 20:58:11','2015-03-17 20:58:11',1,1);
INSERT INTO "images" VALUES(11,11,'App\Feature','products/3/201503170803031111-6BtiGCqjFZhvGT0weMR0.gif','image/gif','orbiagro.com.ve subastas compra y venta: tester','2015-03-17 20:58:11','2015-03-17 20:58:11',1,1);
INSERT INTO "images" VALUES(12,12,'App\Feature','products/3/201503170803031111-Mnd2o4zy0Do7kzZORN9V.gif','image/gif','orbiagro.com.ve subastas compra y venta: tester','2015-03-17 20:58:11','2015-03-17 20:58:11',1,1);
INSERT INTO "images" VALUES(13,13,'App\Feature','products/3/201503170803031111-xtLz5UBWcCDtNWalNc1T.gif','image/gif','orbiagro.com.ve subastas compra y venta: tester','2015-03-17 20:58:11','2015-03-17 20:58:11',1,1);
INSERT INTO "images" VALUES(14,14,'App\Feature','products/3/201503170803031111-hEQCEeCA8keOaMIxaa4E.gif','image/gif','orbiagro.com.ve subastas compra y venta: tester','2015-03-17 20:58:11','2015-03-17 20:58:11',1,1);
INSERT INTO "images" VALUES(15,15,'App\Feature','products/3/201503170803031111-DJO8uEMsrSNzj60dGFC0.gif','image/gif','orbiagro.com.ve subastas compra y venta: tester','2015-03-17 20:58:11','2015-03-17 20:58:11',1,1);
INSERT INTO "images" VALUES(16,16,'App\Feature','products/4/201503170803031111-tNXe65CQuYy72V7zRYy4.gif','image/gif','orbiagro.com.ve subastas compra y venta: tester','2015-03-17 20:58:11','2015-03-17 20:58:11',1,1);
INSERT INTO "images" VALUES(17,17,'App\Feature','products/4/201503170803031212-InRa11PP2xfgkjiGK0QI.gif','image/gif','orbiagro.com.ve subastas compra y venta: tester','2015-03-17 20:58:12','2015-03-17 20:58:12',1,1);
INSERT INTO "images" VALUES(18,18,'App\Feature','products/4/201503170803031212-fkI1kfkOXjPk1cVYbWQD.gif','image/gif','orbiagro.com.ve subastas compra y venta: tester','2015-03-17 20:58:12','2015-03-17 20:58:12',1,1);
INSERT INTO "images" VALUES(19,19,'App\Feature','products/4/201503170803031212-QgRyP77amwSyaR4nteA2.gif','image/gif','orbiagro.com.ve subastas compra y venta: tester','2015-03-17 20:58:12','2015-03-17 20:58:12',1,1);
INSERT INTO "images" VALUES(20,20,'App\Feature','products/4/201503170803031212-mYh7tKc50Ykwk8VBDS0b.gif','image/gif','orbiagro.com.ve subastas compra y venta: tester','2015-03-17 20:58:12','2015-03-17 20:58:12',1,1);
INSERT INTO "images" VALUES(21,21,'App\Feature','products/5/201503170803031212-pQnXf87aW9jXKWG4WQnP.gif','image/gif','orbiagro.com.ve subastas compra y venta: tester','2015-03-17 20:58:12','2015-03-17 20:58:12',1,1);
INSERT INTO "images" VALUES(22,22,'App\Feature','products/5/201503170803031212-7pfEYcimkkZt3vhURKXa.gif','image/gif','orbiagro.com.ve subastas compra y venta: tester','2015-03-17 20:58:12','2015-03-17 20:58:12',1,1);
INSERT INTO "images" VALUES(23,23,'App\Feature','products/5/201503170803031212-OvkTfhBrTDEfzUPoNYUd.gif','image/gif','orbiagro.com.ve subastas compra y venta: tester','2015-03-17 20:58:12','2015-03-17 20:58:12',1,1);
INSERT INTO "images" VALUES(24,24,'App\Feature','products/5/201503170803031212-X4NeKSfQlMXItWCRMtyP.gif','image/gif','orbiagro.com.ve subastas compra y venta: tester','2015-03-17 20:58:12','2015-03-17 20:58:12',1,1);
INSERT INTO "images" VALUES(25,25,'App\Feature','products/5/201503170803031212-mjiOOZ4T1N4IcLfUbjOS.gif','image/gif','orbiagro.com.ve subastas compra y venta: tester','2015-03-17 20:58:12','2015-03-17 20:58:12',1,1);
CREATE TABLE "characteristics" ("id" integer not null primary key autoincrement, "product_id" integer not null, "height" integer null, "width" integer null, "depth" integer null, "weight" integer null, "units" integer null, "created_at" datetime not null, "updated_at" datetime not null, "created_by" integer not null, "updated_by" integer not null, foreign key("product_id") references "products"("id"), foreign key("created_by") references "users"("id"), foreign key("updated_by") references "users"("id"));
INSERT INTO "characteristics" VALUES(1,1,1,1,1,1,1,'2015-03-17 20:58:12','2015-03-17 20:58:12',1,1);
INSERT INTO "characteristics" VALUES(2,2,1,1,1,1,1,'2015-03-17 20:58:12','2015-03-17 20:58:12',1,1);
INSERT INTO "characteristics" VALUES(3,3,1,1,1,1,1,'2015-03-17 20:58:12','2015-03-17 20:58:12',1,1);
INSERT INTO "characteristics" VALUES(4,4,1,1,1,1,1,'2015-03-17 20:58:12','2015-03-17 20:58:12',1,1);
INSERT INTO "characteristics" VALUES(5,5,1,1,1,1,1,'2015-03-17 20:58:12','2015-03-17 20:58:12',1,1);
CREATE TABLE "features" ("id" integer not null primary key autoincrement, "product_id" integer not null, "title" varchar not null, "description" varchar not null, "created_at" datetime not null, "updated_at" datetime not null, "created_by" integer not null, "updated_by" integer not null, foreign key("product_id") references "products"("id"), foreign key("created_by") references "users"("id"), foreign key("updated_by") references "users"("id"));
INSERT INTO "features" VALUES(1,1,'tester','tester','2015-03-17 20:58:10','2015-03-17 20:58:10',1,1);
INSERT INTO "features" VALUES(2,1,'tester','tester','2015-03-17 20:58:11','2015-03-17 20:58:11',1,1);
INSERT INTO "features" VALUES(3,1,'tester','tester','2015-03-17 20:58:11','2015-03-17 20:58:11',1,1);
INSERT INTO "features" VALUES(4,1,'tester','tester','2015-03-17 20:58:11','2015-03-17 20:58:11',1,1);
INSERT INTO "features" VALUES(5,1,'tester','tester','2015-03-17 20:58:11','2015-03-17 20:58:11',1,1);
INSERT INTO "features" VALUES(6,2,'tester','tester','2015-03-17 20:58:11','2015-03-17 20:58:11',1,1);
INSERT INTO "features" VALUES(7,2,'tester','tester','2015-03-17 20:58:11','2015-03-17 20:58:11',1,1);
INSERT INTO "features" VALUES(8,2,'tester','tester','2015-03-17 20:58:11','2015-03-17 20:58:11',1,1);
INSERT INTO "features" VALUES(9,2,'tester','tester','2015-03-17 20:58:11','2015-03-17 20:58:11',1,1);
INSERT INTO "features" VALUES(10,2,'tester','tester','2015-03-17 20:58:11','2015-03-17 20:58:11',1,1);
INSERT INTO "features" VALUES(11,3,'tester','tester','2015-03-17 20:58:11','2015-03-17 20:58:11',1,1);
INSERT INTO "features" VALUES(12,3,'tester','tester','2015-03-17 20:58:11','2015-03-17 20:58:11',1,1);
INSERT INTO "features" VALUES(13,3,'tester','tester','2015-03-17 20:58:11','2015-03-17 20:58:11',1,1);
INSERT INTO "features" VALUES(14,3,'tester','tester','2015-03-17 20:58:11','2015-03-17 20:58:11',1,1);
INSERT INTO "features" VALUES(15,3,'tester','tester','2015-03-17 20:58:11','2015-03-17 20:58:11',1,1);
INSERT INTO "features" VALUES(16,4,'tester','tester','2015-03-17 20:58:11','2015-03-17 20:58:11',1,1);
INSERT INTO "features" VALUES(17,4,'tester','tester','2015-03-17 20:58:12','2015-03-17 20:58:12',1,1);
INSERT INTO "features" VALUES(18,4,'tester','tester','2015-03-17 20:58:12','2015-03-17 20:58:12',1,1);
INSERT INTO "features" VALUES(19,4,'tester','tester','2015-03-17 20:58:12','2015-03-17 20:58:12',1,1);
INSERT INTO "features" VALUES(20,4,'tester','tester','2015-03-17 20:58:12','2015-03-17 20:58:12',1,1);
INSERT INTO "features" VALUES(21,5,'tester','tester','2015-03-17 20:58:12','2015-03-17 20:58:12',1,1);
INSERT INTO "features" VALUES(22,5,'tester','tester','2015-03-17 20:58:12','2015-03-17 20:58:12',1,1);
INSERT INTO "features" VALUES(23,5,'tester','tester','2015-03-17 20:58:12','2015-03-17 20:58:12',1,1);
INSERT INTO "features" VALUES(24,5,'tester','tester','2015-03-17 20:58:12','2015-03-17 20:58:12',1,1);
INSERT INTO "features" VALUES(25,5,'tester','tester','2015-03-17 20:58:12','2015-03-17 20:58:12',1,1);
CREATE TABLE "mechanical_infos" ("id" integer not null primary key autoincrement, "product_id" integer not null, "motor" varchar null, "motor_serial" varchar null, "model" varchar null, "cylinders" integer null, "horsepower" integer null, "mileage" integer null, "traction" integer null, "lift" integer null, "created_at" datetime not null, "updated_at" datetime not null, "created_by" integer not null, "updated_by" integer not null, foreign key("product_id") references "products"("id"), foreign key("created_by") references "users"("id"), foreign key("updated_by") references "users"("id"));
INSERT INTO "mechanical_infos" VALUES(1,1,'1','1','1',1,1,1,1,1,'2015-03-17 20:58:12','2015-03-17 20:58:12',1,1);
INSERT INTO "mechanical_infos" VALUES(2,2,'1','1','1',1,1,1,1,1,'2015-03-17 20:58:12','2015-03-17 20:58:12',1,1);
INSERT INTO "mechanical_infos" VALUES(3,3,'1','1','1',1,1,1,1,1,'2015-03-17 20:58:12','2015-03-17 20:58:12',1,1);
INSERT INTO "mechanical_infos" VALUES(4,4,'1','1','1',1,1,1,1,1,'2015-03-17 20:58:12','2015-03-17 20:58:12',1,1);
INSERT INTO "mechanical_infos" VALUES(5,5,'1','1','1',1,1,1,1,1,'2015-03-17 20:58:12','2015-03-17 20:58:12',1,1);
CREATE TABLE "nutritionals" ("id" integer not null primary key autoincrement, "product_id" integer not null, "due" date null, "created_at" datetime not null, "updated_at" datetime not null, "created_by" integer not null, "updated_by" integer not null, foreign key("product_id") references "products"("id"), foreign key("created_by") references "users"("id"), foreign key("updated_by") references "users"("id"));
INSERT INTO "nutritionals" VALUES(1,1,'2015-03-17','2015-03-17 20:58:12','2015-03-17 20:58:12',1,1);
INSERT INTO "nutritionals" VALUES(2,2,'2015-03-17','2015-03-17 20:58:12','2015-03-17 20:58:12',1,1);
INSERT INTO "nutritionals" VALUES(3,3,'2015-03-17','2015-03-17 20:58:12','2015-03-17 20:58:12',1,1);
INSERT INTO "nutritionals" VALUES(4,4,'2015-03-17','2015-03-17 20:58:12','2015-03-17 20:58:12',1,1);
INSERT INTO "nutritionals" VALUES(5,5,'2015-03-17','2015-03-17 20:58:12','2015-03-17 20:58:12',1,1);
CREATE TABLE "visits" ("id" integer not null primary key autoincrement, "visitable_id" integer not null, "visitable_type" varchar not null, "total" integer not null, "created_at" datetime not null, "updated_at" datetime not null);
CREATE TABLE "banks" ("id" integer not null primary key autoincrement, "description" varchar not null, "created_at" datetime not null, "updated_at" datetime not null);
INSERT INTO "banks" VALUES(1,'Banco Viajes Simón-Marín','2015-03-17 20:58:12','2015-03-17 20:58:12');
INSERT INTO "banks" VALUES(2,'Banco Tirado y Expósito e Hijos','2015-03-17 20:58:12','2015-03-17 20:58:12');
INSERT INTO "banks" VALUES(3,'Banco Maldonado-Parra y Flia.','2015-03-17 20:58:12','2015-03-17 20:58:12');
INSERT INTO "banks" VALUES(4,'Banco Cabello y Collazo','2015-03-17 20:58:12','2015-03-17 20:58:12');
INSERT INTO "banks" VALUES(5,'Banco Calvillo de Rolón e Hijo','2015-03-17 20:58:12','2015-03-17 20:58:12');
INSERT INTO "banks" VALUES(6,'Banco Asociación Caballero S. de H.','2015-03-17 20:58:12','2015-03-17 20:58:12');
INSERT INTO "banks" VALUES(7,'Banco Zambrano-Espinosa y Asoc.','2015-03-17 20:58:12','2015-03-17 20:58:12');
INSERT INTO "banks" VALUES(8,'Banco Gestora Castellanos-Alarcón','2015-03-17 20:58:12','2015-03-17 20:58:12');
INSERT INTO "banks" VALUES(9,'Banco Reyna-Armijo','2015-03-17 20:58:12','2015-03-17 20:58:12');
INSERT INTO "banks" VALUES(10,'Banco Viajes Tafoya','2015-03-17 20:58:12','2015-03-17 20:58:12');
CREATE TABLE "card_types" ("id" integer not null primary key autoincrement, "description" varchar not null, "created_at" datetime not null, "updated_at" datetime not null);
INSERT INTO "card_types" VALUES(1,'Visa','2015-03-17 20:58:12','2015-03-17 20:58:12');
INSERT INTO "card_types" VALUES(2,'MasterCard','2015-03-17 20:58:12','2015-03-17 20:58:12');
INSERT INTO "card_types" VALUES(3,'American Express','2015-03-17 20:58:12','2015-03-17 20:58:12');
INSERT INTO "card_types" VALUES(4,'Discover Card','2015-03-17 20:58:12','2015-03-17 20:58:12');
INSERT INTO "card_types" VALUES(5,'Debito','2015-03-17 20:58:12','2015-03-17 20:58:12');
CREATE TABLE "billings" ("id" integer not null primary key autoincrement, "user_id" integer not null, "bank_id" integer null, "card_type_id" integer null, "card_number" varchar null, "bank_account" varchar null, "expiration" varchar null, "comments" varchar null, "created_at" datetime not null, "updated_at" datetime not null, "created_by" integer not null, "updated_by" integer not null, foreign key("user_id") references "users"("id") on delete cascade, foreign key("bank_id") references "banks"("id"), foreign key("card_type_id") references "card_types"("id"), foreign key("created_by") references "users"("id"), foreign key("updated_by") references "users"("id"));
INSERT INTO "billings" VALUES(1,1,6,1,'5116665724380355','ES4710374839803993956272','02/17','Laborum aut cupiditate id rem inventore sunt qui possimus. Possimus aut tempore eos eos a architecto nesciunt. Minima nulla similique et.','2015-03-17 20:58:12','2015-03-17 20:58:12',1,1);
CREATE TABLE "maker_sub_category" ("maker_id" integer not null, "sub_category_id" integer not null, foreign key("maker_id") references "makers"("id"), foreign key("sub_category_id") references "sub_categories"("id"));
INSERT INTO "maker_sub_category" VALUES(1,1);
INSERT INTO "maker_sub_category" VALUES(2,1);
INSERT INTO "maker_sub_category" VALUES(3,2);
INSERT INTO "maker_sub_category" VALUES(4,2);
INSERT INTO "maker_sub_category" VALUES(5,3);
INSERT INTO "maker_sub_category" VALUES(6,3);
INSERT INTO "maker_sub_category" VALUES(7,4);
INSERT INTO "maker_sub_category" VALUES(8,4);
INSERT INTO "maker_sub_category" VALUES(9,5);
INSERT INTO "maker_sub_category" VALUES(10,5);
INSERT INTO "maker_sub_category" VALUES(11,6);
INSERT INTO "maker_sub_category" VALUES(12,6);
INSERT INTO "maker_sub_category" VALUES(13,7);
INSERT INTO "maker_sub_category" VALUES(14,7);
CREATE TABLE "product_sub_category" ("product_id" integer not null, "sub_category_id" integer not null, foreign key("product_id") references "products"("id"), foreign key("sub_category_id") references "sub_categories"("id"));
INSERT INTO "product_sub_category" VALUES(1,1);
INSERT INTO "product_sub_category" VALUES(2,2);
INSERT INTO "product_sub_category" VALUES(3,4);
INSERT INTO "product_sub_category" VALUES(4,5);
INSERT INTO "product_sub_category" VALUES(5,6);
CREATE TABLE "product_user" ("product_id" integer not null, "user_id" integer not null, "quantity" integer not null, "created_at" datetime not null, "updated_at" datetime not null, foreign key("product_id") references "products"("id") on delete cascade, foreign key("user_id") references "users"("id") on delete cascade);
INSERT INTO "product_user" VALUES(1,1,5,'2015-03-17 20:58:12','2015-03-17 20:58:12');
INSERT INTO "product_user" VALUES(2,1,4,'2015-03-17 20:58:12','2015-03-17 20:58:12');
INSERT INTO "product_user" VALUES(3,1,4,'2015-03-17 20:58:12','2015-03-17 20:58:12');
INSERT INTO "product_user" VALUES(4,1,3,'2015-03-17 20:58:12','2015-03-17 20:58:12');
INSERT INTO "product_user" VALUES(5,1,1,'2015-03-17 20:58:12','2015-03-17 20:58:12');
DELETE FROM sqlite_sequence;
INSERT INTO "sqlite_sequence" VALUES('profiles',3);
INSERT INTO "sqlite_sequence" VALUES('genders',2);
INSERT INTO "sqlite_sequence" VALUES('nationalities',2);
INSERT INTO "sqlite_sequence" VALUES('states',1);
INSERT INTO "sqlite_sequence" VALUES('towns',1);
INSERT INTO "sqlite_sequence" VALUES('parishes',1);
INSERT INTO "sqlite_sequence" VALUES('users',1);
INSERT INTO "sqlite_sequence" VALUES('people',1);
INSERT INTO "sqlite_sequence" VALUES('directions',6);
INSERT INTO "sqlite_sequence" VALUES('categories',2);
INSERT INTO "sqlite_sequence" VALUES('sub_categories',7);
INSERT INTO "sqlite_sequence" VALUES('makers',14);
INSERT INTO "sqlite_sequence" VALUES('products',5);
INSERT INTO "sqlite_sequence" VALUES('features',25);
INSERT INTO "sqlite_sequence" VALUES('images',25);
INSERT INTO "sqlite_sequence" VALUES('files',25);
INSERT INTO "sqlite_sequence" VALUES('characteristics',5);
INSERT INTO "sqlite_sequence" VALUES('nutritionals',5);
INSERT INTO "sqlite_sequence" VALUES('mechanical_infos',5);
INSERT INTO "sqlite_sequence" VALUES('banks',10);
INSERT INTO "sqlite_sequence" VALUES('card_types',5);
INSERT INTO "sqlite_sequence" VALUES('billings',1);
CREATE UNIQUE INDEX users_email_unique on "users" ("email");
CREATE INDEX password_resets_email_index on "password_resets" ("email");
CREATE INDEX password_resets_token_index on "password_resets" ("token");
CREATE INDEX product_user_product_id_index on "product_user" ("product_id");
CREATE INDEX product_user_user_id_index on "product_user" ("user_id");
COMMIT;
