PRAGMA foreign_keys=OFF;
BEGIN TRANSACTION;
CREATE TABLE "migrations" ("migration" varchar not null, "batch" integer not null);
INSERT INTO "migrations" VALUES('2014_10_12_000000_create_users_table',1);
INSERT INTO "migrations" VALUES('2014_10_12_100000_create_password_resets_table',1);
INSERT INTO "migrations" VALUES('2015_03_10_140153_create_genders_table',1);
INSERT INTO "migrations" VALUES('2015_03_10_142938_create_states_table',1);
INSERT INTO "migrations" VALUES('2015_03_10_154237_create_towns_table',1);
INSERT INTO "migrations" VALUES('2015_03_10_154410_create_parishes_table',1);
INSERT INTO "migrations" VALUES('2015_03_10_154455_create_directions_table',1);
INSERT INTO "migrations" VALUES('2015_03_10_154557_create_profiles_table',1);
INSERT INTO "migrations" VALUES('2015_03_10_173459_create_nationalities_table',1);
INSERT INTO "migrations" VALUES('2015_03_10_173503_create_people_table',1);
INSERT INTO "migrations" VALUES('2015_03_13_193841_create_makers_table',1);
INSERT INTO "migrations" VALUES('2015_03_13_194526_create_categories_table',1);
INSERT INTO "migrations" VALUES('2015_03_13_195124_create_sub_categories_table',1);
INSERT INTO "migrations" VALUES('2015_03_13_202223_create_products_table',1);
INSERT INTO "migrations" VALUES('2015_03_13_205446_create_promotions_table',1);
INSERT INTO "migrations" VALUES('2015_03_13_205519_create_product_promotion_table',1);
INSERT INTO "migrations" VALUES('2015_03_13_205737_create_files_table',1);
INSERT INTO "migrations" VALUES('2015_03_13_212413_create_images_table',1);
INSERT INTO "migrations" VALUES('2015_03_13_212630_create_characteristics_table',1);
INSERT INTO "migrations" VALUES('2015_03_13_214205_create_features_table',1);
INSERT INTO "migrations" VALUES('2015_03_13_214850_create_mechanical_infos_table',1);
INSERT INTO "migrations" VALUES('2015_03_13_215620_create_nutritionals_table',1);
INSERT INTO "migrations" VALUES('2015_03_13_220817_create_visits_table',1);
INSERT INTO "migrations" VALUES('2015_03_13_221555_create_banks_table',1);
INSERT INTO "migrations" VALUES('2015_03_13_221616_create_card_types_table',1);
INSERT INTO "migrations" VALUES('2015_03_13_221820_create_billings_table',1);
INSERT INTO "migrations" VALUES('2015_03_13_234614_create_maker_sub_category',1);
INSERT INTO "migrations" VALUES('2015_03_17_200518_create_product_user_pivot_table',1);
INSERT INTO "migrations" VALUES('2015_04_28_121249_create_map_details_table',1);
INSERT INTO "migrations" VALUES('2015_04_29_154414_user_confirmations_table',1);
CREATE TABLE "users" ("id" integer not null primary key autoincrement, "profile_id" integer not null, "name" varchar not null, "email" varchar not null, "password" varchar not null, "remember_token" varchar null, "created_at" datetime not null, "updated_at" datetime not null, "deleted_at" datetime null);
INSERT INTO "users" VALUES(1,1,'tester','tester@tester.com','$2y$10$nb4y4OwgdO8APWglv22Ba.4.QPDf2b8ZREcK0PuAnf15NloWjPWAC',NULL,'current_timestampt','current_timestampt',NULL);
INSERT INTO "users" VALUES(2,2,'dummy','dummy@tester.com','$2y$10$YmE8SX1Qm6uqRK4WJUTAOe45VgWZ4jKR.K/YgZpxfVzuVMx4/9T2u',NULL,'current_timestampt','current_timestampt',NULL);
CREATE TABLE "password_resets" ("email" varchar not null, "token" varchar not null, "created_at" datetime not null);
CREATE TABLE "genders" ("id" integer not null primary key autoincrement, "description" varchar not null, "created_at" datetime not null, "updated_at" datetime not null);
INSERT INTO "genders" VALUES(1,'Masculino','2015-05-20 16:19:57','2015-05-20 16:19:57');
INSERT INTO "genders" VALUES(2,'Femenino','2015-05-20 16:19:57','2015-05-20 16:19:57');
CREATE TABLE "states" ("id" integer not null primary key autoincrement, "description" varchar not null, "created_at" datetime not null, "updated_at" datetime not null);
INSERT INTO "states" VALUES(1,'Distrito Capital','2015-05-20 20:49:57','2015-05-20 20:49:57');
CREATE TABLE "towns" ("id" integer not null primary key autoincrement, "state_id" integer not null, "description" varchar not null, "created_at" datetime not null, "updated_at" datetime not null, foreign key("state_id") references "states"("id"));
INSERT INTO "towns" VALUES(1,1,'Libertador','2015-05-20 20:49:58','2015-05-20 20:49:58');
CREATE TABLE "parishes" ("id" integer not null primary key autoincrement, "town_id" integer not null, "description" varchar not null, "created_at" datetime not null, "updated_at" datetime not null, foreign key("town_id") references "towns"("id"));
INSERT INTO "parishes" VALUES(1,1,'Altagracia','2015-05-20 20:49:58','2015-05-20 20:49:58');
CREATE TABLE "directions" ("id" integer not null primary key autoincrement, "directionable_id" integer not null, "directionable_type" varchar not null, "parish_id" integer not null, "details" varchar null, "created_at" datetime not null, "updated_at" datetime not null, "created_by" integer not null, "updated_by" integer not null, "deleted_at" datetime null, foreign key("parish_id") references "parishes"("id"), foreign key("created_by") references "users"("id"), foreign key("updated_by") references "users"("id"));
INSERT INTO "directions" VALUES(1,1,'App\Person',1,'Calle del tester.','2015-05-20 16:19:58','2015-05-20 16:19:58',1,1,NULL);
INSERT INTO "directions" VALUES(2,2,'App\Person',1,'Calle del dummy.','2015-05-20 16:19:59','2015-05-20 16:19:59',2,2,NULL);
INSERT INTO "directions" VALUES(3,1,'App\Product',1,'Avenida Piña, 320, 9º F','2015-05-20 16:20:08','2015-05-20 16:20:08',1,1,NULL);
INSERT INTO "directions" VALUES(4,2,'App\Product',1,'Calle Sergio, 643, 1º','2015-05-20 16:20:08','2015-05-20 16:20:08',1,1,NULL);
INSERT INTO "directions" VALUES(5,3,'App\Product',1,'Rúa Yago, 599, 9º 7º','2015-05-20 16:20:09','2015-05-20 16:20:09',1,1,NULL);
INSERT INTO "directions" VALUES(6,4,'App\Product',1,'Carrer Marta, 885, 6º B','2015-05-20 16:20:10','2015-05-20 16:20:10',1,1,NULL);
INSERT INTO "directions" VALUES(7,5,'App\Product',1,'Travessera Alaniz, 9, 4º 5º','2015-05-20 16:20:10','2015-05-20 16:20:10',1,1,NULL);
INSERT INTO "directions" VALUES(8,6,'App\Product',1,'Passeig Rivas, 0, 7º A','2015-05-20 16:20:11','2015-05-20 16:20:11',1,1,NULL);
INSERT INTO "directions" VALUES(9,7,'App\Product',1,'Travesia Badillo, 88, 95º C','2015-05-20 16:20:11','2015-05-20 16:20:11',1,1,NULL);
INSERT INTO "directions" VALUES(10,8,'App\Product',1,'Plaza Armendáriz, 69, 77º F','2015-05-20 16:20:11','2015-05-20 16:20:11',1,1,NULL);
CREATE TABLE "profiles" ("id" integer not null primary key autoincrement, "description" varchar not null, "created_at" datetime not null, "updated_at" datetime not null);
INSERT INTO "profiles" VALUES(1,'Administrador','2015-05-20 16:19:56','2015-05-20 16:19:56');
INSERT INTO "profiles" VALUES(2,'Usuario','2015-05-20 16:19:57','2015-05-20 16:19:57');
INSERT INTO "profiles" VALUES(3,'Desactivado','2015-05-20 16:19:57','2015-05-20 16:19:57');
CREATE TABLE "nationalities" ("id" integer not null primary key autoincrement, "description" varchar not null, "created_at" datetime not null, "updated_at" datetime not null);
INSERT INTO "nationalities" VALUES(1,'Venezolano','2015-05-20 16:19:57','2015-05-20 16:19:57');
INSERT INTO "nationalities" VALUES(2,'Extrangero','2015-05-20 16:19:57','2015-05-20 16:19:57');
CREATE TABLE "people" ("id" integer not null primary key autoincrement, "user_id" integer not null, "gender_id" integer not null, "nationality_id" integer not null, "first_name" varchar not null, "last_name" varchar null, "first_surname" varchar not null, "last_surname" varchar null, "identity_card" varchar not null, "phone" varchar null, "birth_date" date null, "created_at" datetime not null, "updated_at" datetime not null, foreign key("user_id") references "users"("id") on delete cascade, foreign key("gender_id") references "genders"("id"), foreign key("nationality_id") references "nationalities"("id"));
INSERT INTO "people" VALUES(1,1,1,1,'tester',NULL,'tester',NULL,'10000001','+58-(212)-111-2233','1999-09-09','current_timestampt','current_timestampt');
INSERT INTO "people" VALUES(2,2,1,1,'dummy',NULL,'dummy',NULL,'10000002','+58-(212)-444-5566','1999-09-09','current_timestampt','current_timestampt');
CREATE TABLE "makers" ("id" integer not null primary key autoincrement, "name" varchar not null, "slug" varchar not null, "domain" varchar null, "url" varchar null, "logo_path" varchar null, "logo_alt" varchar null, "created_at" datetime not null, "updated_at" datetime not null);
INSERT INTO "makers" VALUES(1,'Lovato y Cuellar SA','lovato-y-cuellar-sa','andreu.es','https://menchaca.es/consequatur-reprehenderit-maxime-accusantium-tenetur-quo-est-aperiam.html',NULL,NULL,'2015-05-20 16:20:01','2015-05-20 16:20:01');
INSERT INTO "makers" VALUES(2,'Viajes Ibáñez y Flia.','viajes-ibanez-y-flia','abreuaparicio.es','http://www.empresa.org/tenetur-voluptas-in-reprehenderit-quia-reprehenderit-aliquid.html',NULL,NULL,'2015-05-20 16:20:01','2015-05-20 16:20:01');
INSERT INTO "makers" VALUES(3,'Viajes Peña','viajes-pena','air.com','http://segovia.es/debitis-et-ipsum-eos-placeat-nihil',NULL,NULL,'2015-05-20 16:20:01','2015-05-20 16:20:01');
INSERT INTO "makers" VALUES(4,'Ruelas-Gallegos e Hijos','ruelas-gallegos-e-hijos','corporacion.com','https://rosadosaez.org/est-totam-eius-quia.html',NULL,NULL,'2015-05-20 16:20:02','2015-05-20 16:20:02');
INSERT INTO "makers" VALUES(5,'Orellana de Cedillo','orellana-de-cedillo','fajardo.org','http://www.grupo.es/aut-debitis-officia-ratione-et-corporis',NULL,NULL,'2015-05-20 16:20:02','2015-05-20 16:20:02');
INSERT INTO "makers" VALUES(6,'Blázquez de Escobedo y Asoc.','blazquez-de-escobedo-y-asoc','asociacion.com','http://ruelas.es/',NULL,NULL,'2015-05-20 16:20:03','2015-05-20 16:20:03');
INSERT INTO "makers" VALUES(7,'Salazar-Gracia','salazar-gracia','rueda.com','http://www.vega.es/quo-optio-ut-repellendus-quam-deserunt-fuga-sed-corrupti',NULL,NULL,'2015-05-20 16:20:03','2015-05-20 16:20:03');
INSERT INTO "makers" VALUES(8,'Arroyo-Santos','arroyo-santos','santillanvaca.es','http://martiprado.com/consequatur-qui-consequatur-consequatur-consequatur',NULL,NULL,'2015-05-20 16:20:04','2015-05-20 16:20:04');
INSERT INTO "makers" VALUES(9,'Luis y Chapa e Hijos','luis-y-chapa-e-hijos','mondragon.com.es','http://perez.es/',NULL,NULL,'2015-05-20 16:20:05','2015-05-20 16:20:05');
INSERT INTO "makers" VALUES(10,'Rueda de Enríquez','rueda-de-enriquez','centro.com.es','https://www.ulibarri.com/earum-unde-autem-iure-earum',NULL,NULL,'2015-05-20 16:20:05','2015-05-20 16:20:05');
INSERT INTO "makers" VALUES(11,'Domingo-Loera','domingo-loera','maestas.es','http://munguialorente.net/saepe-dolor-fuga-rerum',NULL,NULL,'2015-05-20 16:20:06','2015-05-20 16:20:06');
INSERT INTO "makers" VALUES(12,'Ballesteros de Jáquez SRL','ballesteros-de-jaquez-srl','nunez.es','https://solavarela.com/eligendi-vel-odio-recusandae-voluptatem-quis-tenetur-minima.html',NULL,NULL,'2015-05-20 16:20:06','2015-05-20 16:20:06');
INSERT INTO "makers" VALUES(13,'Villarreal-Sancho SRL','villarreal-sancho-srl','morales.es','http://www.miranda.com/dolor-et-sunt-cumque-omnis-necessitatibus-et.html',NULL,NULL,'2015-05-20 16:20:07','2015-05-20 16:20:07');
INSERT INTO "makers" VALUES(14,'Samaniego de Barraza S. de H.','samaniego-de-barraza-s-de-h','acosta.org','http://baez.es/',NULL,NULL,'2015-05-20 16:20:07','2015-05-20 16:20:07');
CREATE TABLE "categories" ("id" integer not null primary key autoincrement, "description" varchar not null, "slug" varchar not null, "created_at" datetime not null, "updated_at" datetime not null);
INSERT INTO "categories" VALUES(1,'Productos Agro-Industriales','productos-agro-industriales','2015-05-20 16:19:59','2015-05-20 16:19:59');
INSERT INTO "categories" VALUES(2,'Productos Alimenticios','productos-alimenticios','2015-05-20 16:19:59','2015-05-20 16:19:59');
CREATE TABLE "sub_categories" ("id" integer not null primary key autoincrement, "category_id" integer not null, "description" varchar not null, "slug" varchar not null, "created_at" datetime not null, "updated_at" datetime not null, foreign key("category_id") references "categories"("id") on delete cascade);
INSERT INTO "sub_categories" VALUES(1,1,'Maquinaria Pesada','maquinaria-pesada','2015-05-20 16:19:59','2015-05-20 16:19:59');
INSERT INTO "sub_categories" VALUES(2,1,'Tractores','tractores','2015-05-20 16:20:00','2015-05-20 16:20:00');
INSERT INTO "sub_categories" VALUES(3,1,'Maquinaria Ligera','maquinaria-ligera','2015-05-20 16:20:00','2015-05-20 16:20:00');
INSERT INTO "sub_categories" VALUES(4,2,'Chocolate','chocolate','2015-05-20 16:20:00','2015-05-20 16:20:00');
INSERT INTO "sub_categories" VALUES(5,2,'Arroz','arroz','2015-05-20 16:20:00','2015-05-20 16:20:00');
INSERT INTO "sub_categories" VALUES(6,2,'Avena','avena','2015-05-20 16:20:00','2015-05-20 16:20:00');
INSERT INTO "sub_categories" VALUES(7,2,'Soya','soya','2015-05-20 16:20:00','2015-05-20 16:20:00');
CREATE TABLE "products" ("id" integer not null primary key autoincrement, "user_id" integer not null, "maker_id" integer not null, "sub_category_id" integer not null, "title" varchar not null, "description" text not null, "price" float not null, "quantity" integer not null, "slug" varchar not null, "created_at" datetime not null, "updated_at" datetime not null, "created_by" integer not null, "updated_by" integer not null, "deleted_at" datetime null, foreign key("user_id") references "users"("id") on delete cascade, foreign key("maker_id") references "makers"("id"), foreign key("sub_category_id") references "sub_categories"("id"), foreign key("created_by") references "users"("id"), foreign key("updated_by") references "users"("id"));
INSERT INTO "products" VALUES(1,1,1,1,'Ea architecto fugit est.','Officia ut repellat aut. A accusamus a sit impedit. Et quasi aut blanditiis dicta eveniet eveniet. Eveniet saepe exercitationem reprehenderit nihil sed qui tenetur.',1784644307.49,14,'ea-architecto-fugit-est','2015-05-20 16:20:08','2015-05-20 16:20:08',1,1,NULL);
INSERT INTO "products" VALUES(2,1,11,2,'Ad ratione nulla architecto.','Soluta aut impedit quo impedit explicabo vero. Consequatur velit non explicabo corrupti ut. Consequuntur ut nobis earum qui possimus omnis ut. Ut ullam ipsum ullam dolor.',4770079658.39,2,'ad-ratione-nulla-architecto','2015-05-20 16:20:08','2015-05-20 16:20:08',1,1,NULL);
INSERT INTO "products" VALUES(3,1,4,3,'Non temporibus doloremque eius.','Odio excepturi nemo repellendus. Laudantium omnis eum et sint aliquid. Est praesentium sunt aut in sed reprehenderit ut. Voluptatem repudiandae qui sapiente nihil provident commodi deserunt.',8103209392.68,6,'non-temporibus-doloremque-eius','2015-05-20 16:20:08','2015-05-20 16:20:08',1,1,NULL);
INSERT INTO "products" VALUES(4,1,8,4,'Quaerat qui qui animi harum quibusdam expedita.','Maxime perspiciatis cupiditate aliquam molestias dolorum. Rerum aut officiis consequatur eos ullam. Quis eligendi aut corporis harum dolorem.',5603846939.66,8,'quaerat-qui-qui-animi-harum-quibusdam-expedita','2015-05-20 16:20:09','2015-05-20 16:20:09',1,1,NULL);
INSERT INTO "products" VALUES(5,1,10,5,'Est qui dicta doloremque.','Consequatur et veniam labore enim labore error. Nostrum sit aut ullam et autem et et deserunt. Voluptatibus ratione commodi veritatis.',1289979702.82,3,'est-qui-dicta-doloremque','2015-05-20 16:20:10','2015-05-20 16:20:10',1,1,NULL);
INSERT INTO "products" VALUES(6,1,4,6,'Ex rerum voluptatem pariatur eos non.','Eligendi maiores perspiciatis sit aliquid minima id quis corrupti. Consequatur recusandae dolores nobis illo ipsa totam quia. Non consequatur recusandae praesentium autem dolore impedit aut.',6353486391.39,18,'ex-rerum-voluptatem-pariatur-eos-non','2015-05-20 16:20:11','2015-05-20 16:20:11',1,1,NULL);
INSERT INTO "products" VALUES(7,1,14,7,'Ut molestiae cupiditate suscipit dolorum cum odio.','Est magni ut facere voluptas reprehenderit. Magnam quis est rerum voluptate quidem sit perspiciatis. Est tenetur natus exercitationem sed beatae tempore aut. Neque voluptatem nulla ut optio.',9319547257.35,14,'ut-molestiae-cupiditate-suscipit-dolorum-cum-odio','2015-05-20 16:20:11','2015-05-20 16:20:11',1,1,NULL);
INSERT INTO "products" VALUES(8,1,1,1,'Unde omnis veniam animi nostrum.','Numquam quia sint minus expedita. Libero voluptate et saepe nihil a. Libero eos eligendi et nemo eos.',943017753.42,15,'unde-omnis-veniam-animi-nostrum','2015-05-20 16:20:11','2015-05-20 16:20:11',1,1,NULL);
CREATE TABLE "promotions" ("id" integer not null primary key autoincrement, "title" varchar not null, "slug" varchar not null, "percentage" integer null, "static" integer null, "begins" date not null, "ends" date not null, "created_at" datetime not null, "updated_at" datetime not null);
INSERT INTO "promotions" VALUES(1,'Lleva 2, paga 3!','lleva-2-paga-3',10,100,'2011-05-20','2016-05-20','2015-05-20 16:20:47','2015-05-20 16:20:47');
CREATE TABLE "product_promotion" ("product_id" integer not null, "promotion_id" integer not null, foreign key("product_id") references "products"("id"), foreign key("promotion_id") references "promotions"("id"));
INSERT INTO "product_promotion" VALUES(1,1);
CREATE TABLE "files" ("id" integer not null primary key autoincrement, "fileable_id" integer not null, "fileable_type" varchar not null, "path" varchar not null, "mime" varchar not null, "created_at" datetime not null, "updated_at" datetime not null, "created_by" integer not null, "updated_by" integer not null, foreign key("created_by") references "users"("id"), foreign key("updated_by") references "users"("id"));
INSERT INTO "files" VALUES(1,1,'App\Feature','products/1/201505200405051212-VIUG6lZOxsHj9bRXJj0l.pdf','application/pdf','2015-05-20 16:20:12','2015-05-20 16:20:12',1,1);
INSERT INTO "files" VALUES(2,2,'App\Feature','products/1/201505200405051212-wYScxV0lHubyT0BrbOVl.pdf','application/pdf','2015-05-20 16:20:12','2015-05-20 16:20:12',1,1);
INSERT INTO "files" VALUES(3,3,'App\Feature','products/1/201505200405051313-O6antrxLpWFCAX3uTspZ.pdf','application/pdf','2015-05-20 16:20:13','2015-05-20 16:20:13',1,1);
INSERT INTO "files" VALUES(4,4,'App\Feature','products/1/201505200405051414-V3hFNkOKlpClFu251odT.pdf','application/pdf','2015-05-20 16:20:14','2015-05-20 16:20:14',1,1);
INSERT INTO "files" VALUES(5,5,'App\Feature','products/1/201505200405051414-fM9swWHkTcJqTJuD3o80.pdf','application/pdf','2015-05-20 16:20:14','2015-05-20 16:20:14',1,1);
INSERT INTO "files" VALUES(6,6,'App\Feature','products/2/201505200405051515-U6vKxzMsnnBCOBNVKC6u.pdf','application/pdf','2015-05-20 16:20:15','2015-05-20 16:20:15',1,1);
INSERT INTO "files" VALUES(7,7,'App\Feature','products/2/201505200405051616-0tX9fk2YfSE0Z9i6EwVz.pdf','application/pdf','2015-05-20 16:20:16','2015-05-20 16:20:16',1,1);
INSERT INTO "files" VALUES(8,8,'App\Feature','products/2/201505200405051616-VEQUpWVJTXIZ165yebF4.pdf','application/pdf','2015-05-20 16:20:16','2015-05-20 16:20:16',1,1);
INSERT INTO "files" VALUES(9,9,'App\Feature','products/2/201505200405051717-CljthJG6Rtnu8O8LNe9a.pdf','application/pdf','2015-05-20 16:20:17','2015-05-20 16:20:17',1,1);
INSERT INTO "files" VALUES(10,10,'App\Feature','products/2/201505200405051717-lrfTzUoSBgPnpwEGaLg4.pdf','application/pdf','2015-05-20 16:20:17','2015-05-20 16:20:17',1,1);
INSERT INTO "files" VALUES(11,11,'App\Feature','products/3/201505200405051818-1r5ZN69GnuntdpODqPuS.pdf','application/pdf','2015-05-20 16:20:18','2015-05-20 16:20:18',1,1);
INSERT INTO "files" VALUES(12,12,'App\Feature','products/3/201505200405051818-NUfJmbNNETDm1SvlWvfK.pdf','application/pdf','2015-05-20 16:20:18','2015-05-20 16:20:18',1,1);
INSERT INTO "files" VALUES(13,13,'App\Feature','products/3/201505200405051919-VhIr4e9QPLqBNaus1JwY.pdf','application/pdf','2015-05-20 16:20:19','2015-05-20 16:20:19',1,1);
INSERT INTO "files" VALUES(14,14,'App\Feature','products/3/201505200405051919-r3GZhk1rQfpGzAnj6Rdr.pdf','application/pdf','2015-05-20 16:20:19','2015-05-20 16:20:19',1,1);
INSERT INTO "files" VALUES(15,15,'App\Feature','products/3/201505200405052020-4mixQJ07WdYdLnSi5bzm.pdf','application/pdf','2015-05-20 16:20:20','2015-05-20 16:20:20',1,1);
INSERT INTO "files" VALUES(16,16,'App\Feature','products/4/201505200405052020-bEB519Fktfcszwnw7lVQ.pdf','application/pdf','2015-05-20 16:20:20','2015-05-20 16:20:20',1,1);
INSERT INTO "files" VALUES(17,17,'App\Feature','products/4/201505200405052121-LOAHEMtDo3qyhJEhU3VI.pdf','application/pdf','2015-05-20 16:20:21','2015-05-20 16:20:21',1,1);
INSERT INTO "files" VALUES(18,18,'App\Feature','products/4/201505200405052121-lwRHpG0dZ6JtyGQ0QP8o.pdf','application/pdf','2015-05-20 16:20:21','2015-05-20 16:20:21',1,1);
INSERT INTO "files" VALUES(19,19,'App\Feature','products/4/201505200405052222-8MRNOgrxjGaZ3xyAIMkr.pdf','application/pdf','2015-05-20 16:20:22','2015-05-20 16:20:22',1,1);
INSERT INTO "files" VALUES(20,20,'App\Feature','products/4/201505200405052222-lTkVsFxSNmMCFVsekG5M.pdf','application/pdf','2015-05-20 16:20:22','2015-05-20 16:20:22',1,1);
INSERT INTO "files" VALUES(21,21,'App\Feature','products/5/201505200405052323-wzaneO3zgL5rw7bhEiLo.pdf','application/pdf','2015-05-20 16:20:23','2015-05-20 16:20:23',1,1);
INSERT INTO "files" VALUES(22,22,'App\Feature','products/5/201505200405052323-02hDMigTR5FqMmCgF677.pdf','application/pdf','2015-05-20 16:20:23','2015-05-20 16:20:23',1,1);
INSERT INTO "files" VALUES(23,23,'App\Feature','products/5/201505200405052424-mvq5DWt821o7FdYwk4Xm.pdf','application/pdf','2015-05-20 16:20:24','2015-05-20 16:20:24',1,1);
INSERT INTO "files" VALUES(24,24,'App\Feature','products/5/201505200405052424-77YHG7sjFS6TSw7DFWgT.pdf','application/pdf','2015-05-20 16:20:24','2015-05-20 16:20:24',1,1);
INSERT INTO "files" VALUES(25,25,'App\Feature','products/5/201505200405052424-zHfYElXP3bv7MC7wNJPJ.pdf','application/pdf','2015-05-20 16:20:24','2015-05-20 16:20:24',1,1);
INSERT INTO "files" VALUES(26,26,'App\Feature','products/6/201505200405052525-vjKiXf1gGimwHUtT60Lp.pdf','application/pdf','2015-05-20 16:20:25','2015-05-20 16:20:25',1,1);
INSERT INTO "files" VALUES(27,27,'App\Feature','products/6/201505200405052626-obTbFHPm61T03QZ43pYH.pdf','application/pdf','2015-05-20 16:20:26','2015-05-20 16:20:26',1,1);
INSERT INTO "files" VALUES(28,28,'App\Feature','products/6/201505200405052626-HjDdCWme58ffhFMyuIwO.pdf','application/pdf','2015-05-20 16:20:26','2015-05-20 16:20:26',1,1);
INSERT INTO "files" VALUES(29,29,'App\Feature','products/6/201505200405052727-1pbyiCVOyjVeZeEcGXm7.pdf','application/pdf','2015-05-20 16:20:27','2015-05-20 16:20:27',1,1);
INSERT INTO "files" VALUES(30,30,'App\Feature','products/6/201505200405052727-kYpBA3beETDMoxjXcaxz.pdf','application/pdf','2015-05-20 16:20:27','2015-05-20 16:20:27',1,1);
INSERT INTO "files" VALUES(31,31,'App\Feature','products/7/201505200405052828-JxKjOmj4j8SQ6eStTbvf.pdf','application/pdf','2015-05-20 16:20:28','2015-05-20 16:20:28',1,1);
INSERT INTO "files" VALUES(32,32,'App\Feature','products/7/201505200405052828-HgZAU3eukagf7dSdNNLy.pdf','application/pdf','2015-05-20 16:20:28','2015-05-20 16:20:28',1,1);
INSERT INTO "files" VALUES(33,33,'App\Feature','products/7/201505200405052929-Azcw8RzeFDP9vAbrHkth.pdf','application/pdf','2015-05-20 16:20:29','2015-05-20 16:20:29',1,1);
INSERT INTO "files" VALUES(34,34,'App\Feature','products/7/201505200405052929-Hnx3EAXtTbVApk2pVkIC.pdf','application/pdf','2015-05-20 16:20:29','2015-05-20 16:20:29',1,1);
INSERT INTO "files" VALUES(35,35,'App\Feature','products/7/201505200405053030-ojXlEE3QdukL2ifs2s38.pdf','application/pdf','2015-05-20 16:20:30','2015-05-20 16:20:30',1,1);
INSERT INTO "files" VALUES(36,36,'App\Feature','products/8/201505200405053030-Q9QXqnictcNMcGX0hTw9.pdf','application/pdf','2015-05-20 16:20:30','2015-05-20 16:20:30',1,1);
INSERT INTO "files" VALUES(37,37,'App\Feature','products/8/201505200405053131-NJnLx2SLeHjUf5nhsKMJ.pdf','application/pdf','2015-05-20 16:20:31','2015-05-20 16:20:31',1,1);
INSERT INTO "files" VALUES(38,38,'App\Feature','products/8/201505200405053131-DH1hycbOWxt0YxRHBapk.pdf','application/pdf','2015-05-20 16:20:31','2015-05-20 16:20:31',1,1);
INSERT INTO "files" VALUES(39,39,'App\Feature','products/8/201505200405053232-R8rAEYJaaz162P9V7GFP.pdf','application/pdf','2015-05-20 16:20:32','2015-05-20 16:20:32',1,1);
INSERT INTO "files" VALUES(40,40,'App\Feature','products/8/201505200405053333-myvj3vaOg1l0R6pQNIAW.pdf','application/pdf','2015-05-20 16:20:33','2015-05-20 16:20:33',1,1);
INSERT INTO "files" VALUES(41,1,'App\Product','products/1/201505200405054444-o6Ik6oEVNgh40PcVg1w3.pdf','application/pdf','2015-05-20 16:20:44','2015-05-20 16:20:44',1,1);
INSERT INTO "files" VALUES(42,2,'App\Product','products/2/201505200405054545-uv7M4hqjj8sk2RscxR76.pdf','application/pdf','2015-05-20 16:20:45','2015-05-20 16:20:45',1,1);
INSERT INTO "files" VALUES(43,3,'App\Product','products/3/201505200405054545-ii5K9TWNAzIyplvVFtn1.pdf','application/pdf','2015-05-20 16:20:45','2015-05-20 16:20:45',1,1);
INSERT INTO "files" VALUES(44,4,'App\Product','products/4/201505200405054646-8iFI87YmakkHQdUgfOWt.pdf','application/pdf','2015-05-20 16:20:46','2015-05-20 16:20:46',1,1);
INSERT INTO "files" VALUES(45,5,'App\Product','products/5/201505200405054646-mX4q7MLwuEpgDxRp0ADp.pdf','application/pdf','2015-05-20 16:20:46','2015-05-20 16:20:46',1,1);
INSERT INTO "files" VALUES(46,6,'App\Product','products/6/201505200405054646-mrjDUJK4nR3Bewv5dBAy.pdf','application/pdf','2015-05-20 16:20:46','2015-05-20 16:20:46',1,1);
INSERT INTO "files" VALUES(47,7,'App\Product','products/7/201505200405054747-TdsGrNBpD6YvJIeR69GV.pdf','application/pdf','2015-05-20 16:20:47','2015-05-20 16:20:47',1,1);
INSERT INTO "files" VALUES(48,8,'App\Product','products/8/201505200405054747-FJ7cXpOqwiuJ94qe5Mu5.pdf','application/pdf','2015-05-20 16:20:47','2015-05-20 16:20:47',1,1);
CREATE TABLE "images" ("id" integer not null primary key autoincrement, "imageable_id" integer not null, "imageable_type" varchar not null, "path" varchar not null, "mime" varchar not null, "alt" varchar not null, "created_at" datetime not null, "updated_at" datetime not null, "created_by" integer not null, "updated_by" integer not null, foreign key("created_by") references "users"("id"), foreign key("updated_by") references "users"("id"));
INSERT INTO "images" VALUES(1,1,'App\Maker','makers/1/201505200405050101-zxqEwSfvanqcbaRaXCJu.gif','image/gif','orbiagro.com.ve subastas compra y venta: lovato-y-cuellar-sa','2015-05-20 16:20:01','2015-05-20 16:20:01',1,1);
INSERT INTO "images" VALUES(2,2,'App\Maker','makers/2/201505200405050101-knx5W7q6429FFU46GZq2.gif','image/gif','orbiagro.com.ve subastas compra y venta: viajes-ibanez-y-flia','2015-05-20 16:20:01','2015-05-20 16:20:01',1,1);
INSERT INTO "images" VALUES(3,3,'App\Maker','makers/3/201505200405050202-wpVMKhn9FHQNB0Fvl1uu.gif','image/gif','orbiagro.com.ve subastas compra y venta: viajes-pena','2015-05-20 16:20:02','2015-05-20 16:20:02',1,1);
INSERT INTO "images" VALUES(4,4,'App\Maker','makers/4/201505200405050202-lM0NJcVtYvxtOfSvW0aN.gif','image/gif','orbiagro.com.ve subastas compra y venta: ruelas-gallegos-e-hijos','2015-05-20 16:20:02','2015-05-20 16:20:02',1,1);
INSERT INTO "images" VALUES(5,5,'App\Maker','makers/5/201505200405050303-u50LQRXzZDGEWDBACDOw.gif','image/gif','orbiagro.com.ve subastas compra y venta: orellana-de-cedillo','2015-05-20 16:20:03','2015-05-20 16:20:03',1,1);
INSERT INTO "images" VALUES(6,6,'App\Maker','makers/6/201505200405050303-Rb4IV8MTe5WmoscKV6mE.gif','image/gif','orbiagro.com.ve subastas compra y venta: blazquez-de-escobedo-y-asoc','2015-05-20 16:20:03','2015-05-20 16:20:03',1,1);
INSERT INTO "images" VALUES(7,7,'App\Maker','makers/7/201505200405050404-TPn5hcXme0pRlNP99jq2.gif','image/gif','orbiagro.com.ve subastas compra y venta: salazar-gracia','2015-05-20 16:20:04','2015-05-20 16:20:04',1,1);
INSERT INTO "images" VALUES(8,8,'App\Maker','makers/8/201505200405050404-Aqu4rWkvWq4BzDNNRYVF.gif','image/gif','orbiagro.com.ve subastas compra y venta: arroyo-santos','2015-05-20 16:20:04','2015-05-20 16:20:04',1,1);
INSERT INTO "images" VALUES(9,9,'App\Maker','makers/9/201505200405050505-0zQNV5wfzOPCKOM4raJt.gif','image/gif','orbiagro.com.ve subastas compra y venta: luis-y-chapa-e-hijos','2015-05-20 16:20:05','2015-05-20 16:20:05',1,1);
INSERT INTO "images" VALUES(10,10,'App\Maker','makers/10/201505200405050505-lCy0tJ3D7Jr2EaNWxzk6.gif','image/gif','orbiagro.com.ve subastas compra y venta: rueda-de-enriquez','2015-05-20 16:20:05','2015-05-20 16:20:05',1,1);
INSERT INTO "images" VALUES(11,11,'App\Maker','makers/11/201505200405050606-RJZTbS7DAhQRjP4pTQW4.gif','image/gif','orbiagro.com.ve subastas compra y venta: domingo-loera','2015-05-20 16:20:06','2015-05-20 16:20:06',1,1);
INSERT INTO "images" VALUES(12,12,'App\Maker','makers/12/201505200405050606-W8EQXIkPIOlbDlamXD7I.gif','image/gif','orbiagro.com.ve subastas compra y venta: ballesteros-de-jaquez-srl','2015-05-20 16:20:06','2015-05-20 16:20:06',1,1);
INSERT INTO "images" VALUES(13,13,'App\Maker','makers/13/201505200405050707-oKN2h9wQM8vkD90uwRz8.gif','image/gif','orbiagro.com.ve subastas compra y venta: villarreal-sancho-srl','2015-05-20 16:20:07','2015-05-20 16:20:07',1,1);
INSERT INTO "images" VALUES(14,14,'App\Maker','makers/14/201505200405050707-j58wFUaNnzAthWoT2lju.gif','image/gif','orbiagro.com.ve subastas compra y venta: samaniego-de-barraza-s-de-h','2015-05-20 16:20:07','2015-05-20 16:20:07',1,1);
INSERT INTO "images" VALUES(15,1,'App\Feature','products/1/201505200405051212-fOvehDbG7BMtHeS16s13.gif','image/gif','orbiagro.com.ve subastas compra y venta: tester','2015-05-20 16:20:12','2015-05-20 16:20:12',1,1);
INSERT INTO "images" VALUES(16,2,'App\Feature','products/1/201505200405051212-pjTbmfL7Lsre8WMnSzgF.gif','image/gif','orbiagro.com.ve subastas compra y venta: tester','2015-05-20 16:20:12','2015-05-20 16:20:12',1,1);
INSERT INTO "images" VALUES(17,3,'App\Feature','products/1/201505200405051313-RsnmBI4Uhh0G9IMeNfhL.gif','image/gif','orbiagro.com.ve subastas compra y venta: tester','2015-05-20 16:20:13','2015-05-20 16:20:13',1,1);
INSERT INTO "images" VALUES(18,4,'App\Feature','products/1/201505200405051414-2hCbpAt3LoZ0i4lozIJr.gif','image/gif','orbiagro.com.ve subastas compra y venta: tester','2015-05-20 16:20:14','2015-05-20 16:20:14',1,1);
INSERT INTO "images" VALUES(19,5,'App\Feature','products/1/201505200405051414-UooxSRlkXR2cSgXePStk.gif','image/gif','orbiagro.com.ve subastas compra y venta: tester','2015-05-20 16:20:14','2015-05-20 16:20:14',1,1);
INSERT INTO "images" VALUES(20,6,'App\Feature','products/2/201505200405051515-wTBCt9IlTFzhubN5hLOV.gif','image/gif','orbiagro.com.ve subastas compra y venta: tester','2015-05-20 16:20:15','2015-05-20 16:20:15',1,1);
INSERT INTO "images" VALUES(21,7,'App\Feature','products/2/201505200405051515-TlJFOiQ30rer9DwsTE1i.gif','image/gif','orbiagro.com.ve subastas compra y venta: tester','2015-05-20 16:20:15','2015-05-20 16:20:15',1,1);
INSERT INTO "images" VALUES(22,8,'App\Feature','products/2/201505200405051616-lto5lYbrtFcIVblBZdkv.gif','image/gif','orbiagro.com.ve subastas compra y venta: tester','2015-05-20 16:20:16','2015-05-20 16:20:16',1,1);
INSERT INTO "images" VALUES(23,9,'App\Feature','products/2/201505200405051616-u087wxCAEi19OtrrkYvK.gif','image/gif','orbiagro.com.ve subastas compra y venta: tester','2015-05-20 16:20:16','2015-05-20 16:20:16',1,1);
INSERT INTO "images" VALUES(24,10,'App\Feature','products/2/201505200405051717-U9OHFUvX68iMdJJtr13s.gif','image/gif','orbiagro.com.ve subastas compra y venta: tester','2015-05-20 16:20:17','2015-05-20 16:20:17',1,1);
INSERT INTO "images" VALUES(25,11,'App\Feature','products/3/201505200405051717-1WZnbbU4Umss4joqnQex.gif','image/gif','orbiagro.com.ve subastas compra y venta: tester','2015-05-20 16:20:17','2015-05-20 16:20:17',1,1);
INSERT INTO "images" VALUES(26,12,'App\Feature','products/3/201505200405051818-Vwvvqo5ipi4aY0CSH74a.gif','image/gif','orbiagro.com.ve subastas compra y venta: tester','2015-05-20 16:20:18','2015-05-20 16:20:18',1,1);
INSERT INTO "images" VALUES(27,13,'App\Feature','products/3/201505200405051818-eVb28gnAaBIT9dwIWSbP.gif','image/gif','orbiagro.com.ve subastas compra y venta: tester','2015-05-20 16:20:18','2015-05-20 16:20:18',1,1);
INSERT INTO "images" VALUES(28,14,'App\Feature','products/3/201505200405051919-meLYyqP4MDZTZYY6Tgab.gif','image/gif','orbiagro.com.ve subastas compra y venta: tester','2015-05-20 16:20:19','2015-05-20 16:20:19',1,1);
INSERT INTO "images" VALUES(29,15,'App\Feature','products/3/201505200405052020-qvAnkJbhQzPZ0MmSuSiT.gif','image/gif','orbiagro.com.ve subastas compra y venta: tester','2015-05-20 16:20:20','2015-05-20 16:20:20',1,1);
INSERT INTO "images" VALUES(30,16,'App\Feature','products/4/201505200405052020-DOTWvZIashKcvgM1LbES.gif','image/gif','orbiagro.com.ve subastas compra y venta: tester','2015-05-20 16:20:20','2015-05-20 16:20:20',1,1);
INSERT INTO "images" VALUES(31,17,'App\Feature','products/4/201505200405052121-vhtr3y6biOoYTLq7WH65.gif','image/gif','orbiagro.com.ve subastas compra y venta: tester','2015-05-20 16:20:21','2015-05-20 16:20:21',1,1);
INSERT INTO "images" VALUES(32,18,'App\Feature','products/4/201505200405052121-QJppUu5WPQ1W2Gf8wIQE.gif','image/gif','orbiagro.com.ve subastas compra y venta: tester','2015-05-20 16:20:21','2015-05-20 16:20:21',1,1);
INSERT INTO "images" VALUES(33,19,'App\Feature','products/4/201505200405052222-TZmCvnMfti76S0R9d0fI.gif','image/gif','orbiagro.com.ve subastas compra y venta: tester','2015-05-20 16:20:22','2015-05-20 16:20:22',1,1);
INSERT INTO "images" VALUES(34,20,'App\Feature','products/4/201505200405052222-QjNJTiDfqF0CMCT431Rz.gif','image/gif','orbiagro.com.ve subastas compra y venta: tester','2015-05-20 16:20:22','2015-05-20 16:20:22',1,1);
INSERT INTO "images" VALUES(35,21,'App\Feature','products/5/201505200405052222-wleevCqQ1haipKv80HW4.gif','image/gif','orbiagro.com.ve subastas compra y venta: tester','2015-05-20 16:20:22','2015-05-20 16:20:22',1,1);
INSERT INTO "images" VALUES(36,22,'App\Feature','products/5/201505200405052323-5fQcq8NeTtZqv36Rwt34.gif','image/gif','orbiagro.com.ve subastas compra y venta: tester','2015-05-20 16:20:23','2015-05-20 16:20:23',1,1);
INSERT INTO "images" VALUES(37,23,'App\Feature','products/5/201505200405052323-eYsAgAu2MtkjvtDjkGSc.gif','image/gif','orbiagro.com.ve subastas compra y venta: tester','2015-05-20 16:20:23','2015-05-20 16:20:23',1,1);
INSERT INTO "images" VALUES(38,24,'App\Feature','products/5/201505200405052424-MJ7F0AgRo5V53FdREtIB.gif','image/gif','orbiagro.com.ve subastas compra y venta: tester','2015-05-20 16:20:24','2015-05-20 16:20:24',1,1);
INSERT INTO "images" VALUES(39,25,'App\Feature','products/5/201505200405052424-AKKVMhH8bWDq98vQ1KIj.gif','image/gif','orbiagro.com.ve subastas compra y venta: tester','2015-05-20 16:20:24','2015-05-20 16:20:24',1,1);
INSERT INTO "images" VALUES(40,26,'App\Feature','products/6/201505200405052525-q7KzrejtxJvOs47cABX3.gif','image/gif','orbiagro.com.ve subastas compra y venta: tester','2015-05-20 16:20:25','2015-05-20 16:20:25',1,1);
INSERT INTO "images" VALUES(41,27,'App\Feature','products/6/201505200405052626-eAntV3KZn0cYPuAc4Ah7.gif','image/gif','orbiagro.com.ve subastas compra y venta: tester','2015-05-20 16:20:26','2015-05-20 16:20:26',1,1);
INSERT INTO "images" VALUES(42,28,'App\Feature','products/6/201505200405052626-4fDioeT21hn8uDEEHy33.gif','image/gif','orbiagro.com.ve subastas compra y venta: tester','2015-05-20 16:20:26','2015-05-20 16:20:26',1,1);
INSERT INTO "images" VALUES(43,29,'App\Feature','products/6/201505200405052626-hiM8EPBfoFAaIrsy11xn.gif','image/gif','orbiagro.com.ve subastas compra y venta: tester','2015-05-20 16:20:26','2015-05-20 16:20:26',1,1);
INSERT INTO "images" VALUES(44,30,'App\Feature','products/6/201505200405052727-g3jdeYomJdplduPIUsdY.gif','image/gif','orbiagro.com.ve subastas compra y venta: tester','2015-05-20 16:20:27','2015-05-20 16:20:27',1,1);
INSERT INTO "images" VALUES(45,31,'App\Feature','products/7/201505200405052828-yGaf5iZF7JAeiVEV6sZx.gif','image/gif','orbiagro.com.ve subastas compra y venta: tester','2015-05-20 16:20:28','2015-05-20 16:20:28',1,1);
INSERT INTO "images" VALUES(46,32,'App\Feature','products/7/201505200405052828-BzyJsfkeG4c9WzdA40bV.gif','image/gif','orbiagro.com.ve subastas compra y venta: tester','2015-05-20 16:20:28','2015-05-20 16:20:28',1,1);
INSERT INTO "images" VALUES(47,33,'App\Feature','products/7/201505200405052929-CbiDuigj7VIbqxgHarY8.gif','image/gif','orbiagro.com.ve subastas compra y venta: tester','2015-05-20 16:20:29','2015-05-20 16:20:29',1,1);
INSERT INTO "images" VALUES(48,34,'App\Feature','products/7/201505200405052929-MLhATvhRiRCmXZcxJU8o.gif','image/gif','orbiagro.com.ve subastas compra y venta: tester','2015-05-20 16:20:29','2015-05-20 16:20:29',1,1);
INSERT INTO "images" VALUES(49,35,'App\Feature','products/7/201505200405052929-juLSnp6PssBcycw5L67H.gif','image/gif','orbiagro.com.ve subastas compra y venta: tester','2015-05-20 16:20:29','2015-05-20 16:20:29',1,1);
INSERT INTO "images" VALUES(50,36,'App\Feature','products/8/201505200405053030-bYIeV38mAvWbNyddW3w4.gif','image/gif','orbiagro.com.ve subastas compra y venta: tester','2015-05-20 16:20:30','2015-05-20 16:20:30',1,1);
INSERT INTO "images" VALUES(51,37,'App\Feature','products/8/201505200405053030-V1QQf4aSCd1BNH2dZ7GD.gif','image/gif','orbiagro.com.ve subastas compra y venta: tester','2015-05-20 16:20:30','2015-05-20 16:20:30',1,1);
INSERT INTO "images" VALUES(52,38,'App\Feature','products/8/201505200405053131-dvV0YapcbwwKSi3HnWaC.gif','image/gif','orbiagro.com.ve subastas compra y venta: tester','2015-05-20 16:20:31','2015-05-20 16:20:31',1,1);
INSERT INTO "images" VALUES(53,39,'App\Feature','products/8/201505200405053232-0I0ymZ7bzsvqjJ7IaVN1.gif','image/gif','orbiagro.com.ve subastas compra y venta: tester','2015-05-20 16:20:32','2015-05-20 16:20:32',1,1);
INSERT INTO "images" VALUES(54,40,'App\Feature','products/8/201505200405053232-onRI901SH3slBH3vaafv.gif','image/gif','orbiagro.com.ve subastas compra y venta: tester','2015-05-20 16:20:32','2015-05-20 16:20:32',1,1);
INSERT INTO "images" VALUES(55,1,'App\Product','products/1/201505200405054444-ndGfXUjxp2rJau623PYb.gif','image/gif','orbiagro.com.ve subastas compra y venta: ea-architecto-fugit-est','2015-05-20 16:20:44','2015-05-20 16:20:44',1,1);
INSERT INTO "images" VALUES(56,2,'App\Product','products/2/201505200405054444-KbBkyYhVVe4QAaNx3SzL.gif','image/gif','orbiagro.com.ve subastas compra y venta: ad-ratione-nulla-architecto','2015-05-20 16:20:44','2015-05-20 16:20:44',1,1);
INSERT INTO "images" VALUES(57,3,'App\Product','products/3/201505200405054545-DKBj0aARopsgn4BAFzyX.gif','image/gif','orbiagro.com.ve subastas compra y venta: non-temporibus-doloremque-eius','2015-05-20 16:20:45','2015-05-20 16:20:45',1,1);
INSERT INTO "images" VALUES(58,4,'App\Product','products/4/201505200405054545-smXMkedsmc8lLSrRG11d.gif','image/gif','orbiagro.com.ve subastas compra y venta: quaerat-qui-qui-animi-harum-quibusdam-expedita','2015-05-20 16:20:45','2015-05-20 16:20:45',1,1);
INSERT INTO "images" VALUES(59,5,'App\Product','products/5/201505200405054646-D7FDseX4WTEmF3HXNX1J.gif','image/gif','orbiagro.com.ve subastas compra y venta: est-qui-dicta-doloremque','2015-05-20 16:20:46','2015-05-20 16:20:46',1,1);
INSERT INTO "images" VALUES(60,6,'App\Product','products/6/201505200405054646-sURihqEaTm1GsJsGMc3s.gif','image/gif','orbiagro.com.ve subastas compra y venta: ex-rerum-voluptatem-pariatur-eos-non','2015-05-20 16:20:46','2015-05-20 16:20:46',1,1);
INSERT INTO "images" VALUES(61,7,'App\Product','products/7/201505200405054646-ZbHlXGH4kSer09oqzIr0.gif','image/gif','orbiagro.com.ve subastas compra y venta: ut-molestiae-cupiditate-suscipit-dolorum-cum-odio','2015-05-20 16:20:46','2015-05-20 16:20:46',1,1);
INSERT INTO "images" VALUES(62,8,'App\Product','products/8/201505200405054747-4nSLV5bC5rvw3fg9oW4H.gif','image/gif','orbiagro.com.ve subastas compra y venta: unde-omnis-veniam-animi-nostrum','2015-05-20 16:20:47','2015-05-20 16:20:47',1,1);
INSERT INTO "images" VALUES(63,1,'App\Promotion','promos/1/201505200405054747-6vEmHIHNTKk8yljrIrzg.gif','image/gif','orbiagro.com.ve subastas compra y venta: lleva-2-paga-3','2015-05-20 16:20:47','2015-05-20 16:20:47',1,1);
INSERT INTO "images" VALUES(64,1,'App\Category','category/1/201505200405054747-MU4PMebq35g5X1ruz4w8.gif','image/gif','orbiagro.com.ve subastas compra y venta: ','2015-05-20 16:20:47','2015-05-20 16:20:47',1,1);
INSERT INTO "images" VALUES(65,2,'App\Category','category/2/201505200405054848-MTm4nejHw87FsNB3SrGt.gif','image/gif','orbiagro.com.ve subastas compra y venta: ','2015-05-20 16:20:48','2015-05-20 16:20:48',1,1);
INSERT INTO "images" VALUES(66,1,'App\SubCategory','sub-category/1/201505200405054848-eFXiLbcJmpV62fo6OjpQ.gif','image/gif','orbiagro.com.ve subastas compra y venta: ','2015-05-20 16:20:48','2015-05-20 16:20:48',1,1);
INSERT INTO "images" VALUES(67,2,'App\SubCategory','sub-category/2/201505200405054848-fypD9Ibj5XiirgKTwyw2.gif','image/gif','orbiagro.com.ve subastas compra y venta: ','2015-05-20 16:20:48','2015-05-20 16:20:48',1,1);
INSERT INTO "images" VALUES(68,3,'App\SubCategory','sub-category/3/201505200405054848-uTCo2lhfMyFc5kVWW0ca.gif','image/gif','orbiagro.com.ve subastas compra y venta: ','2015-05-20 16:20:48','2015-05-20 16:20:48',1,1);
INSERT INTO "images" VALUES(69,4,'App\SubCategory','sub-category/4/201505200405054848-PMlNJaI8bewqNRNm0reU.gif','image/gif','orbiagro.com.ve subastas compra y venta: ','2015-05-20 16:20:48','2015-05-20 16:20:48',1,1);
INSERT INTO "images" VALUES(70,5,'App\SubCategory','sub-category/5/201505200405054848-JLijkpVYBWVdi3zVByTL.gif','image/gif','orbiagro.com.ve subastas compra y venta: ','2015-05-20 16:20:48','2015-05-20 16:20:48',1,1);
INSERT INTO "images" VALUES(71,6,'App\SubCategory','sub-category/6/201505200405054949-59ykPdZeID7asF3HQDjY.gif','image/gif','orbiagro.com.ve subastas compra y venta: ','2015-05-20 16:20:49','2015-05-20 16:20:49',1,1);
INSERT INTO "images" VALUES(72,7,'App\SubCategory','sub-category/7/201505200405054949-EoXYky9x4zhvbtZQSHGB.gif','image/gif','orbiagro.com.ve subastas compra y venta: ','2015-05-20 16:20:49','2015-05-20 16:20:49',1,1);
CREATE TABLE "characteristics" ("id" integer not null primary key autoincrement, "product_id" integer not null, "height" integer null, "width" integer null, "depth" integer null, "weight" integer null, "units" integer null, "created_at" datetime not null, "updated_at" datetime not null, "created_by" integer not null, "updated_by" integer not null, foreign key("product_id") references "products"("id"), foreign key("created_by") references "users"("id"), foreign key("updated_by") references "users"("id"));
INSERT INTO "characteristics" VALUES(1,1,1,1,1,1,1,'2015-05-20 16:20:33','2015-05-20 16:20:33',1,1);
INSERT INTO "characteristics" VALUES(2,2,1,1,1,1,1,'2015-05-20 16:20:34','2015-05-20 16:20:34',1,1);
INSERT INTO "characteristics" VALUES(3,3,1,1,1,1,1,'2015-05-20 16:20:34','2015-05-20 16:20:34',1,1);
INSERT INTO "characteristics" VALUES(4,4,1,1,1,1,1,'2015-05-20 16:20:34','2015-05-20 16:20:34',1,1);
INSERT INTO "characteristics" VALUES(5,5,1,1,1,1,1,'2015-05-20 16:20:34','2015-05-20 16:20:34',1,1);
INSERT INTO "characteristics" VALUES(6,6,1,1,1,1,1,'2015-05-20 16:20:34','2015-05-20 16:20:34',1,1);
INSERT INTO "characteristics" VALUES(7,7,1,1,1,1,1,'2015-05-20 16:20:35','2015-05-20 16:20:35',1,1);
INSERT INTO "characteristics" VALUES(8,8,1,1,1,1,1,'2015-05-20 16:20:35','2015-05-20 16:20:35',1,1);
CREATE TABLE "features" ("id" integer not null primary key autoincrement, "product_id" integer not null, "title" varchar not null, "description" varchar not null, "created_at" datetime not null, "updated_at" datetime not null, "created_by" integer not null, "updated_by" integer not null, foreign key("product_id") references "products"("id"), foreign key("created_by") references "users"("id"), foreign key("updated_by") references "users"("id"));
INSERT INTO "features" VALUES(1,1,'tester','tester','2015-05-20 16:20:12','2015-05-20 16:20:12',1,1);
INSERT INTO "features" VALUES(2,1,'tester','tester','2015-05-20 16:20:12','2015-05-20 16:20:12',1,1);
INSERT INTO "features" VALUES(3,1,'tester','tester','2015-05-20 16:20:13','2015-05-20 16:20:13',1,1);
INSERT INTO "features" VALUES(4,1,'tester','tester','2015-05-20 16:20:13','2015-05-20 16:20:13',1,1);
INSERT INTO "features" VALUES(5,1,'tester','tester','2015-05-20 16:20:14','2015-05-20 16:20:14',1,1);
INSERT INTO "features" VALUES(6,2,'tester','tester','2015-05-20 16:20:15','2015-05-20 16:20:15',1,1);
INSERT INTO "features" VALUES(7,2,'tester','tester','2015-05-20 16:20:15','2015-05-20 16:20:15',1,1);
INSERT INTO "features" VALUES(8,2,'tester','tester','2015-05-20 16:20:16','2015-05-20 16:20:16',1,1);
INSERT INTO "features" VALUES(9,2,'tester','tester','2015-05-20 16:20:16','2015-05-20 16:20:16',1,1);
INSERT INTO "features" VALUES(10,2,'tester','tester','2015-05-20 16:20:17','2015-05-20 16:20:17',1,1);
INSERT INTO "features" VALUES(11,3,'tester','tester','2015-05-20 16:20:17','2015-05-20 16:20:17',1,1);
INSERT INTO "features" VALUES(12,3,'tester','tester','2015-05-20 16:20:18','2015-05-20 16:20:18',1,1);
INSERT INTO "features" VALUES(13,3,'tester','tester','2015-05-20 16:20:18','2015-05-20 16:20:18',1,1);
INSERT INTO "features" VALUES(14,3,'tester','tester','2015-05-20 16:20:19','2015-05-20 16:20:19',1,1);
INSERT INTO "features" VALUES(15,3,'tester','tester','2015-05-20 16:20:19','2015-05-20 16:20:19',1,1);
INSERT INTO "features" VALUES(16,4,'tester','tester','2015-05-20 16:20:20','2015-05-20 16:20:20',1,1);
INSERT INTO "features" VALUES(17,4,'tester','tester','2015-05-20 16:20:20','2015-05-20 16:20:20',1,1);
INSERT INTO "features" VALUES(18,4,'tester','tester','2015-05-20 16:20:21','2015-05-20 16:20:21',1,1);
INSERT INTO "features" VALUES(19,4,'tester','tester','2015-05-20 16:20:21','2015-05-20 16:20:21',1,1);
INSERT INTO "features" VALUES(20,4,'tester','tester','2015-05-20 16:20:22','2015-05-20 16:20:22',1,1);
INSERT INTO "features" VALUES(21,5,'tester','tester','2015-05-20 16:20:22','2015-05-20 16:20:22',1,1);
INSERT INTO "features" VALUES(22,5,'tester','tester','2015-05-20 16:20:23','2015-05-20 16:20:23',1,1);
INSERT INTO "features" VALUES(23,5,'tester','tester','2015-05-20 16:20:23','2015-05-20 16:20:23',1,1);
INSERT INTO "features" VALUES(24,5,'tester','tester','2015-05-20 16:20:24','2015-05-20 16:20:24',1,1);
INSERT INTO "features" VALUES(25,5,'tester','tester','2015-05-20 16:20:24','2015-05-20 16:20:24',1,1);
INSERT INTO "features" VALUES(26,6,'tester','tester','2015-05-20 16:20:25','2015-05-20 16:20:25',1,1);
INSERT INTO "features" VALUES(27,6,'tester','tester','2015-05-20 16:20:25','2015-05-20 16:20:25',1,1);
INSERT INTO "features" VALUES(28,6,'tester','tester','2015-05-20 16:20:26','2015-05-20 16:20:26',1,1);
INSERT INTO "features" VALUES(29,6,'tester','tester','2015-05-20 16:20:26','2015-05-20 16:20:26',1,1);
INSERT INTO "features" VALUES(30,6,'tester','tester','2015-05-20 16:20:27','2015-05-20 16:20:27',1,1);
INSERT INTO "features" VALUES(31,7,'tester','tester','2015-05-20 16:20:27','2015-05-20 16:20:27',1,1);
INSERT INTO "features" VALUES(32,7,'tester','tester','2015-05-20 16:20:28','2015-05-20 16:20:28',1,1);
INSERT INTO "features" VALUES(33,7,'tester','tester','2015-05-20 16:20:28','2015-05-20 16:20:28',1,1);
INSERT INTO "features" VALUES(34,7,'tester','tester','2015-05-20 16:20:29','2015-05-20 16:20:29',1,1);
INSERT INTO "features" VALUES(35,7,'tester','tester','2015-05-20 16:20:29','2015-05-20 16:20:29',1,1);
INSERT INTO "features" VALUES(36,8,'tester','tester','2015-05-20 16:20:30','2015-05-20 16:20:30',1,1);
INSERT INTO "features" VALUES(37,8,'tester','tester','2015-05-20 16:20:30','2015-05-20 16:20:30',1,1);
INSERT INTO "features" VALUES(38,8,'tester','tester','2015-05-20 16:20:31','2015-05-20 16:20:31',1,1);
INSERT INTO "features" VALUES(39,8,'tester','tester','2015-05-20 16:20:31','2015-05-20 16:20:31',1,1);
INSERT INTO "features" VALUES(40,8,'tester','tester','2015-05-20 16:20:32','2015-05-20 16:20:32',1,1);
CREATE TABLE "mechanical_infos" ("id" integer not null primary key autoincrement, "product_id" integer not null, "motor" varchar null, "motor_serial" varchar null, "model" varchar null, "cylinders" integer null, "horsepower" integer null, "mileage" integer null, "traction" integer null, "lift" integer null, "created_at" datetime not null, "updated_at" datetime not null, "created_by" integer not null, "updated_by" integer not null, foreign key("product_id") references "products"("id"), foreign key("created_by") references "users"("id"), foreign key("updated_by") references "users"("id"));
INSERT INTO "mechanical_infos" VALUES(1,1,'1','1','1',1,1,1,1,1,'2015-05-20 16:20:38','2015-05-20 16:20:38',1,1);
INSERT INTO "mechanical_infos" VALUES(2,2,'1','1','1',1,1,1,1,1,'2015-05-20 16:20:39','2015-05-20 16:20:39',1,1);
INSERT INTO "mechanical_infos" VALUES(3,3,'1','1','1',1,1,1,1,1,'2015-05-20 16:20:39','2015-05-20 16:20:39',1,1);
INSERT INTO "mechanical_infos" VALUES(4,4,'1','1','1',1,1,1,1,1,'2015-05-20 16:20:39','2015-05-20 16:20:39',1,1);
INSERT INTO "mechanical_infos" VALUES(5,5,'1','1','1',1,1,1,1,1,'2015-05-20 16:20:39','2015-05-20 16:20:39',1,1);
INSERT INTO "mechanical_infos" VALUES(6,6,'1','1','1',1,1,1,1,1,'2015-05-20 16:20:39','2015-05-20 16:20:39',1,1);
INSERT INTO "mechanical_infos" VALUES(7,7,'1','1','1',1,1,1,1,1,'2015-05-20 16:20:39','2015-05-20 16:20:39',1,1);
INSERT INTO "mechanical_infos" VALUES(8,8,'1','1','1',1,1,1,1,1,'2015-05-20 16:20:40','2015-05-20 16:20:40',1,1);
CREATE TABLE "nutritionals" ("id" integer not null primary key autoincrement, "product_id" integer not null, "due" date null, "created_at" datetime not null, "updated_at" datetime not null, "created_by" integer not null, "updated_by" integer not null, foreign key("product_id") references "products"("id"), foreign key("created_by") references "users"("id"), foreign key("updated_by") references "users"("id"));
INSERT INTO "nutritionals" VALUES(1,1,'1999-09-09','2015-05-20 16:20:36','2015-05-20 16:20:36',1,1);
INSERT INTO "nutritionals" VALUES(2,2,'1999-09-09','2015-05-20 16:20:36','2015-05-20 16:20:36',1,1);
INSERT INTO "nutritionals" VALUES(3,3,'1999-09-09','2015-05-20 16:20:36','2015-05-20 16:20:36',1,1);
INSERT INTO "nutritionals" VALUES(4,4,'1999-09-09','2015-05-20 16:20:37','2015-05-20 16:20:37',1,1);
INSERT INTO "nutritionals" VALUES(5,5,'1999-09-09','2015-05-20 16:20:37','2015-05-20 16:20:37',1,1);
INSERT INTO "nutritionals" VALUES(6,6,'1999-09-09','2015-05-20 16:20:38','2015-05-20 16:20:38',1,1);
INSERT INTO "nutritionals" VALUES(7,7,'1999-09-09','2015-05-20 16:20:38','2015-05-20 16:20:38',1,1);
INSERT INTO "nutritionals" VALUES(8,8,'1999-09-09','2015-05-20 16:20:38','2015-05-20 16:20:38',1,1);
CREATE TABLE "visits" ("id" integer not null primary key autoincrement, "user_id" integer not null, "visitable_id" integer not null, "visitable_type" varchar not null, "total" integer not null, "created_at" datetime not null, "updated_at" datetime not null, foreign key("user_id") references "users"("id") on delete cascade);
INSERT INTO "visits" VALUES(1,1,1,'App\Product',1,'2015-05-20 16:20:44','2015-05-20 16:20:44');
CREATE TABLE "banks" ("id" integer not null primary key autoincrement, "description" varchar not null, "created_at" datetime not null, "updated_at" datetime not null);
INSERT INTO "banks" VALUES(1,'Sin Banco Asociado','2015-05-20 16:20:40','2015-05-20 16:20:40');
INSERT INTO "banks" VALUES(2,'Banco Samaniego de Esparza','2015-05-20 16:20:40','2015-05-20 16:20:40');
INSERT INTO "banks" VALUES(3,'Banco Madrigal, Moya y Montaño S. de H.','2015-05-20 16:20:40','2015-05-20 16:20:40');
INSERT INTO "banks" VALUES(4,'Banco Centro Crespo','2015-05-20 16:20:40','2015-05-20 16:20:40');
INSERT INTO "banks" VALUES(5,'Banco Pascual de Nazario SRL','2015-05-20 16:20:40','2015-05-20 16:20:40');
INSERT INTO "banks" VALUES(6,'Banco Empresa Nava-Urbina','2015-05-20 16:20:40','2015-05-20 16:20:40');
INSERT INTO "banks" VALUES(7,'Banco Hidalgo y Casillas','2015-05-20 16:20:41','2015-05-20 16:20:41');
INSERT INTO "banks" VALUES(8,'Banco Ordóñez-Collazo','2015-05-20 16:20:41','2015-05-20 16:20:41');
INSERT INTO "banks" VALUES(9,'Banco Vidal-Alvarado e Hija','2015-05-20 16:20:41','2015-05-20 16:20:41');
INSERT INTO "banks" VALUES(10,'Banco Angulo de de Jesús S. de H.','2015-05-20 16:20:41','2015-05-20 16:20:41');
INSERT INTO "banks" VALUES(11,'Banco Empresa Marín','2015-05-20 16:20:41','2015-05-20 16:20:41');
CREATE TABLE "card_types" ("id" integer not null primary key autoincrement, "description" varchar not null, "created_at" datetime not null, "updated_at" datetime not null);
INSERT INTO "card_types" VALUES(1,'Visa','2015-05-20 16:20:42','2015-05-20 16:20:42');
INSERT INTO "card_types" VALUES(2,'MasterCard','2015-05-20 16:20:42','2015-05-20 16:20:42');
INSERT INTO "card_types" VALUES(3,'American Express','2015-05-20 16:20:42','2015-05-20 16:20:42');
INSERT INTO "card_types" VALUES(4,'Discover Card','2015-05-20 16:20:42','2015-05-20 16:20:42');
INSERT INTO "card_types" VALUES(5,'Debito','2015-05-20 16:20:42','2015-05-20 16:20:42');
INSERT INTO "card_types" VALUES(6,'Sin Tarjeta Asociada','2015-05-20 16:20:42','2015-05-20 16:20:42');
CREATE TABLE "billings" ("id" integer not null primary key autoincrement, "user_id" integer not null, "bank_id" integer null, "card_type_id" integer null, "card_number" varchar null, "bank_account" varchar null, "expiration" varchar null, "comments" varchar null, "created_at" datetime not null, "updated_at" datetime not null, "created_by" integer not null, "updated_by" integer not null, foreign key("user_id") references "users"("id") on delete cascade, foreign key("bank_id") references "banks"("id"), foreign key("card_type_id") references "card_types"("id"), foreign key("created_by") references "users"("id"), foreign key("updated_by") references "users"("id"));
INSERT INTO "billings" VALUES(1,1,1,6,'6011988206051974','ES1104281021730187722494','07/16','Maxime quia veniam ea quod dicta voluptatem. Cum qui sint reiciendis alias. Dolor sed magni corporis modi fuga aliquam.','2015-05-20 16:20:42','2015-05-20 16:20:42',1,1);
INSERT INTO "billings" VALUES(2,2,1,6,'6011588455097670','ES5398235398860533972763','04/16','Voluptatem placeat repellat eius non rem consequuntur. Laudantium laudantium vitae facilis. Et quam maxime exercitationem aliquam. Officia consequatur ipsum porro unde atque qui.','2015-05-20 16:20:43','2015-05-20 16:20:43',2,2);
CREATE TABLE "maker_sub_category" ("maker_id" integer not null, "sub_category_id" integer not null, foreign key("maker_id") references "makers"("id"), foreign key("sub_category_id") references "sub_categories"("id"));
INSERT INTO "maker_sub_category" VALUES(1,1);
INSERT INTO "maker_sub_category" VALUES(2,1);
INSERT INTO "maker_sub_category" VALUES(3,2);
INSERT INTO "maker_sub_category" VALUES(4,2);
INSERT INTO "maker_sub_category" VALUES(5,3);
INSERT INTO "maker_sub_category" VALUES(6,3);
INSERT INTO "maker_sub_category" VALUES(7,4);
INSERT INTO "maker_sub_category" VALUES(8,4);
INSERT INTO "maker_sub_category" VALUES(9,5);
INSERT INTO "maker_sub_category" VALUES(10,5);
INSERT INTO "maker_sub_category" VALUES(11,6);
INSERT INTO "maker_sub_category" VALUES(12,6);
INSERT INTO "maker_sub_category" VALUES(13,7);
INSERT INTO "maker_sub_category" VALUES(14,7);
CREATE TABLE "product_user" ("product_id" integer not null, "user_id" integer not null, "quantity" integer not null, "created_at" datetime not null, "updated_at" datetime not null, foreign key("product_id") references "products"("id") on delete cascade, foreign key("user_id") references "users"("id") on delete cascade);
INSERT INTO "product_user" VALUES(1,1,2,'2015-05-20 16:20:43','2015-05-20 16:20:43');
INSERT INTO "product_user" VALUES(2,1,5,'2015-05-20 16:20:43','2015-05-20 16:20:43');
INSERT INTO "product_user" VALUES(3,1,1,'2015-05-20 16:20:43','2015-05-20 16:20:43');
INSERT INTO "product_user" VALUES(4,1,1,'2015-05-20 16:20:43','2015-05-20 16:20:43');
INSERT INTO "product_user" VALUES(5,1,2,'2015-05-20 16:20:43','2015-05-20 16:20:43');
INSERT INTO "product_user" VALUES(6,1,1,'2015-05-20 16:20:44','2015-05-20 16:20:44');
INSERT INTO "product_user" VALUES(7,1,2,'2015-05-20 16:20:44','2015-05-20 16:20:44');
INSERT INTO "product_user" VALUES(8,1,2,'2015-05-20 16:20:44','2015-05-20 16:20:44');
CREATE TABLE "map_details" ("id" integer not null primary key autoincrement, "direction_id" integer not null, "latitude" float not null, "longitude" float not null, "zoom" integer not null, "created_at" datetime not null, "updated_at" datetime not null, foreign key("direction_id") references "directions"("id") on delete cascade);
INSERT INTO "map_details" VALUES(1,10,10.492315,-66.932899,12,'2015-05-20 16:20:11','2015-05-20 16:20:11');
CREATE TABLE "user_confirmations" ("id" integer not null primary key autoincrement, "user_id" integer not null, "data" varchar null, foreign key("user_id") references "users"("id") on delete cascade);
DELETE FROM sqlite_sequence;
INSERT INTO "sqlite_sequence" VALUES('profiles',3);
INSERT INTO "sqlite_sequence" VALUES('genders',2);
INSERT INTO "sqlite_sequence" VALUES('nationalities',2);
INSERT INTO "sqlite_sequence" VALUES('states',1);
INSERT INTO "sqlite_sequence" VALUES('towns',1);
INSERT INTO "sqlite_sequence" VALUES('parishes',1);
INSERT INTO "sqlite_sequence" VALUES('users',2);
INSERT INTO "sqlite_sequence" VALUES('people',2);
INSERT INTO "sqlite_sequence" VALUES('directions',10);
INSERT INTO "sqlite_sequence" VALUES('categories',2);
INSERT INTO "sqlite_sequence" VALUES('sub_categories',7);
INSERT INTO "sqlite_sequence" VALUES('makers',14);
INSERT INTO "sqlite_sequence" VALUES('images',72);
INSERT INTO "sqlite_sequence" VALUES('products',8);
INSERT INTO "sqlite_sequence" VALUES('map_details',1);
INSERT INTO "sqlite_sequence" VALUES('features',40);
INSERT INTO "sqlite_sequence" VALUES('files',48);
INSERT INTO "sqlite_sequence" VALUES('characteristics',8);
INSERT INTO "sqlite_sequence" VALUES('nutritionals',8);
INSERT INTO "sqlite_sequence" VALUES('mechanical_infos',8);
INSERT INTO "sqlite_sequence" VALUES('banks',11);
INSERT INTO "sqlite_sequence" VALUES('card_types',6);
INSERT INTO "sqlite_sequence" VALUES('billings',2);
INSERT INTO "sqlite_sequence" VALUES('visits',1);
INSERT INTO "sqlite_sequence" VALUES('promotions',1);
CREATE UNIQUE INDEX users_email_unique on "users" ("email");
CREATE INDEX password_resets_email_index on "password_resets" ("email");
CREATE INDEX password_resets_token_index on "password_resets" ("token");
CREATE INDEX product_user_product_id_index on "product_user" ("product_id");
CREATE INDEX product_user_user_id_index on "product_user" ("user_id");
CREATE INDEX user_confirmations_user_id_index on "user_confirmations" ("user_id");
COMMIT;
