PRAGMA foreign_keys=OFF;
BEGIN TRANSACTION;
CREATE TABLE "migrations" ("migration" varchar not null, "batch" integer not null);
INSERT INTO "migrations" VALUES('2014_10_12_000000_create_users_table',1);
INSERT INTO "migrations" VALUES('2014_10_12_100000_create_password_resets_table',1);
INSERT INTO "migrations" VALUES('2015_03_10_140153_create_genders_table',1);
INSERT INTO "migrations" VALUES('2015_03_10_142938_create_states_table',1);
INSERT INTO "migrations" VALUES('2015_03_10_154237_create_towns_table',1);
INSERT INTO "migrations" VALUES('2015_03_10_154410_create_parishes_table',1);
INSERT INTO "migrations" VALUES('2015_03_10_154455_create_directions_table',1);
INSERT INTO "migrations" VALUES('2015_03_10_154557_create_profiles_table',1);
INSERT INTO "migrations" VALUES('2015_03_10_173459_create_nationalities_table',1);
INSERT INTO "migrations" VALUES('2015_03_10_173503_create_people_table',1);
INSERT INTO "migrations" VALUES('2015_03_13_193841_create_makers_table',1);
INSERT INTO "migrations" VALUES('2015_03_13_194526_create_categories_table',1);
INSERT INTO "migrations" VALUES('2015_03_13_195124_create_sub_categories_table',1);
INSERT INTO "migrations" VALUES('2015_03_13_202223_create_products_table',1);
INSERT INTO "migrations" VALUES('2015_03_13_205316_create_purchases_table',1);
INSERT INTO "migrations" VALUES('2015_03_13_205446_create_promotions_table',1);
INSERT INTO "migrations" VALUES('2015_03_13_205519_create_product_promotion_table',1);
INSERT INTO "migrations" VALUES('2015_03_13_205737_create_files_table',1);
INSERT INTO "migrations" VALUES('2015_03_13_212413_create_images_table',1);
INSERT INTO "migrations" VALUES('2015_03_13_212630_create_characteristics_table',1);
INSERT INTO "migrations" VALUES('2015_03_13_214205_create_features_table',1);
INSERT INTO "migrations" VALUES('2015_03_13_214850_create_mechanical_infos_table',1);
INSERT INTO "migrations" VALUES('2015_03_13_215620_create_nutritionals_table',1);
INSERT INTO "migrations" VALUES('2015_03_13_220817_create_visits_table',1);
INSERT INTO "migrations" VALUES('2015_03_13_221555_create_banks_table',1);
INSERT INTO "migrations" VALUES('2015_03_13_221616_create_card_types_table',1);
INSERT INTO "migrations" VALUES('2015_03_13_221820_create_billings_table',1);
INSERT INTO "migrations" VALUES('2015_03_13_234614_create_maker_sub_category',1);
INSERT INTO "migrations" VALUES('2015_03_14_000527_create_product_sub_category_table',1);
CREATE TABLE "users" ("id" integer not null primary key autoincrement, "profile_id" integer not null, "name" varchar not null, "email" varchar not null, "password" varchar not null, "remember_token" varchar null, "created_at" datetime not null, "updated_at" datetime not null, "deleted_at" datetime null);
INSERT INTO "users" VALUES(1,1,'tester','tester@tester.com','$2y$10$hu9flhpxAReZ7wBWU6Xo.OPSr91M.7Y5ocBag3SCeZng0Z5DyflaW',NULL,'current_timestampt','current_timestampt',NULL);
CREATE TABLE "password_resets" ("email" varchar not null, "token" varchar not null, "created_at" datetime not null);
CREATE TABLE "genders" ("id" integer not null primary key autoincrement, "description" varchar not null, "created_at" datetime not null, "updated_at" datetime not null);
INSERT INTO "genders" VALUES(1,'Masculino','2015-03-17 18:52:16','2015-03-17 18:52:16');
INSERT INTO "genders" VALUES(2,'Femenino','2015-03-17 18:52:16','2015-03-17 18:52:16');
CREATE TABLE "states" ("id" integer not null primary key autoincrement, "description" varchar not null, "created_at" datetime not null, "updated_at" datetime not null);
INSERT INTO "states" VALUES(1,'Distrito Capital','2015-03-17 23:22:16','2015-03-17 23:22:16');
CREATE TABLE "towns" ("id" integer not null primary key autoincrement, "state_id" integer not null, "description" varchar not null, "created_at" datetime not null, "updated_at" datetime not null, foreign key("state_id") references "states"("id"));
INSERT INTO "towns" VALUES(1,1,'Libertador','2015-03-17 23:22:16','2015-03-17 23:22:16');
CREATE TABLE "parishes" ("id" integer not null primary key autoincrement, "town_id" integer not null, "description" varchar not null, "created_at" datetime not null, "updated_at" datetime not null, foreign key("town_id") references "towns"("id"));
INSERT INTO "parishes" VALUES(1,1,'Altagracia','2015-03-17 23:22:17','2015-03-17 23:22:17');
CREATE TABLE "directions" ("id" integer not null primary key autoincrement, "directionable_id" integer not null, "directionable_type" varchar not null, "parish_id" integer not null, "details" varchar null, "created_at" datetime not null, "updated_at" datetime not null, "created_by" integer not null, "updated_by" integer not null, "deleted_at" datetime null, foreign key("parish_id") references "parishes"("id"), foreign key("created_by") references "users"("id"), foreign key("updated_by") references "users"("id"));
INSERT INTO "directions" VALUES(1,1,'App\Person',1,'Calle del tester.','2015-03-17 18:52:17','2015-03-17 18:52:17',1,1,NULL);
INSERT INTO "directions" VALUES(2,1,'App\Product',1,'Avenida Raquel, 706, 00º D','2015-03-17 18:52:17','2015-03-17 18:52:17',1,1,NULL);
INSERT INTO "directions" VALUES(3,2,'App\Product',1,'Camiño Biel, 330, Ático 1º','2015-03-17 18:52:17','2015-03-17 18:52:17',1,1,NULL);
INSERT INTO "directions" VALUES(4,3,'App\Product',1,'Passeig Manuela, 813, Ático 6º','2015-03-17 18:52:17','2015-03-17 18:52:17',1,1,NULL);
INSERT INTO "directions" VALUES(5,4,'App\Product',1,'Passeig Alexandra, 275, Bajo 5º','2015-03-17 18:52:17','2015-03-17 18:52:17',1,1,NULL);
CREATE TABLE "profiles" ("id" integer not null primary key autoincrement, "description" varchar not null, "created_at" datetime not null, "updated_at" datetime not null);
INSERT INTO "profiles" VALUES(1,'Administrador','2015-03-17 18:52:16','2015-03-17 18:52:16');
INSERT INTO "profiles" VALUES(2,'Usuario','2015-03-17 18:52:16','2015-03-17 18:52:16');
INSERT INTO "profiles" VALUES(3,'Desactivado','2015-03-17 18:52:16','2015-03-17 18:52:16');
CREATE TABLE "nationalities" ("id" integer not null primary key autoincrement, "description" varchar not null, "created_at" datetime not null, "updated_at" datetime not null);
INSERT INTO "nationalities" VALUES(1,'Venezolano','2015-03-17 18:52:16','2015-03-17 18:52:16');
INSERT INTO "nationalities" VALUES(2,'Extrangero','2015-03-17 18:52:16','2015-03-17 18:52:16');
CREATE TABLE "people" ("id" integer not null primary key autoincrement, "user_id" integer not null, "gender_id" integer not null, "nationality_id" integer not null, "first_name" varchar not null, "last_name" varchar null, "first_surname" varchar not null, "last_surname" varchar null, "identity_card" varchar not null, "phone" varchar null, "birth_date" date null, "created_at" datetime not null, "updated_at" datetime not null, foreign key("user_id") references "users"("id") on delete cascade, foreign key("gender_id") references "genders"("id"), foreign key("nationality_id") references "nationalities"("id"));
INSERT INTO "people" VALUES(1,1,1,1,'tester',NULL,'tester',NULL,'10000001','+58-(212)-111-2233','1999-09-09','current_timestampt','current_timestampt');
CREATE TABLE "makers" ("id" integer not null primary key autoincrement, "name" varchar not null, "slug" varchar not null, "domain" varchar null, "url" varchar null, "logo_path" varchar null, "logo_alt" varchar null, "created_at" datetime not null, "updated_at" datetime not null);
INSERT INTO "makers" VALUES(1,'Soto-Robles','soto-robles','alicea.org','http://www.corporacion.es/dolorum-rerum-molestiae-aut-voluptas.html',NULL,NULL,'2015-03-17 18:52:17','2015-03-17 18:52:17');
INSERT INTO "makers" VALUES(2,'Batista, Arribas y Valenzuela e Hija','batista-arribas-y-valenzuela-e-hija','romo.net','http://www.torresmarquez.com/odio-ut-sapiente-suscipit-alias-provident',NULL,NULL,'2015-03-17 18:52:17','2015-03-17 18:52:17');
INSERT INTO "makers" VALUES(3,'Asociación Trejo','asociacion-trejo','nievescollado.es','http://www.sierra.com.es/',NULL,NULL,'2015-03-17 18:52:17','2015-03-17 18:52:17');
INSERT INTO "makers" VALUES(4,'Saavedra-Roig','saavedra-roig','global.com','https://morales.com/ex-voluptatem-aliquam-eos-aut-saepe-voluptas-modi-placeat.html',NULL,NULL,'2015-03-17 18:52:17','2015-03-17 18:52:17');
INSERT INTO "makers" VALUES(5,'Gestora Zarate-Carrasco','gestora-zarate-carrasco','ojeda.org','https://centro.es/dolores-provident-soluta-numquam-eos.html',NULL,NULL,'2015-03-17 18:52:17','2015-03-17 18:52:17');
INSERT INTO "makers" VALUES(6,'Rosado y Valladares','rosado-y-valladares','aranda.es','http://www.navas.com/nihil-ratione-quis-voluptas-qui-itaque',NULL,NULL,'2015-03-17 18:52:17','2015-03-17 18:52:17');
INSERT INTO "makers" VALUES(7,'Alemán, Delarosa y Rosado e Hijo','aleman-delarosa-y-rosado-e-hijo','corporacion.com','http://www.de.com.es/',NULL,NULL,'2015-03-17 18:52:17','2015-03-17 18:52:17');
INSERT INTO "makers" VALUES(8,'Orellana y Barrera','orellana-y-barrera','asociacion.com','http://www.trujillo.net/',NULL,NULL,'2015-03-17 18:52:17','2015-03-17 18:52:17');
INSERT INTO "makers" VALUES(9,'Nieto de Arias','nieto-de-arias','apontequesada.com.es','http://www.becerraquezada.es/repellendus-eum-sint-molestiae-rerum-provident-ut-et',NULL,NULL,'2015-03-17 18:52:17','2015-03-17 18:52:17');
INSERT INTO "makers" VALUES(10,'Barraza y Tafoya e Hijo','barraza-y-tafoya-e-hijo','cortezbarrera.org','http://jaramillo.com/distinctio-porro-dolorum-quis.html',NULL,NULL,'2015-03-17 18:52:17','2015-03-17 18:52:17');
INSERT INTO "makers" VALUES(11,'Global Oliver S. de H.','global-oliver-s-de-h','solizsegovia.es','http://www.zamora.net/reprehenderit-sed-ut-tempore.html',NULL,NULL,'2015-03-17 18:52:17','2015-03-17 18:52:17');
INSERT INTO "makers" VALUES(12,'Domínguez-Delatorre','dominguez-delatorre','carbonellsedillo.es','http://www.global.com/molestiae-doloremque-consequatur-laudantium-aspernatur-aut.html',NULL,NULL,'2015-03-17 18:52:17','2015-03-17 18:52:17');
INSERT INTO "makers" VALUES(13,'Espino de Cuevas','espino-de-cuevas','hurtado.com','https://www.godoy.es/placeat-dolores-minima-perferendis',NULL,NULL,'2015-03-17 18:52:17','2015-03-17 18:52:17');
INSERT INTO "makers" VALUES(14,'Empresa Romero-Ulloa','empresa-romero-ulloa','solano.com','http://www.viajes.com/quasi-iste-voluptatum-a-incidunt-aut.html',NULL,NULL,'2015-03-17 18:52:17','2015-03-17 18:52:17');
CREATE TABLE "categories" ("id" integer not null primary key autoincrement, "description" varchar not null, "slug" varchar not null, "created_at" datetime not null, "updated_at" datetime not null);
INSERT INTO "categories" VALUES(1,'Productos Agro-Industriales','productos-agro-industriales','2015-03-17 18:52:17','2015-03-17 18:52:17');
INSERT INTO "categories" VALUES(2,'Productos Alimenticios','productos-alimenticios','2015-03-17 18:52:17','2015-03-17 18:52:17');
CREATE TABLE "sub_categories" ("id" integer not null primary key autoincrement, "category_id" integer not null, "description" varchar not null, "slug" varchar not null, "created_at" datetime not null, "updated_at" datetime not null, foreign key("category_id") references "categories"("id") on delete cascade);
INSERT INTO "sub_categories" VALUES(1,1,'Maquinaria Pesada','maquinaria-pesada','2015-03-17 18:52:17','2015-03-17 18:52:17');
INSERT INTO "sub_categories" VALUES(2,1,'Tractores','tractores','2015-03-17 18:52:17','2015-03-17 18:52:17');
INSERT INTO "sub_categories" VALUES(3,1,'Maquinaria Ligera','maquinaria-ligera','2015-03-17 18:52:17','2015-03-17 18:52:17');
INSERT INTO "sub_categories" VALUES(4,2,'Chocolate','chocolate','2015-03-17 18:52:17','2015-03-17 18:52:17');
INSERT INTO "sub_categories" VALUES(5,2,'Arroz','arroz','2015-03-17 18:52:17','2015-03-17 18:52:17');
INSERT INTO "sub_categories" VALUES(6,2,'Avena','avena','2015-03-17 18:52:17','2015-03-17 18:52:17');
INSERT INTO "sub_categories" VALUES(7,2,'Soya','soya','2015-03-17 18:52:17','2015-03-17 18:52:17');
CREATE TABLE "products" ("id" integer not null primary key autoincrement, "user_id" integer not null, "maker_id" integer not null, "title" varchar not null, "description" text not null, "price" float not null, "quantity" integer not null, "slug" varchar not null, "created_at" datetime not null, "updated_at" datetime not null, "created_by" integer not null, "updated_by" integer not null, "deleted_at" datetime null, foreign key("user_id") references "users"("id") on delete cascade, foreign key("maker_id") references "makers"("id"), foreign key("created_by") references "users"("id"), foreign key("updated_by") references "users"("id"));
INSERT INTO "products" VALUES(1,1,12,'Beatae officiis odio ea voluptatem voluptatem.','Aut in mollitia quaerat quae voluptatem. Est tenetur tempora amet. Nisi cumque dolores sequi enim repellat libero.',8791719234.01,16,'beatae-officiis-odio-ea-voluptatem-voluptatem','2015-03-17 18:52:17','2015-03-17 18:52:17',1,1,NULL);
INSERT INTO "products" VALUES(2,1,9,'Aut ea ea consequatur aliquid.','Vero tenetur omnis aliquam aperiam odio exercitationem quisquam. In optio est libero et. Accusantium sunt aliquam qui assumenda.',1445952190.47,3,'aut-ea-ea-consequatur-aliquid','2015-03-17 18:52:17','2015-03-17 18:52:17',1,1,NULL);
INSERT INTO "products" VALUES(3,1,7,'Reprehenderit et reiciendis dolores ratione sint fugit.','Impedit natus molestias error. Aliquam quas non qui recusandae ut fugiat deleniti. Facilis in sapiente iusto beatae et.',8697501846.96,17,'reprehenderit-et-reiciendis-dolores-ratione-sint-fugit','2015-03-17 18:52:17','2015-03-17 18:52:17',1,1,NULL);
INSERT INTO "products" VALUES(4,1,13,'Minima et ipsa voluptatum omnis.','Qui atque velit accusamus natus qui dicta. Aut ducimus enim et quidem ut officia et. Iure laudantium non exercitationem corporis.',5254694221.56,2,'minima-et-ipsa-voluptatum-omnis','2015-03-17 18:52:17','2015-03-17 18:52:17',1,1,NULL);
CREATE TABLE "purchases" ("id" integer not null primary key autoincrement, "user_id" integer not null, "product_id" integer not null, "quantity" integer not null, "date" date not null, "created_by" integer not null, "updated_by" integer not null, "created_at" datetime not null, "updated_at" datetime not null, foreign key("user_id") references "users"("id") on delete cascade, foreign key("product_id") references "products"("id"), foreign key("created_by") references "users"("id"), foreign key("updated_by") references "users"("id"));
CREATE TABLE "promotions" ("id" integer not null primary key autoincrement, "title" varchar not null, "slug" varchar not null, "percentage" integer null, "static" integer null, "begins" date not null, "ends" date not null, "created_at" datetime not null, "updated_at" datetime not null);
CREATE TABLE "product_promotion" ("product_id" integer not null, "promotion_id" integer not null, foreign key("product_id") references "products"("id"), foreign key("promotion_id") references "promotions"("id"));
CREATE TABLE "files" ("id" integer not null primary key autoincrement, "fileable_id" integer not null, "fileable_type" varchar not null, "path" varchar not null, "mime" varchar not null, "created_at" datetime not null, "updated_at" datetime not null, "created_by" integer not null, "updated_by" integer not null, foreign key("created_by") references "users"("id"), foreign key("updated_by") references "users"("id"));
INSERT INTO "files" VALUES(1,1,'App\Feature','products/1/201503170603031818-sXjmfmrN1qTamY7xkKBR.pdf','application/pdf','2015-03-17 18:52:18','2015-03-17 18:52:18',1,1);
INSERT INTO "files" VALUES(2,2,'App\Feature','products/1/201503170603031818-vy8uqsh9ovCxFMJDcdqt.pdf','application/pdf','2015-03-17 18:52:18','2015-03-17 18:52:18',1,1);
INSERT INTO "files" VALUES(3,3,'App\Feature','products/1/201503170603031818-5cgaqdlS8mpD8XQLKX89.pdf','application/pdf','2015-03-17 18:52:18','2015-03-17 18:52:18',1,1);
INSERT INTO "files" VALUES(4,4,'App\Feature','products/1/201503170603031818-BmEozGlpJKeQgP7XxMEZ.pdf','application/pdf','2015-03-17 18:52:18','2015-03-17 18:52:18',1,1);
INSERT INTO "files" VALUES(5,5,'App\Feature','products/1/201503170603031818-9DUzNwAomWBCLqEvI3ZY.pdf','application/pdf','2015-03-17 18:52:18','2015-03-17 18:52:18',1,1);
INSERT INTO "files" VALUES(6,6,'App\Feature','products/2/201503170603031818-YBpb1Z3ld0xwDY74t6d6.pdf','application/pdf','2015-03-17 18:52:18','2015-03-17 18:52:18',1,1);
INSERT INTO "files" VALUES(7,7,'App\Feature','products/2/201503170603031818-PZTf9IT8rRc6ereIbOkm.pdf','application/pdf','2015-03-17 18:52:18','2015-03-17 18:52:18',1,1);
INSERT INTO "files" VALUES(8,8,'App\Feature','products/2/201503170603031818-EQHCTZgeosw5lGhTckNg.pdf','application/pdf','2015-03-17 18:52:18','2015-03-17 18:52:18',1,1);
INSERT INTO "files" VALUES(9,9,'App\Feature','products/2/201503170603031818-WjMUVc3BuKa6GhnCbPex.pdf','application/pdf','2015-03-17 18:52:18','2015-03-17 18:52:18',1,1);
INSERT INTO "files" VALUES(10,10,'App\Feature','products/2/201503170603031818-1esRXWO0yi1xkQnqpPZ0.pdf','application/pdf','2015-03-17 18:52:18','2015-03-17 18:52:18',1,1);
INSERT INTO "files" VALUES(11,11,'App\Feature','products/3/201503170603031818-oGinrnomwjbjoWJRtsGp.pdf','application/pdf','2015-03-17 18:52:18','2015-03-17 18:52:18',1,1);
INSERT INTO "files" VALUES(12,12,'App\Feature','products/3/201503170603031818-7zvAwBoNZCFfbp1Sxtqi.pdf','application/pdf','2015-03-17 18:52:18','2015-03-17 18:52:18',1,1);
INSERT INTO "files" VALUES(13,13,'App\Feature','products/3/201503170603031818-0xb4JkQ2njc5vpnp9YBQ.pdf','application/pdf','2015-03-17 18:52:18','2015-03-17 18:52:18',1,1);
INSERT INTO "files" VALUES(14,14,'App\Feature','products/3/201503170603031818-43F2EBGnIaHvqC9tCbjl.pdf','application/pdf','2015-03-17 18:52:18','2015-03-17 18:52:18',1,1);
INSERT INTO "files" VALUES(15,15,'App\Feature','products/3/201503170603031818-lF9J5TOY68sVm0LGupzQ.pdf','application/pdf','2015-03-17 18:52:18','2015-03-17 18:52:18',1,1);
INSERT INTO "files" VALUES(16,16,'App\Feature','products/4/201503170603031818-VSg8IJfsBeAy35FXKKKW.pdf','application/pdf','2015-03-17 18:52:18','2015-03-17 18:52:18',1,1);
INSERT INTO "files" VALUES(17,17,'App\Feature','products/4/201503170603031818-aHnpUu31iE18FMZemrA4.pdf','application/pdf','2015-03-17 18:52:18','2015-03-17 18:52:18',1,1);
INSERT INTO "files" VALUES(18,18,'App\Feature','products/4/201503170603031818-nZ4e8jOGT4c3sxwDOzhS.pdf','application/pdf','2015-03-17 18:52:18','2015-03-17 18:52:18',1,1);
INSERT INTO "files" VALUES(19,19,'App\Feature','products/4/201503170603031919-x8pSwnkE59p4AK4GhlVG.pdf','application/pdf','2015-03-17 18:52:19','2015-03-17 18:52:19',1,1);
INSERT INTO "files" VALUES(20,20,'App\Feature','products/4/201503170603031919-QnCaz8HK00wH8kUVQnBP.pdf','application/pdf','2015-03-17 18:52:19','2015-03-17 18:52:19',1,1);
CREATE TABLE "images" ("id" integer not null primary key autoincrement, "imageable_id" integer not null, "imageable_type" varchar not null, "path" varchar not null, "mime" varchar not null, "alt" varchar not null, "created_at" datetime not null, "updated_at" datetime not null, "created_by" integer not null, "updated_by" integer not null, foreign key("created_by") references "users"("id"), foreign key("updated_by") references "users"("id"));
INSERT INTO "images" VALUES(1,1,'App\Feature','products/1/201503170603031818-sd6DGTWFRbuIaaPRViYZ.gif','image/gif','orbiagro.com.ve subastas compra y venta: tester','2015-03-17 18:52:18','2015-03-17 18:52:18',1,1);
INSERT INTO "images" VALUES(2,2,'App\Feature','products/1/201503170603031818-5Qxzuc2Eb44eEYsaQyL6.gif','image/gif','orbiagro.com.ve subastas compra y venta: tester','2015-03-17 18:52:18','2015-03-17 18:52:18',1,1);
INSERT INTO "images" VALUES(3,3,'App\Feature','products/1/201503170603031818-HJS9Hf7ik2e6Yxhicmlq.gif','image/gif','orbiagro.com.ve subastas compra y venta: tester','2015-03-17 18:52:18','2015-03-17 18:52:18',1,1);
INSERT INTO "images" VALUES(4,4,'App\Feature','products/1/201503170603031818-gcfuNZyUaDVChVlkNvyX.gif','image/gif','orbiagro.com.ve subastas compra y venta: tester','2015-03-17 18:52:18','2015-03-17 18:52:18',1,1);
INSERT INTO "images" VALUES(5,5,'App\Feature','products/1/201503170603031818-7Ykxnbt8MV8Thurq4iae.gif','image/gif','orbiagro.com.ve subastas compra y venta: tester','2015-03-17 18:52:18','2015-03-17 18:52:18',1,1);
INSERT INTO "images" VALUES(6,6,'App\Feature','products/2/201503170603031818-TSHazZ5PXHuBi9BKvQfq.gif','image/gif','orbiagro.com.ve subastas compra y venta: tester','2015-03-17 18:52:18','2015-03-17 18:52:18',1,1);
INSERT INTO "images" VALUES(7,7,'App\Feature','products/2/201503170603031818-HwWKZV16jCDRuFKQUkdZ.gif','image/gif','orbiagro.com.ve subastas compra y venta: tester','2015-03-17 18:52:18','2015-03-17 18:52:18',1,1);
INSERT INTO "images" VALUES(8,8,'App\Feature','products/2/201503170603031818-ja3XHp926QlUbnrMm1Gs.gif','image/gif','orbiagro.com.ve subastas compra y venta: tester','2015-03-17 18:52:18','2015-03-17 18:52:18',1,1);
INSERT INTO "images" VALUES(9,9,'App\Feature','products/2/201503170603031818-Vr4k5kUBjZK3vFf62R7z.gif','image/gif','orbiagro.com.ve subastas compra y venta: tester','2015-03-17 18:52:18','2015-03-17 18:52:18',1,1);
INSERT INTO "images" VALUES(10,10,'App\Feature','products/2/201503170603031818-Bz9hCw83TtH7S0xX7wDa.gif','image/gif','orbiagro.com.ve subastas compra y venta: tester','2015-03-17 18:52:18','2015-03-17 18:52:18',1,1);
INSERT INTO "images" VALUES(11,11,'App\Feature','products/3/201503170603031818-EVg57mGHHB7CfYsP6qsy.gif','image/gif','orbiagro.com.ve subastas compra y venta: tester','2015-03-17 18:52:18','2015-03-17 18:52:18',1,1);
INSERT INTO "images" VALUES(12,12,'App\Feature','products/3/201503170603031818-MhXaLVgYL0lwcrQSbp62.gif','image/gif','orbiagro.com.ve subastas compra y venta: tester','2015-03-17 18:52:18','2015-03-17 18:52:18',1,1);
INSERT INTO "images" VALUES(13,13,'App\Feature','products/3/201503170603031818-wXXvnkTsyt0lfPt1Ow0o.gif','image/gif','orbiagro.com.ve subastas compra y venta: tester','2015-03-17 18:52:18','2015-03-17 18:52:18',1,1);
INSERT INTO "images" VALUES(14,14,'App\Feature','products/3/201503170603031818-gS8IC5IxJXMFfkUYiOzS.gif','image/gif','orbiagro.com.ve subastas compra y venta: tester','2015-03-17 18:52:18','2015-03-17 18:52:18',1,1);
INSERT INTO "images" VALUES(15,15,'App\Feature','products/3/201503170603031818-CzjzOxxu50z5FK1kzU9J.gif','image/gif','orbiagro.com.ve subastas compra y venta: tester','2015-03-17 18:52:18','2015-03-17 18:52:18',1,1);
INSERT INTO "images" VALUES(16,16,'App\Feature','products/4/201503170603031818-hOzjeq9Dz7nKIlRte0bl.gif','image/gif','orbiagro.com.ve subastas compra y venta: tester','2015-03-17 18:52:18','2015-03-17 18:52:18',1,1);
INSERT INTO "images" VALUES(17,17,'App\Feature','products/4/201503170603031818-gTxMt4tzYFB4YprTwhyu.gif','image/gif','orbiagro.com.ve subastas compra y venta: tester','2015-03-17 18:52:18','2015-03-17 18:52:18',1,1);
INSERT INTO "images" VALUES(18,18,'App\Feature','products/4/201503170603031818-q4ISCGdsXA42V7CFIGw5.gif','image/gif','orbiagro.com.ve subastas compra y venta: tester','2015-03-17 18:52:18','2015-03-17 18:52:18',1,1);
INSERT INTO "images" VALUES(19,19,'App\Feature','products/4/201503170603031919-XUtCHjD4NBEf4Xo0Cm1g.gif','image/gif','orbiagro.com.ve subastas compra y venta: tester','2015-03-17 18:52:19','2015-03-17 18:52:19',1,1);
INSERT INTO "images" VALUES(20,20,'App\Feature','products/4/201503170603031919-VaLDWxeSLUJ8ddKNjoWN.gif','image/gif','orbiagro.com.ve subastas compra y venta: tester','2015-03-17 18:52:19','2015-03-17 18:52:19',1,1);
CREATE TABLE "characteristics" ("id" integer not null primary key autoincrement, "product_id" integer not null, "height" integer null, "width" integer null, "depth" integer null, "weight" integer null, "units" integer null, "created_at" datetime not null, "updated_at" datetime not null, "created_by" integer not null, "updated_by" integer not null, foreign key("product_id") references "products"("id"), foreign key("created_by") references "users"("id"), foreign key("updated_by") references "users"("id"));
INSERT INTO "characteristics" VALUES(1,1,1,1,1,1,1,'2015-03-17 18:52:19','2015-03-17 18:52:19',1,1);
INSERT INTO "characteristics" VALUES(2,2,1,1,1,1,1,'2015-03-17 18:52:19','2015-03-17 18:52:19',1,1);
INSERT INTO "characteristics" VALUES(3,3,1,1,1,1,1,'2015-03-17 18:52:19','2015-03-17 18:52:19',1,1);
INSERT INTO "characteristics" VALUES(4,4,1,1,1,1,1,'2015-03-17 18:52:19','2015-03-17 18:52:19',1,1);
CREATE TABLE "features" ("id" integer not null primary key autoincrement, "product_id" integer not null, "title" varchar not null, "description" varchar not null, "created_at" datetime not null, "updated_at" datetime not null, "created_by" integer not null, "updated_by" integer not null, foreign key("product_id") references "products"("id"), foreign key("created_by") references "users"("id"), foreign key("updated_by") references "users"("id"));
INSERT INTO "features" VALUES(1,1,'tester','tester','2015-03-17 18:52:17','2015-03-17 18:52:17',1,1);
INSERT INTO "features" VALUES(2,1,'tester','tester','2015-03-17 18:52:18','2015-03-17 18:52:18',1,1);
INSERT INTO "features" VALUES(3,1,'tester','tester','2015-03-17 18:52:18','2015-03-17 18:52:18',1,1);
INSERT INTO "features" VALUES(4,1,'tester','tester','2015-03-17 18:52:18','2015-03-17 18:52:18',1,1);
INSERT INTO "features" VALUES(5,1,'tester','tester','2015-03-17 18:52:18','2015-03-17 18:52:18',1,1);
INSERT INTO "features" VALUES(6,2,'tester','tester','2015-03-17 18:52:18','2015-03-17 18:52:18',1,1);
INSERT INTO "features" VALUES(7,2,'tester','tester','2015-03-17 18:52:18','2015-03-17 18:52:18',1,1);
INSERT INTO "features" VALUES(8,2,'tester','tester','2015-03-17 18:52:18','2015-03-17 18:52:18',1,1);
INSERT INTO "features" VALUES(9,2,'tester','tester','2015-03-17 18:52:18','2015-03-17 18:52:18',1,1);
INSERT INTO "features" VALUES(10,2,'tester','tester','2015-03-17 18:52:18','2015-03-17 18:52:18',1,1);
INSERT INTO "features" VALUES(11,3,'tester','tester','2015-03-17 18:52:18','2015-03-17 18:52:18',1,1);
INSERT INTO "features" VALUES(12,3,'tester','tester','2015-03-17 18:52:18','2015-03-17 18:52:18',1,1);
INSERT INTO "features" VALUES(13,3,'tester','tester','2015-03-17 18:52:18','2015-03-17 18:52:18',1,1);
INSERT INTO "features" VALUES(14,3,'tester','tester','2015-03-17 18:52:18','2015-03-17 18:52:18',1,1);
INSERT INTO "features" VALUES(15,3,'tester','tester','2015-03-17 18:52:18','2015-03-17 18:52:18',1,1);
INSERT INTO "features" VALUES(16,4,'tester','tester','2015-03-17 18:52:18','2015-03-17 18:52:18',1,1);
INSERT INTO "features" VALUES(17,4,'tester','tester','2015-03-17 18:52:18','2015-03-17 18:52:18',1,1);
INSERT INTO "features" VALUES(18,4,'tester','tester','2015-03-17 18:52:18','2015-03-17 18:52:18',1,1);
INSERT INTO "features" VALUES(19,4,'tester','tester','2015-03-17 18:52:18','2015-03-17 18:52:18',1,1);
INSERT INTO "features" VALUES(20,4,'tester','tester','2015-03-17 18:52:19','2015-03-17 18:52:19',1,1);
CREATE TABLE "mechanical_infos" ("id" integer not null primary key autoincrement, "product_id" integer not null, "motor" varchar null, "motor_serial" varchar null, "model" varchar null, "cylinders" integer null, "horsepower" integer null, "mileage" integer null, "traction" integer null, "lift" integer null, "created_at" datetime not null, "updated_at" datetime not null, "created_by" integer not null, "updated_by" integer not null, foreign key("product_id") references "products"("id"), foreign key("created_by") references "users"("id"), foreign key("updated_by") references "users"("id"));
INSERT INTO "mechanical_infos" VALUES(1,1,'1','1','1',1,1,1,1,1,'2015-03-17 18:52:19','2015-03-17 18:52:19',1,1);
INSERT INTO "mechanical_infos" VALUES(2,2,'1','1','1',1,1,1,1,1,'2015-03-17 18:52:19','2015-03-17 18:52:19',1,1);
INSERT INTO "mechanical_infos" VALUES(3,3,'1','1','1',1,1,1,1,1,'2015-03-17 18:52:19','2015-03-17 18:52:19',1,1);
INSERT INTO "mechanical_infos" VALUES(4,4,'1','1','1',1,1,1,1,1,'2015-03-17 18:52:19','2015-03-17 18:52:19',1,1);
CREATE TABLE "nutritionals" ("id" integer not null primary key autoincrement, "product_id" integer not null, "due" date null, "created_at" datetime not null, "updated_at" datetime not null, "created_by" integer not null, "updated_by" integer not null, foreign key("product_id") references "products"("id"), foreign key("created_by") references "users"("id"), foreign key("updated_by") references "users"("id"));
INSERT INTO "nutritionals" VALUES(1,1,'2015-03-17','2015-03-17 18:52:19','2015-03-17 18:52:19',1,1);
INSERT INTO "nutritionals" VALUES(2,2,'2015-03-17','2015-03-17 18:52:19','2015-03-17 18:52:19',1,1);
INSERT INTO "nutritionals" VALUES(3,3,'2015-03-17','2015-03-17 18:52:19','2015-03-17 18:52:19',1,1);
INSERT INTO "nutritionals" VALUES(4,4,'2015-03-17','2015-03-17 18:52:19','2015-03-17 18:52:19',1,1);
CREATE TABLE "visits" ("id" integer not null primary key autoincrement, "visitable_id" integer not null, "visitable_type" varchar not null, "total" integer not null, "created_at" datetime not null, "updated_at" datetime not null);
CREATE TABLE "banks" ("id" integer not null primary key autoincrement, "description" varchar not null, "created_at" datetime not null, "updated_at" datetime not null);
INSERT INTO "banks" VALUES(1,'Banco Anaya-Polo S. de H.','2015-03-17 18:52:19','2015-03-17 18:52:19');
INSERT INTO "banks" VALUES(2,'Banco Toro y Garrido','2015-03-17 18:52:19','2015-03-17 18:52:19');
INSERT INTO "banks" VALUES(3,'Banco Bustos-Tórrez','2015-03-17 18:52:19','2015-03-17 18:52:19');
INSERT INTO "banks" VALUES(4,'Banco Molina-Ortíz e Hijo','2015-03-17 18:52:19','2015-03-17 18:52:19');
INSERT INTO "banks" VALUES(5,'Banco Global Rosado','2015-03-17 18:52:19','2015-03-17 18:52:19');
INSERT INTO "banks" VALUES(6,'Banco Antón y Pizarro e Hija','2015-03-17 18:52:19','2015-03-17 18:52:19');
INSERT INTO "banks" VALUES(7,'Banco Garica-Domenech e Hija','2015-03-17 18:52:19','2015-03-17 18:52:19');
INSERT INTO "banks" VALUES(8,'Banco Cavazos de Godoy S. de H.','2015-03-17 18:52:19','2015-03-17 18:52:19');
INSERT INTO "banks" VALUES(9,'Banco Viajes Arribas-Huerta','2015-03-17 18:52:19','2015-03-17 18:52:19');
INSERT INTO "banks" VALUES(10,'Banco Salazar de Zelaya y Asoc.','2015-03-17 18:52:19','2015-03-17 18:52:19');
CREATE TABLE "card_types" ("id" integer not null primary key autoincrement, "description" varchar not null, "created_at" datetime not null, "updated_at" datetime not null);
INSERT INTO "card_types" VALUES(1,'Visa','2015-03-17 18:52:19','2015-03-17 18:52:19');
INSERT INTO "card_types" VALUES(2,'MasterCard','2015-03-17 18:52:19','2015-03-17 18:52:19');
INSERT INTO "card_types" VALUES(3,'American Express','2015-03-17 18:52:19','2015-03-17 18:52:19');
INSERT INTO "card_types" VALUES(4,'Discover Card','2015-03-17 18:52:19','2015-03-17 18:52:19');
INSERT INTO "card_types" VALUES(5,'Debito','2015-03-17 18:52:19','2015-03-17 18:52:19');
CREATE TABLE "billings" ("id" integer not null primary key autoincrement, "user_id" integer not null, "bank_id" integer null, "card_type_id" integer null, "card_number" varchar null, "bank_account" varchar null, "expiration" varchar null, "comments" varchar null, "created_at" datetime not null, "updated_at" datetime not null, "created_by" integer not null, "updated_by" integer not null, foreign key("user_id") references "users"("id") on delete cascade, foreign key("bank_id") references "banks"("id"), foreign key("card_type_id") references "card_types"("id"), foreign key("created_by") references "users"("id"), foreign key("updated_by") references "users"("id"));
INSERT INTO "billings" VALUES(1,1,3,1,'4024007197393','ES8241613299677249738778','08/15','A rerum odit repellendus veritatis ut asperiores. Sed voluptatem enim deserunt aliquam. Ex at ut assumenda quo sequi.
Ut cumque in magnam non. Repellat cumque libero asperiores esse.','2015-03-17 18:52:19','2015-03-17 18:52:19',1,1);
CREATE TABLE "maker_sub_category" ("maker_id" integer not null, "sub_category_id" integer not null, foreign key("maker_id") references "makers"("id"), foreign key("sub_category_id") references "sub_categories"("id"));
INSERT INTO "maker_sub_category" VALUES(1,1);
INSERT INTO "maker_sub_category" VALUES(2,1);
INSERT INTO "maker_sub_category" VALUES(3,2);
INSERT INTO "maker_sub_category" VALUES(4,2);
INSERT INTO "maker_sub_category" VALUES(5,3);
INSERT INTO "maker_sub_category" VALUES(6,3);
INSERT INTO "maker_sub_category" VALUES(7,4);
INSERT INTO "maker_sub_category" VALUES(8,4);
INSERT INTO "maker_sub_category" VALUES(9,5);
INSERT INTO "maker_sub_category" VALUES(10,5);
INSERT INTO "maker_sub_category" VALUES(11,6);
INSERT INTO "maker_sub_category" VALUES(12,6);
INSERT INTO "maker_sub_category" VALUES(13,7);
INSERT INTO "maker_sub_category" VALUES(14,7);
CREATE TABLE "product_sub_category" ("product_id" integer not null, "sub_category_id" integer not null, foreign key("product_id") references "products"("id"), foreign key("sub_category_id") references "sub_categories"("id"));
INSERT INTO "product_sub_category" VALUES(1,1);
INSERT INTO "product_sub_category" VALUES(2,2);
INSERT INTO "product_sub_category" VALUES(3,4);
INSERT INTO "product_sub_category" VALUES(4,5);
DELETE FROM sqlite_sequence;
INSERT INTO "sqlite_sequence" VALUES('profiles',3);
INSERT INTO "sqlite_sequence" VALUES('genders',2);
INSERT INTO "sqlite_sequence" VALUES('nationalities',2);
INSERT INTO "sqlite_sequence" VALUES('states',1);
INSERT INTO "sqlite_sequence" VALUES('towns',1);
INSERT INTO "sqlite_sequence" VALUES('parishes',1);
INSERT INTO "sqlite_sequence" VALUES('users',1);
INSERT INTO "sqlite_sequence" VALUES('people',1);
INSERT INTO "sqlite_sequence" VALUES('directions',5);
INSERT INTO "sqlite_sequence" VALUES('categories',2);
INSERT INTO "sqlite_sequence" VALUES('sub_categories',7);
INSERT INTO "sqlite_sequence" VALUES('makers',14);
INSERT INTO "sqlite_sequence" VALUES('products',4);
INSERT INTO "sqlite_sequence" VALUES('features',20);
INSERT INTO "sqlite_sequence" VALUES('images',20);
INSERT INTO "sqlite_sequence" VALUES('files',20);
INSERT INTO "sqlite_sequence" VALUES('characteristics',4);
INSERT INTO "sqlite_sequence" VALUES('nutritionals',4);
INSERT INTO "sqlite_sequence" VALUES('mechanical_infos',4);
INSERT INTO "sqlite_sequence" VALUES('banks',10);
INSERT INTO "sqlite_sequence" VALUES('card_types',5);
INSERT INTO "sqlite_sequence" VALUES('billings',1);
CREATE UNIQUE INDEX users_email_unique on "users" ("email");
CREATE INDEX password_resets_email_index on "password_resets" ("email");
CREATE INDEX password_resets_token_index on "password_resets" ("token");
COMMIT;
