PRAGMA foreign_keys=OFF;
BEGIN TRANSACTION;
CREATE TABLE "migrations" ("migration" varchar not null, "batch" integer not null);
INSERT INTO "migrations" VALUES('2014_10_12_000000_create_users_table',1);
INSERT INTO "migrations" VALUES('2014_10_12_100000_create_password_resets_table',1);
INSERT INTO "migrations" VALUES('2015_03_10_140153_create_genders_table',1);
INSERT INTO "migrations" VALUES('2015_03_10_142938_create_states_table',1);
INSERT INTO "migrations" VALUES('2015_03_10_154237_create_towns_table',1);
INSERT INTO "migrations" VALUES('2015_03_10_154410_create_parishes_table',1);
INSERT INTO "migrations" VALUES('2015_03_10_154455_create_directions_table',1);
INSERT INTO "migrations" VALUES('2015_03_10_154557_create_profiles_table',1);
INSERT INTO "migrations" VALUES('2015_03_10_173459_create_nationalities_table',1);
INSERT INTO "migrations" VALUES('2015_03_10_173503_create_people_table',1);
INSERT INTO "migrations" VALUES('2015_03_13_193841_create_makers_table',1);
INSERT INTO "migrations" VALUES('2015_03_13_194526_create_categories_table',1);
INSERT INTO "migrations" VALUES('2015_03_13_195124_create_sub_categories_table',1);
INSERT INTO "migrations" VALUES('2015_03_13_202223_create_products_table',1);
INSERT INTO "migrations" VALUES('2015_03_13_205446_create_promotions_table',1);
INSERT INTO "migrations" VALUES('2015_03_13_205519_create_product_promotion_table',1);
INSERT INTO "migrations" VALUES('2015_03_13_205737_create_files_table',1);
INSERT INTO "migrations" VALUES('2015_03_13_212413_create_images_table',1);
INSERT INTO "migrations" VALUES('2015_03_13_212630_create_characteristics_table',1);
INSERT INTO "migrations" VALUES('2015_03_13_214205_create_features_table',1);
INSERT INTO "migrations" VALUES('2015_03_13_214850_create_mechanical_infos_table',1);
INSERT INTO "migrations" VALUES('2015_03_13_215620_create_nutritionals_table',1);
INSERT INTO "migrations" VALUES('2015_03_13_220817_create_visits_table',1);
INSERT INTO "migrations" VALUES('2015_03_13_221555_create_banks_table',1);
INSERT INTO "migrations" VALUES('2015_03_13_221616_create_card_types_table',1);
INSERT INTO "migrations" VALUES('2015_03_13_221820_create_billings_table',1);
INSERT INTO "migrations" VALUES('2015_03_13_234614_create_maker_sub_category',1);
INSERT INTO "migrations" VALUES('2015_03_14_000527_create_product_sub_category_table',1);
INSERT INTO "migrations" VALUES('2015_03_17_200518_create_product_user_pivot_table',1);
CREATE TABLE "users" ("id" integer not null primary key autoincrement, "profile_id" integer not null, "name" varchar not null, "email" varchar not null, "password" varchar not null, "remember_token" varchar null, "created_at" datetime not null, "updated_at" datetime not null, "deleted_at" datetime null);
INSERT INTO "users" VALUES(1,1,'tester','tester@tester.com','$2y$10$nqqXZiw3K/hrdoR/WxuLaOqFS4e5Nc/VuQuaFf3/bE5gMIi5Byvby',NULL,'current_timestampt','current_timestampt',NULL);
CREATE TABLE "password_resets" ("email" varchar not null, "token" varchar not null, "created_at" datetime not null);
CREATE TABLE "genders" ("id" integer not null primary key autoincrement, "description" varchar not null, "created_at" datetime not null, "updated_at" datetime not null);
INSERT INTO "genders" VALUES(1,'Masculino','2015-03-19 19:22:08','2015-03-19 19:22:08');
INSERT INTO "genders" VALUES(2,'Femenino','2015-03-19 19:22:08','2015-03-19 19:22:08');
CREATE TABLE "states" ("id" integer not null primary key autoincrement, "description" varchar not null, "created_at" datetime not null, "updated_at" datetime not null);
INSERT INTO "states" VALUES(1,'Distrito Capital','2015-03-19 23:52:08','2015-03-19 23:52:08');
CREATE TABLE "towns" ("id" integer not null primary key autoincrement, "state_id" integer not null, "description" varchar not null, "created_at" datetime not null, "updated_at" datetime not null, foreign key("state_id") references "states"("id"));
INSERT INTO "towns" VALUES(1,1,'Libertador','2015-03-19 23:52:08','2015-03-19 23:52:08');
CREATE TABLE "parishes" ("id" integer not null primary key autoincrement, "town_id" integer not null, "description" varchar not null, "created_at" datetime not null, "updated_at" datetime not null, foreign key("town_id") references "towns"("id"));
INSERT INTO "parishes" VALUES(1,1,'Altagracia','2015-03-19 23:52:08','2015-03-19 23:52:08');
CREATE TABLE "directions" ("id" integer not null primary key autoincrement, "directionable_id" integer not null, "directionable_type" varchar not null, "parish_id" integer not null, "details" varchar null, "created_at" datetime not null, "updated_at" datetime not null, "created_by" integer not null, "updated_by" integer not null, "deleted_at" datetime null, foreign key("parish_id") references "parishes"("id"), foreign key("created_by") references "users"("id"), foreign key("updated_by") references "users"("id"));
INSERT INTO "directions" VALUES(1,1,'App\Person',1,'Calle del tester.','2015-03-19 19:22:08','2015-03-19 19:22:08',1,1,NULL);
INSERT INTO "directions" VALUES(2,1,'App\Product',1,'Plaza Isabel, 34, Ático 8º','2015-03-19 19:22:09','2015-03-19 19:22:09',1,1,NULL);
INSERT INTO "directions" VALUES(3,2,'App\Product',1,'Camino Aparicio, 591, 01º A','2015-03-19 19:22:09','2015-03-19 19:22:09',1,1,NULL);
INSERT INTO "directions" VALUES(4,3,'App\Product',1,'Passeig Borrego, 3, 2º B','2015-03-19 19:22:09','2015-03-19 19:22:09',1,1,NULL);
INSERT INTO "directions" VALUES(5,4,'App\Product',1,'Ruela Serrano, 122, 4º D','2015-03-19 19:22:09','2015-03-19 19:22:09',1,1,NULL);
INSERT INTO "directions" VALUES(6,5,'App\Product',1,'Rúa Blanca, 5, 8º 2º','2015-03-19 19:22:10','2015-03-19 19:22:10',1,1,NULL);
INSERT INTO "directions" VALUES(7,6,'App\Product',1,'Passeig Yago, 6, 0º C','2015-03-19 19:22:10','2015-03-19 19:22:10',1,1,NULL);
INSERT INTO "directions" VALUES(8,7,'App\Product',1,'Plaça Osorio, 211, 27º E','2015-03-19 19:22:10','2015-03-19 19:22:10',1,1,NULL);
CREATE TABLE "profiles" ("id" integer not null primary key autoincrement, "description" varchar not null, "created_at" datetime not null, "updated_at" datetime not null);
INSERT INTO "profiles" VALUES(1,'Administrador','2015-03-19 19:22:08','2015-03-19 19:22:08');
INSERT INTO "profiles" VALUES(2,'Usuario','2015-03-19 19:22:08','2015-03-19 19:22:08');
INSERT INTO "profiles" VALUES(3,'Desactivado','2015-03-19 19:22:08','2015-03-19 19:22:08');
CREATE TABLE "nationalities" ("id" integer not null primary key autoincrement, "description" varchar not null, "created_at" datetime not null, "updated_at" datetime not null);
INSERT INTO "nationalities" VALUES(1,'Venezolano','2015-03-19 19:22:08','2015-03-19 19:22:08');
INSERT INTO "nationalities" VALUES(2,'Extrangero','2015-03-19 19:22:08','2015-03-19 19:22:08');
CREATE TABLE "people" ("id" integer not null primary key autoincrement, "user_id" integer not null, "gender_id" integer not null, "nationality_id" integer not null, "first_name" varchar not null, "last_name" varchar null, "first_surname" varchar not null, "last_surname" varchar null, "identity_card" varchar not null, "phone" varchar null, "birth_date" date null, "created_at" datetime not null, "updated_at" datetime not null, foreign key("user_id") references "users"("id") on delete cascade, foreign key("gender_id") references "genders"("id"), foreign key("nationality_id") references "nationalities"("id"));
INSERT INTO "people" VALUES(1,1,1,1,'tester',NULL,'tester',NULL,'10000001','+58-(212)-111-2233','1999-09-09','current_timestampt','current_timestampt');
CREATE TABLE "makers" ("id" integer not null primary key autoincrement, "name" varchar not null, "slug" varchar not null, "domain" varchar null, "url" varchar null, "logo_path" varchar null, "logo_alt" varchar null, "created_at" datetime not null, "updated_at" datetime not null);
INSERT INTO "makers" VALUES(1,'Air Ojeda S. de H.','air-ojeda-s-de-h','sepulveda.org','http://www.blasco.org/dignissimos-non-sit-dolor-sed-qui-qui.html',NULL,NULL,'2015-03-19 19:22:09','2015-03-19 19:22:09');
INSERT INTO "makers" VALUES(2,'Olivera y Pabón e Hijo','olivera-y-pabon-e-hijo','centro.com','http://www.lerma.es/est-consequatur-et-accusamus-non-optio-qui-neque.html',NULL,NULL,'2015-03-19 19:22:09','2015-03-19 19:22:09');
INSERT INTO "makers" VALUES(3,'Viajes Meraz e Hijos','viajes-meraz-e-hijos','alonzo.com','https://global.es/est-et-perspiciatis-quo-sed-ut-est-et-dolor.html',NULL,NULL,'2015-03-19 19:22:09','2015-03-19 19:22:09');
INSERT INTO "makers" VALUES(4,'Aguayo, Miranda y Becerra y Flia.','aguayo-miranda-y-becerra-y-flia','portillo.org','http://www.puig.org/qui-sed-autem-eum-voluptatem-dolorem-voluptatum-eos.html',NULL,NULL,'2015-03-19 19:22:09','2015-03-19 19:22:09');
INSERT INTO "makers" VALUES(5,'Gutiérrez-Tapia','gutierrez-tapia','domingo.es','http://ros.com/modi-voluptas-vel-consequatur-facilis-consectetur-quibusdam.html',NULL,NULL,'2015-03-19 19:22:09','2015-03-19 19:22:09');
INSERT INTO "makers" VALUES(6,'Viajes Delapaz SRL','viajes-delapaz-srl','global.com','http://www.air.com/aut-praesentium-quidem-exercitationem-sit-ipsa.html',NULL,NULL,'2015-03-19 19:22:09','2015-03-19 19:22:09');
INSERT INTO "makers" VALUES(7,'Cabán-Gaytán','caban-gaytan','razo.com','https://www.vargas.es/qui-non-aliquid-voluptatem-similique-saepe',NULL,NULL,'2015-03-19 19:22:09','2015-03-19 19:22:09');
INSERT INTO "makers" VALUES(8,'Air Montero SRL','air-montero-srl','asociacion.com','http://empresa.net/sint-deleniti-facilis-asperiores-quaerat-ad-et',NULL,NULL,'2015-03-19 19:22:09','2015-03-19 19:22:09');
INSERT INTO "makers" VALUES(9,'Asociación Montenegro-Porras','asociacion-montenegro-porras','lucas.com','http://www.rayariojas.com/vitae-consequatur-temporibus-omnis-accusantium-delectus-dolore-voluptatem-rerum',NULL,NULL,'2015-03-19 19:22:09','2015-03-19 19:22:09');
INSERT INTO "makers" VALUES(10,'Campos-Ulibarri y Asoc.','campos-ulibarri-y-asoc','centro.org','http://asociacion.es/dolores-nam-qui-officia-ut-tempore',NULL,NULL,'2015-03-19 19:22:09','2015-03-19 19:22:09');
INSERT INTO "makers" VALUES(11,'Mateo y Esparza','mateo-y-esparza','asociacion.com','http://luque.net/',NULL,NULL,'2015-03-19 19:22:09','2015-03-19 19:22:09');
INSERT INTO "makers" VALUES(12,'Muñoz, Espinal y Granado e Hijos','munoz-espinal-y-granado-e-hijos','global.org','http://empresa.es/dolore-officiis-aspernatur-laboriosam-cumque',NULL,NULL,'2015-03-19 19:22:09','2015-03-19 19:22:09');
INSERT INTO "makers" VALUES(13,'Posada-Ríos y Flia.','posada-rios-y-flia','abeyta.com','http://air.com/quo-ea-quae-aut-dolorum-inventore-harum-deleniti-voluptates',NULL,NULL,'2015-03-19 19:22:09','2015-03-19 19:22:09');
INSERT INTO "makers" VALUES(14,'Air Pizarro-Ortiz','air-pizarro-ortiz','maldonado.org','http://calero.es/reprehenderit-omnis-deleniti-officia-libero.html',NULL,NULL,'2015-03-19 19:22:09','2015-03-19 19:22:09');
CREATE TABLE "categories" ("id" integer not null primary key autoincrement, "description" varchar not null, "slug" varchar not null, "created_at" datetime not null, "updated_at" datetime not null);
INSERT INTO "categories" VALUES(1,'Productos Agro-Industriales','productos-agro-industriales','2015-03-19 19:22:08','2015-03-19 19:22:08');
INSERT INTO "categories" VALUES(2,'Productos Alimenticios','productos-alimenticios','2015-03-19 19:22:08','2015-03-19 19:22:08');
CREATE TABLE "sub_categories" ("id" integer not null primary key autoincrement, "category_id" integer not null, "description" varchar not null, "slug" varchar not null, "created_at" datetime not null, "updated_at" datetime not null, foreign key("category_id") references "categories"("id") on delete cascade);
INSERT INTO "sub_categories" VALUES(1,1,'Maquinaria Pesada','maquinaria-pesada','2015-03-19 19:22:08','2015-03-19 19:22:08');
INSERT INTO "sub_categories" VALUES(2,1,'Tractores','tractores','2015-03-19 19:22:08','2015-03-19 19:22:08');
INSERT INTO "sub_categories" VALUES(3,1,'Maquinaria Ligera','maquinaria-ligera','2015-03-19 19:22:08','2015-03-19 19:22:08');
INSERT INTO "sub_categories" VALUES(4,2,'Chocolate','chocolate','2015-03-19 19:22:08','2015-03-19 19:22:08');
INSERT INTO "sub_categories" VALUES(5,2,'Arroz','arroz','2015-03-19 19:22:08','2015-03-19 19:22:08');
INSERT INTO "sub_categories" VALUES(6,2,'Avena','avena','2015-03-19 19:22:08','2015-03-19 19:22:08');
INSERT INTO "sub_categories" VALUES(7,2,'Soya','soya','2015-03-19 19:22:08','2015-03-19 19:22:08');
CREATE TABLE "products" ("id" integer not null primary key autoincrement, "user_id" integer not null, "maker_id" integer not null, "title" varchar not null, "description" text not null, "price" float not null, "quantity" integer not null, "slug" varchar not null, "created_at" datetime not null, "updated_at" datetime not null, "created_by" integer not null, "updated_by" integer not null, "deleted_at" datetime null, foreign key("user_id") references "users"("id") on delete cascade, foreign key("maker_id") references "makers"("id"), foreign key("created_by") references "users"("id"), foreign key("updated_by") references "users"("id"));
INSERT INTO "products" VALUES(1,1,2,'Voluptates earum laborum accusantium non laborum et.','Omnis unde sed pariatur voluptate assumenda voluptatem consequatur nobis. At consectetur voluptatem dolor incidunt. Voluptatem sed et deleniti quia laborum optio. Et laudantium ut illo.',4802455136.27,1,'voluptates-earum-laborum-accusantium-non-laborum-et','2015-03-19 19:22:09','2015-03-19 19:22:09',1,1,NULL);
INSERT INTO "products" VALUES(2,1,11,'Error assumenda ipsa consectetur amet odio enim.','In quam aperiam et voluptatem veritatis. Exercitationem asperiores voluptatibus facere. Maxime at natus adipisci et rerum quis qui.',7024778346.26,11,'error-assumenda-ipsa-consectetur-amet-odio-enim','2015-03-19 19:22:09','2015-03-19 19:22:09',1,1,NULL);
INSERT INTO "products" VALUES(3,1,12,'Ducimus quae occaecati nostrum animi.','Quibusdam distinctio eius praesentium quia eum eos. Est doloremque et necessitatibus voluptatem. Rem nulla ut illo accusamus sit eveniet perspiciatis. Neque quisquam minus ut eaque iure.',8611121143.49,20,'ducimus-quae-occaecati-nostrum-animi','2015-03-19 19:22:09','2015-03-19 19:22:09',1,1,NULL);
INSERT INTO "products" VALUES(4,1,1,'Modi sed odit est aliquam.','Laudantium sunt enim deleniti dolorum id. Numquam aliquam id eum at nam aut doloribus omnis.',1931195978.44,6,'modi-sed-odit-est-aliquam','2015-03-19 19:22:09','2015-03-19 19:22:09',1,1,NULL);
INSERT INTO "products" VALUES(5,1,9,'Quod tempora cumque vel ullam sit.','Dolorum voluptas molestiae soluta fugit illo. Deleniti quae aut eligendi perferendis ipsam velit illo. Et occaecati in et est fugiat nobis qui.',8638069334.45,1,'quod-tempora-cumque-vel-ullam-sit','2015-03-19 19:22:10','2015-03-19 19:22:10',1,1,NULL);
INSERT INTO "products" VALUES(6,1,7,'Qui numquam est non.','Rerum quaerat ut qui odio ex laborum. Nihil aspernatur consequuntur nihil iure. Nostrum numquam ut consequuntur neque fugiat.',7837843919.45,19,'qui-numquam-est-non','2015-03-19 19:22:10','2015-03-19 19:22:10',1,1,NULL);
INSERT INTO "products" VALUES(7,1,12,'Architecto doloremque minus odit tempora et.','Ea accusantium sapiente tenetur quos rerum deserunt. Ut tempore unde commodi ducimus rerum officiis.',4073257833.01,14,'architecto-doloremque-minus-odit-tempora-et','2015-03-19 19:22:10','2015-03-19 19:22:10',1,1,NULL);
CREATE TABLE "promotions" ("id" integer not null primary key autoincrement, "title" varchar not null, "slug" varchar not null, "percentage" integer null, "static" integer null, "begins" date not null, "ends" date not null, "created_at" datetime not null, "updated_at" datetime not null);
INSERT INTO "promotions" VALUES(1,'Lleva 2, paga 3!','lleva-2-paga-3',NULL,NULL,'2011-03-19','2016-03-19','2015-03-19 19:22:12','2015-03-19 19:22:12');
CREATE TABLE "product_promotion" ("product_id" integer not null, "promotion_id" integer not null, foreign key("product_id") references "products"("id"), foreign key("promotion_id") references "promotions"("id"));
INSERT INTO "product_promotion" VALUES(1,1);
CREATE TABLE "files" ("id" integer not null primary key autoincrement, "fileable_id" integer not null, "fileable_type" varchar not null, "path" varchar not null, "mime" varchar not null, "created_at" datetime not null, "updated_at" datetime not null, "created_by" integer not null, "updated_by" integer not null, foreign key("created_by") references "users"("id"), foreign key("updated_by") references "users"("id"));
INSERT INTO "files" VALUES(1,1,'App\Feature','products/1/201503190703031010-wAoBJTcWSQ7BV6mNzYiI.pdf','application/pdf','2015-03-19 19:22:10','2015-03-19 19:22:10',1,1);
INSERT INTO "files" VALUES(2,2,'App\Feature','products/1/201503190703031010-fs1Fva9xwbmRzcylaGBe.pdf','application/pdf','2015-03-19 19:22:10','2015-03-19 19:22:10',1,1);
INSERT INTO "files" VALUES(3,3,'App\Feature','products/1/201503190703031010-57cnBSu1t8pc8bjFy9sQ.pdf','application/pdf','2015-03-19 19:22:10','2015-03-19 19:22:10',1,1);
INSERT INTO "files" VALUES(4,4,'App\Feature','products/1/201503190703031010-CHNoaetsPhLXnurVxSxN.pdf','application/pdf','2015-03-19 19:22:10','2015-03-19 19:22:10',1,1);
INSERT INTO "files" VALUES(5,5,'App\Feature','products/1/201503190703031010-OfojckmhpAZtjF1zXEsg.pdf','application/pdf','2015-03-19 19:22:10','2015-03-19 19:22:10',1,1);
INSERT INTO "files" VALUES(6,6,'App\Feature','products/2/201503190703031010-AyhUNRTe4dQMAsZGYlfX.pdf','application/pdf','2015-03-19 19:22:10','2015-03-19 19:22:10',1,1);
INSERT INTO "files" VALUES(7,7,'App\Feature','products/2/201503190703031010-AERcr6M5lWZpROnSYzAv.pdf','application/pdf','2015-03-19 19:22:10','2015-03-19 19:22:10',1,1);
INSERT INTO "files" VALUES(8,8,'App\Feature','products/2/201503190703031010-4S293YJo5HMqm7Nj75K6.pdf','application/pdf','2015-03-19 19:22:10','2015-03-19 19:22:10',1,1);
INSERT INTO "files" VALUES(9,9,'App\Feature','products/2/201503190703031010-F2KdzCas5zlPWRdfQUOF.pdf','application/pdf','2015-03-19 19:22:10','2015-03-19 19:22:10',1,1);
INSERT INTO "files" VALUES(10,10,'App\Feature','products/2/201503190703031010-P6RcuMyVKF9cwYbLKx8K.pdf','application/pdf','2015-03-19 19:22:10','2015-03-19 19:22:10',1,1);
INSERT INTO "files" VALUES(11,11,'App\Feature','products/3/201503190703031010-v2d5XmtAxVCRij2hsLfo.pdf','application/pdf','2015-03-19 19:22:10','2015-03-19 19:22:10',1,1);
INSERT INTO "files" VALUES(12,12,'App\Feature','products/3/201503190703031010-qenojzeFQOkJZFVx3NX8.pdf','application/pdf','2015-03-19 19:22:10','2015-03-19 19:22:10',1,1);
INSERT INTO "files" VALUES(13,13,'App\Feature','products/3/201503190703031010-1dOSifX7rgSp5TlF9gvB.pdf','application/pdf','2015-03-19 19:22:10','2015-03-19 19:22:10',1,1);
INSERT INTO "files" VALUES(14,14,'App\Feature','products/3/201503190703031010-Loh9HXOMwRr88cW91Qhv.pdf','application/pdf','2015-03-19 19:22:10','2015-03-19 19:22:10',1,1);
INSERT INTO "files" VALUES(15,15,'App\Feature','products/3/201503190703031010-zYR9iwyCElZwEoxyKh2V.pdf','application/pdf','2015-03-19 19:22:10','2015-03-19 19:22:10',1,1);
INSERT INTO "files" VALUES(16,16,'App\Feature','products/4/201503190703031010-OTnehtsaBKSpNF7XOxSZ.pdf','application/pdf','2015-03-19 19:22:10','2015-03-19 19:22:10',1,1);
INSERT INTO "files" VALUES(17,17,'App\Feature','products/4/201503190703031010-1F72d5IwVl0TFkJZOTz3.pdf','application/pdf','2015-03-19 19:22:10','2015-03-19 19:22:10',1,1);
INSERT INTO "files" VALUES(18,18,'App\Feature','products/4/201503190703031111-ADexBhe4vcDbYzDXhAhT.pdf','application/pdf','2015-03-19 19:22:11','2015-03-19 19:22:11',1,1);
INSERT INTO "files" VALUES(19,19,'App\Feature','products/4/201503190703031111-FiQIgYvI3WmMZsA9hHBh.pdf','application/pdf','2015-03-19 19:22:11','2015-03-19 19:22:11',1,1);
INSERT INTO "files" VALUES(20,20,'App\Feature','products/4/201503190703031111-iucrYe21ecKkZLaIHaXl.pdf','application/pdf','2015-03-19 19:22:11','2015-03-19 19:22:11',1,1);
INSERT INTO "files" VALUES(21,21,'App\Feature','products/5/201503190703031111-CAwHlNNOdtLEVPp4AglB.pdf','application/pdf','2015-03-19 19:22:11','2015-03-19 19:22:11',1,1);
INSERT INTO "files" VALUES(22,22,'App\Feature','products/5/201503190703031111-pK4bUaAMIjOIZu1a5BsO.pdf','application/pdf','2015-03-19 19:22:11','2015-03-19 19:22:11',1,1);
INSERT INTO "files" VALUES(23,23,'App\Feature','products/5/201503190703031111-FraTMlzKvRTGkgaEp8Yh.pdf','application/pdf','2015-03-19 19:22:11','2015-03-19 19:22:11',1,1);
INSERT INTO "files" VALUES(24,24,'App\Feature','products/5/201503190703031111-YCWHbPpW1tESHrrHgznd.pdf','application/pdf','2015-03-19 19:22:11','2015-03-19 19:22:11',1,1);
INSERT INTO "files" VALUES(25,25,'App\Feature','products/5/201503190703031111-eS5hXNaOK5cOl3wJEEWI.pdf','application/pdf','2015-03-19 19:22:11','2015-03-19 19:22:11',1,1);
INSERT INTO "files" VALUES(26,26,'App\Feature','products/6/201503190703031111-AvMFYZ8oJWdRBjzQW5AO.pdf','application/pdf','2015-03-19 19:22:11','2015-03-19 19:22:11',1,1);
INSERT INTO "files" VALUES(27,27,'App\Feature','products/6/201503190703031111-XlrbS5sWyBV0N4xqjs28.pdf','application/pdf','2015-03-19 19:22:11','2015-03-19 19:22:11',1,1);
INSERT INTO "files" VALUES(28,28,'App\Feature','products/6/201503190703031111-NjcFfVHZtszYpJkjtftV.pdf','application/pdf','2015-03-19 19:22:11','2015-03-19 19:22:11',1,1);
INSERT INTO "files" VALUES(29,29,'App\Feature','products/6/201503190703031111-NxCBurUJdmtNt9RUAO8M.pdf','application/pdf','2015-03-19 19:22:11','2015-03-19 19:22:11',1,1);
INSERT INTO "files" VALUES(30,30,'App\Feature','products/6/201503190703031111-BqaTAXhssmr8Gy5zg8XT.pdf','application/pdf','2015-03-19 19:22:11','2015-03-19 19:22:11',1,1);
INSERT INTO "files" VALUES(31,31,'App\Feature','products/7/201503190703031111-9dNmRcYOmYJq2kjgQo9P.pdf','application/pdf','2015-03-19 19:22:11','2015-03-19 19:22:11',1,1);
INSERT INTO "files" VALUES(32,32,'App\Feature','products/7/201503190703031111-VoXK0wlJFrZPwtvyPmFn.pdf','application/pdf','2015-03-19 19:22:11','2015-03-19 19:22:11',1,1);
INSERT INTO "files" VALUES(33,33,'App\Feature','products/7/201503190703031111-JquGh8OYdNsmXGZJCgiD.pdf','application/pdf','2015-03-19 19:22:11','2015-03-19 19:22:11',1,1);
INSERT INTO "files" VALUES(34,34,'App\Feature','products/7/201503190703031111-eQyE8YHAZKnNxrbH9fQm.pdf','application/pdf','2015-03-19 19:22:11','2015-03-19 19:22:11',1,1);
INSERT INTO "files" VALUES(35,35,'App\Feature','products/7/201503190703031111-kHB2QV3pRjIhog5T5Xbt.pdf','application/pdf','2015-03-19 19:22:11','2015-03-19 19:22:11',1,1);
INSERT INTO "files" VALUES(36,1,'App\Product','products/1/201503190703031212-ZrfjnTpqDKoQVNF1Mcgr.pdf','application/pdf','2015-03-19 19:22:12','2015-03-19 19:22:12',1,1);
INSERT INTO "files" VALUES(37,2,'App\Product','products/2/201503190703031212-flAG7b05JT2P6ha19lF4.pdf','application/pdf','2015-03-19 19:22:12','2015-03-19 19:22:12',1,1);
INSERT INTO "files" VALUES(38,3,'App\Product','products/3/201503190703031212-arxcVyO7QBl4eGIjzMyO.pdf','application/pdf','2015-03-19 19:22:12','2015-03-19 19:22:12',1,1);
INSERT INTO "files" VALUES(39,4,'App\Product','products/4/201503190703031212-RRkgoSDB1Z7zZmPnyI0r.pdf','application/pdf','2015-03-19 19:22:12','2015-03-19 19:22:12',1,1);
INSERT INTO "files" VALUES(40,5,'App\Product','products/5/201503190703031212-iXJd3TkwI8Nk5cHiod01.pdf','application/pdf','2015-03-19 19:22:12','2015-03-19 19:22:12',1,1);
INSERT INTO "files" VALUES(41,6,'App\Product','products/6/201503190703031212-Ph3XAyAdaK9FhO7tTOIC.pdf','application/pdf','2015-03-19 19:22:12','2015-03-19 19:22:12',1,1);
INSERT INTO "files" VALUES(42,7,'App\Product','products/7/201503190703031212-iCnFmTofrGE5dRIw9gIz.pdf','application/pdf','2015-03-19 19:22:12','2015-03-19 19:22:12',1,1);
CREATE TABLE "images" ("id" integer not null primary key autoincrement, "imageable_id" integer not null, "imageable_type" varchar not null, "path" varchar not null, "mime" varchar not null, "alt" varchar not null, "created_at" datetime not null, "updated_at" datetime not null, "created_by" integer not null, "updated_by" integer not null, foreign key("created_by") references "users"("id"), foreign key("updated_by") references "users"("id"));
INSERT INTO "images" VALUES(1,1,'App\Maker','makers/1/201503190703030909-vSuwVPro5j5nDCYHH8JI.gif','image/gif','orbiagro.com.ve subastas compra y venta: air-ojeda-s-de-h','2015-03-19 19:22:09','2015-03-19 19:22:09',1,1);
INSERT INTO "images" VALUES(2,2,'App\Maker','makers/2/201503190703030909-0pxhb95CYXAdQK37nNHq.gif','image/gif','orbiagro.com.ve subastas compra y venta: olivera-y-pabon-e-hijo','2015-03-19 19:22:09','2015-03-19 19:22:09',1,1);
INSERT INTO "images" VALUES(3,3,'App\Maker','makers/3/201503190703030909-dQeh7KjtALRRYuHybNYs.gif','image/gif','orbiagro.com.ve subastas compra y venta: viajes-meraz-e-hijos','2015-03-19 19:22:09','2015-03-19 19:22:09',1,1);
INSERT INTO "images" VALUES(4,4,'App\Maker','makers/4/201503190703030909-Cq33vC3aLv3YlPsVol4j.gif','image/gif','orbiagro.com.ve subastas compra y venta: aguayo-miranda-y-becerra-y-flia','2015-03-19 19:22:09','2015-03-19 19:22:09',1,1);
INSERT INTO "images" VALUES(5,5,'App\Maker','makers/5/201503190703030909-bAB8VZZeVgJ6UD8qUiz7.gif','image/gif','orbiagro.com.ve subastas compra y venta: gutierrez-tapia','2015-03-19 19:22:09','2015-03-19 19:22:09',1,1);
INSERT INTO "images" VALUES(6,6,'App\Maker','makers/6/201503190703030909-kHA5FZSjWDep2DRJlBX5.gif','image/gif','orbiagro.com.ve subastas compra y venta: viajes-delapaz-srl','2015-03-19 19:22:09','2015-03-19 19:22:09',1,1);
INSERT INTO "images" VALUES(7,7,'App\Maker','makers/7/201503190703030909-9rLaB22WxwaOmg7j030B.gif','image/gif','orbiagro.com.ve subastas compra y venta: caban-gaytan','2015-03-19 19:22:09','2015-03-19 19:22:09',1,1);
INSERT INTO "images" VALUES(8,8,'App\Maker','makers/8/201503190703030909-HNoytGnRz3iWRk1caK8f.gif','image/gif','orbiagro.com.ve subastas compra y venta: air-montero-srl','2015-03-19 19:22:09','2015-03-19 19:22:09',1,1);
INSERT INTO "images" VALUES(9,9,'App\Maker','makers/9/201503190703030909-WGdBHhHyhGBJns81gCXt.gif','image/gif','orbiagro.com.ve subastas compra y venta: asociacion-montenegro-porras','2015-03-19 19:22:09','2015-03-19 19:22:09',1,1);
INSERT INTO "images" VALUES(10,10,'App\Maker','makers/10/201503190703030909-zWua0pQo7ATLCPGsJxts.gif','image/gif','orbiagro.com.ve subastas compra y venta: campos-ulibarri-y-asoc','2015-03-19 19:22:09','2015-03-19 19:22:09',1,1);
INSERT INTO "images" VALUES(11,11,'App\Maker','makers/11/201503190703030909-orX24NF1TWNA7l280bNF.gif','image/gif','orbiagro.com.ve subastas compra y venta: mateo-y-esparza','2015-03-19 19:22:09','2015-03-19 19:22:09',1,1);
INSERT INTO "images" VALUES(12,12,'App\Maker','makers/12/201503190703030909-kcMxqfO2yxHyZHWUaIi9.gif','image/gif','orbiagro.com.ve subastas compra y venta: munoz-espinal-y-granado-e-hijos','2015-03-19 19:22:09','2015-03-19 19:22:09',1,1);
INSERT INTO "images" VALUES(13,13,'App\Maker','makers/13/201503190703030909-wIyN1Y92vaOYWT4aUMOk.gif','image/gif','orbiagro.com.ve subastas compra y venta: posada-rios-y-flia','2015-03-19 19:22:09','2015-03-19 19:22:09',1,1);
INSERT INTO "images" VALUES(14,14,'App\Maker','makers/14/201503190703030909-Tq3YRBmcMPz1TITmfbZH.gif','image/gif','orbiagro.com.ve subastas compra y venta: air-pizarro-ortiz','2015-03-19 19:22:09','2015-03-19 19:22:09',1,1);
INSERT INTO "images" VALUES(15,1,'App\Feature','products/1/201503190703031010-Hv3LmNsNENwulOV26V7q.gif','image/gif','orbiagro.com.ve subastas compra y venta: tester','2015-03-19 19:22:10','2015-03-19 19:22:10',1,1);
INSERT INTO "images" VALUES(16,2,'App\Feature','products/1/201503190703031010-0PNSYYmWhNHuJxJeBKos.gif','image/gif','orbiagro.com.ve subastas compra y venta: tester','2015-03-19 19:22:10','2015-03-19 19:22:10',1,1);
INSERT INTO "images" VALUES(17,3,'App\Feature','products/1/201503190703031010-xJFJHl2uKE7XuqzaFjoC.gif','image/gif','orbiagro.com.ve subastas compra y venta: tester','2015-03-19 19:22:10','2015-03-19 19:22:10',1,1);
INSERT INTO "images" VALUES(18,4,'App\Feature','products/1/201503190703031010-qPrmYQzErgZMQXY8ISKt.gif','image/gif','orbiagro.com.ve subastas compra y venta: tester','2015-03-19 19:22:10','2015-03-19 19:22:10',1,1);
INSERT INTO "images" VALUES(19,5,'App\Feature','products/1/201503190703031010-JDmxTo7pmgA0S2ZdjPvK.gif','image/gif','orbiagro.com.ve subastas compra y venta: tester','2015-03-19 19:22:10','2015-03-19 19:22:10',1,1);
INSERT INTO "images" VALUES(20,6,'App\Feature','products/2/201503190703031010-TXUjsDH6h5h8biSE7cYU.gif','image/gif','orbiagro.com.ve subastas compra y venta: tester','2015-03-19 19:22:10','2015-03-19 19:22:10',1,1);
INSERT INTO "images" VALUES(21,7,'App\Feature','products/2/201503190703031010-QoV5R0mxrGH6fFVYsb7K.gif','image/gif','orbiagro.com.ve subastas compra y venta: tester','2015-03-19 19:22:10','2015-03-19 19:22:10',1,1);
INSERT INTO "images" VALUES(22,8,'App\Feature','products/2/201503190703031010-WCDkubwdSjSaxq7dhnTj.gif','image/gif','orbiagro.com.ve subastas compra y venta: tester','2015-03-19 19:22:10','2015-03-19 19:22:10',1,1);
INSERT INTO "images" VALUES(23,9,'App\Feature','products/2/201503190703031010-Qfj2H4Bc0jAcNIkR2E6t.gif','image/gif','orbiagro.com.ve subastas compra y venta: tester','2015-03-19 19:22:10','2015-03-19 19:22:10',1,1);
INSERT INTO "images" VALUES(24,10,'App\Feature','products/2/201503190703031010-QxdS6jn2ctFmdZoimEdg.gif','image/gif','orbiagro.com.ve subastas compra y venta: tester','2015-03-19 19:22:10','2015-03-19 19:22:10',1,1);
INSERT INTO "images" VALUES(25,11,'App\Feature','products/3/201503190703031010-Nuh18xRF96SyQ9HVWtuT.gif','image/gif','orbiagro.com.ve subastas compra y venta: tester','2015-03-19 19:22:10','2015-03-19 19:22:10',1,1);
INSERT INTO "images" VALUES(26,12,'App\Feature','products/3/201503190703031010-NVwFS3ciLQf9qKzTK8sF.gif','image/gif','orbiagro.com.ve subastas compra y venta: tester','2015-03-19 19:22:10','2015-03-19 19:22:10',1,1);
INSERT INTO "images" VALUES(27,13,'App\Feature','products/3/201503190703031010-cYFlYSIJiw94NdecxBQt.gif','image/gif','orbiagro.com.ve subastas compra y venta: tester','2015-03-19 19:22:10','2015-03-19 19:22:10',1,1);
INSERT INTO "images" VALUES(28,14,'App\Feature','products/3/201503190703031010-IX5X8o77qyhM5aWSHcvS.gif','image/gif','orbiagro.com.ve subastas compra y venta: tester','2015-03-19 19:22:10','2015-03-19 19:22:10',1,1);
INSERT INTO "images" VALUES(29,15,'App\Feature','products/3/201503190703031010-Sln7G1FVfQk4Sa6MVySs.gif','image/gif','orbiagro.com.ve subastas compra y venta: tester','2015-03-19 19:22:10','2015-03-19 19:22:10',1,1);
INSERT INTO "images" VALUES(30,16,'App\Feature','products/4/201503190703031010-Dcp9IWYhIg9fnBVocxOb.gif','image/gif','orbiagro.com.ve subastas compra y venta: tester','2015-03-19 19:22:10','2015-03-19 19:22:10',1,1);
INSERT INTO "images" VALUES(31,17,'App\Feature','products/4/201503190703031010-AzTmmT5kIhCPwfDfEkcL.gif','image/gif','orbiagro.com.ve subastas compra y venta: tester','2015-03-19 19:22:10','2015-03-19 19:22:10',1,1);
INSERT INTO "images" VALUES(32,18,'App\Feature','products/4/201503190703031010-q7LLZNEwtKxdpR0pUhUK.gif','image/gif','orbiagro.com.ve subastas compra y venta: tester','2015-03-19 19:22:10','2015-03-19 19:22:10',1,1);
INSERT INTO "images" VALUES(33,19,'App\Feature','products/4/201503190703031111-3SwpIuZYFUalkZSFScGX.gif','image/gif','orbiagro.com.ve subastas compra y venta: tester','2015-03-19 19:22:11','2015-03-19 19:22:11',1,1);
INSERT INTO "images" VALUES(34,20,'App\Feature','products/4/201503190703031111-92HkwNyhyBtKwQh1cfhu.gif','image/gif','orbiagro.com.ve subastas compra y venta: tester','2015-03-19 19:22:11','2015-03-19 19:22:11',1,1);
INSERT INTO "images" VALUES(35,21,'App\Feature','products/5/201503190703031111-ws0pbPcL4dP5lpB5wFSn.gif','image/gif','orbiagro.com.ve subastas compra y venta: tester','2015-03-19 19:22:11','2015-03-19 19:22:11',1,1);
INSERT INTO "images" VALUES(36,22,'App\Feature','products/5/201503190703031111-ahUfU3j2RchwVLCl6P6n.gif','image/gif','orbiagro.com.ve subastas compra y venta: tester','2015-03-19 19:22:11','2015-03-19 19:22:11',1,1);
INSERT INTO "images" VALUES(37,23,'App\Feature','products/5/201503190703031111-1ABA3RBLHzeR2kwIu4Tz.gif','image/gif','orbiagro.com.ve subastas compra y venta: tester','2015-03-19 19:22:11','2015-03-19 19:22:11',1,1);
INSERT INTO "images" VALUES(38,24,'App\Feature','products/5/201503190703031111-OWjC3hzlhKayjkzYEzpA.gif','image/gif','orbiagro.com.ve subastas compra y venta: tester','2015-03-19 19:22:11','2015-03-19 19:22:11',1,1);
INSERT INTO "images" VALUES(39,25,'App\Feature','products/5/201503190703031111-WWfAk5lJlN1gtB0xC1MM.gif','image/gif','orbiagro.com.ve subastas compra y venta: tester','2015-03-19 19:22:11','2015-03-19 19:22:11',1,1);
INSERT INTO "images" VALUES(40,26,'App\Feature','products/6/201503190703031111-JQzJ9dXcBxyFUg8VtQI7.gif','image/gif','orbiagro.com.ve subastas compra y venta: tester','2015-03-19 19:22:11','2015-03-19 19:22:11',1,1);
INSERT INTO "images" VALUES(41,27,'App\Feature','products/6/201503190703031111-7MAOC3emw8RWC1Sv6KSM.gif','image/gif','orbiagro.com.ve subastas compra y venta: tester','2015-03-19 19:22:11','2015-03-19 19:22:11',1,1);
INSERT INTO "images" VALUES(42,28,'App\Feature','products/6/201503190703031111-WYntDsAQDVgRnBJwambP.gif','image/gif','orbiagro.com.ve subastas compra y venta: tester','2015-03-19 19:22:11','2015-03-19 19:22:11',1,1);
INSERT INTO "images" VALUES(43,29,'App\Feature','products/6/201503190703031111-4OOdVNsgE0v3pUnaUdus.gif','image/gif','orbiagro.com.ve subastas compra y venta: tester','2015-03-19 19:22:11','2015-03-19 19:22:11',1,1);
INSERT INTO "images" VALUES(44,30,'App\Feature','products/6/201503190703031111-W7pSSvLivBMj2zQuXtw4.gif','image/gif','orbiagro.com.ve subastas compra y venta: tester','2015-03-19 19:22:11','2015-03-19 19:22:11',1,1);
INSERT INTO "images" VALUES(45,31,'App\Feature','products/7/201503190703031111-cDeH5K0s488eStp3kXWH.gif','image/gif','orbiagro.com.ve subastas compra y venta: tester','2015-03-19 19:22:11','2015-03-19 19:22:11',1,1);
INSERT INTO "images" VALUES(46,32,'App\Feature','products/7/201503190703031111-rWTocrmLdZDiqbGydexC.gif','image/gif','orbiagro.com.ve subastas compra y venta: tester','2015-03-19 19:22:11','2015-03-19 19:22:11',1,1);
INSERT INTO "images" VALUES(47,33,'App\Feature','products/7/201503190703031111-Xa6uTIdfiU6TBJ8aYjQq.gif','image/gif','orbiagro.com.ve subastas compra y venta: tester','2015-03-19 19:22:11','2015-03-19 19:22:11',1,1);
INSERT INTO "images" VALUES(48,34,'App\Feature','products/7/201503190703031111-TZuZTIG1iDZuFJai9HrU.gif','image/gif','orbiagro.com.ve subastas compra y venta: tester','2015-03-19 19:22:11','2015-03-19 19:22:11',1,1);
INSERT INTO "images" VALUES(49,35,'App\Feature','products/7/201503190703031111-rm7Ba2uGk5WEVQvyLrfO.gif','image/gif','orbiagro.com.ve subastas compra y venta: tester','2015-03-19 19:22:11','2015-03-19 19:22:11',1,1);
INSERT INTO "images" VALUES(50,1,'App\Product','products/1/201503190703031212-2XM2x869vbhO5R266MSS.gif','image/gif','orbiagro.com.ve subastas compra y venta: voluptates-earum-laborum-accusantium-non-laborum-et','2015-03-19 19:22:12','2015-03-19 19:22:12',1,1);
INSERT INTO "images" VALUES(51,2,'App\Product','products/2/201503190703031212-Ua5UNZ1V33lhIzLDg6Tf.gif','image/gif','orbiagro.com.ve subastas compra y venta: error-assumenda-ipsa-consectetur-amet-odio-enim','2015-03-19 19:22:12','2015-03-19 19:22:12',1,1);
INSERT INTO "images" VALUES(52,3,'App\Product','products/3/201503190703031212-OoMF3s0Nq1EZKYRNRn1g.gif','image/gif','orbiagro.com.ve subastas compra y venta: ducimus-quae-occaecati-nostrum-animi','2015-03-19 19:22:12','2015-03-19 19:22:12',1,1);
INSERT INTO "images" VALUES(53,4,'App\Product','products/4/201503190703031212-jsbgaswUPEvOpP1cfzZy.gif','image/gif','orbiagro.com.ve subastas compra y venta: modi-sed-odit-est-aliquam','2015-03-19 19:22:12','2015-03-19 19:22:12',1,1);
INSERT INTO "images" VALUES(54,5,'App\Product','products/5/201503190703031212-ZpSkKIzViAhJ2LM0bNv4.gif','image/gif','orbiagro.com.ve subastas compra y venta: quod-tempora-cumque-vel-ullam-sit','2015-03-19 19:22:12','2015-03-19 19:22:12',1,1);
INSERT INTO "images" VALUES(55,6,'App\Product','products/6/201503190703031212-Kmq3KbqiuxLhNHde3Zbd.gif','image/gif','orbiagro.com.ve subastas compra y venta: qui-numquam-est-non','2015-03-19 19:22:12','2015-03-19 19:22:12',1,1);
INSERT INTO "images" VALUES(56,7,'App\Product','products/7/201503190703031212-Py6KmTjDpezbl9P9CAnq.gif','image/gif','orbiagro.com.ve subastas compra y venta: architecto-doloremque-minus-odit-tempora-et','2015-03-19 19:22:12','2015-03-19 19:22:12',1,1);
CREATE TABLE "characteristics" ("id" integer not null primary key autoincrement, "product_id" integer not null, "height" integer null, "width" integer null, "depth" integer null, "weight" integer null, "units" integer null, "created_at" datetime not null, "updated_at" datetime not null, "created_by" integer not null, "updated_by" integer not null, foreign key("product_id") references "products"("id"), foreign key("created_by") references "users"("id"), foreign key("updated_by") references "users"("id"));
INSERT INTO "characteristics" VALUES(1,1,1,1,1,1,1,'2015-03-19 19:22:11','2015-03-19 19:22:11',1,1);
INSERT INTO "characteristics" VALUES(2,2,1,1,1,1,1,'2015-03-19 19:22:11','2015-03-19 19:22:11',1,1);
INSERT INTO "characteristics" VALUES(3,3,1,1,1,1,1,'2015-03-19 19:22:11','2015-03-19 19:22:11',1,1);
INSERT INTO "characteristics" VALUES(4,4,1,1,1,1,1,'2015-03-19 19:22:11','2015-03-19 19:22:11',1,1);
INSERT INTO "characteristics" VALUES(5,5,1,1,1,1,1,'2015-03-19 19:22:11','2015-03-19 19:22:11',1,1);
INSERT INTO "characteristics" VALUES(6,6,1,1,1,1,1,'2015-03-19 19:22:11','2015-03-19 19:22:11',1,1);
INSERT INTO "characteristics" VALUES(7,7,1,1,1,1,1,'2015-03-19 19:22:11','2015-03-19 19:22:11',1,1);
CREATE TABLE "features" ("id" integer not null primary key autoincrement, "product_id" integer not null, "title" varchar not null, "description" varchar not null, "created_at" datetime not null, "updated_at" datetime not null, "created_by" integer not null, "updated_by" integer not null, foreign key("product_id") references "products"("id"), foreign key("created_by") references "users"("id"), foreign key("updated_by") references "users"("id"));
INSERT INTO "features" VALUES(1,1,'tester','tester','2015-03-19 19:22:10','2015-03-19 19:22:10',1,1);
INSERT INTO "features" VALUES(2,1,'tester','tester','2015-03-19 19:22:10','2015-03-19 19:22:10',1,1);
INSERT INTO "features" VALUES(3,1,'tester','tester','2015-03-19 19:22:10','2015-03-19 19:22:10',1,1);
INSERT INTO "features" VALUES(4,1,'tester','tester','2015-03-19 19:22:10','2015-03-19 19:22:10',1,1);
INSERT INTO "features" VALUES(5,1,'tester','tester','2015-03-19 19:22:10','2015-03-19 19:22:10',1,1);
INSERT INTO "features" VALUES(6,2,'tester','tester','2015-03-19 19:22:10','2015-03-19 19:22:10',1,1);
INSERT INTO "features" VALUES(7,2,'tester','tester','2015-03-19 19:22:10','2015-03-19 19:22:10',1,1);
INSERT INTO "features" VALUES(8,2,'tester','tester','2015-03-19 19:22:10','2015-03-19 19:22:10',1,1);
INSERT INTO "features" VALUES(9,2,'tester','tester','2015-03-19 19:22:10','2015-03-19 19:22:10',1,1);
INSERT INTO "features" VALUES(10,2,'tester','tester','2015-03-19 19:22:10','2015-03-19 19:22:10',1,1);
INSERT INTO "features" VALUES(11,3,'tester','tester','2015-03-19 19:22:10','2015-03-19 19:22:10',1,1);
INSERT INTO "features" VALUES(12,3,'tester','tester','2015-03-19 19:22:10','2015-03-19 19:22:10',1,1);
INSERT INTO "features" VALUES(13,3,'tester','tester','2015-03-19 19:22:10','2015-03-19 19:22:10',1,1);
INSERT INTO "features" VALUES(14,3,'tester','tester','2015-03-19 19:22:10','2015-03-19 19:22:10',1,1);
INSERT INTO "features" VALUES(15,3,'tester','tester','2015-03-19 19:22:10','2015-03-19 19:22:10',1,1);
INSERT INTO "features" VALUES(16,4,'tester','tester','2015-03-19 19:22:10','2015-03-19 19:22:10',1,1);
INSERT INTO "features" VALUES(17,4,'tester','tester','2015-03-19 19:22:10','2015-03-19 19:22:10',1,1);
INSERT INTO "features" VALUES(18,4,'tester','tester','2015-03-19 19:22:10','2015-03-19 19:22:10',1,1);
INSERT INTO "features" VALUES(19,4,'tester','tester','2015-03-19 19:22:11','2015-03-19 19:22:11',1,1);
INSERT INTO "features" VALUES(20,4,'tester','tester','2015-03-19 19:22:11','2015-03-19 19:22:11',1,1);
INSERT INTO "features" VALUES(21,5,'tester','tester','2015-03-19 19:22:11','2015-03-19 19:22:11',1,1);
INSERT INTO "features" VALUES(22,5,'tester','tester','2015-03-19 19:22:11','2015-03-19 19:22:11',1,1);
INSERT INTO "features" VALUES(23,5,'tester','tester','2015-03-19 19:22:11','2015-03-19 19:22:11',1,1);
INSERT INTO "features" VALUES(24,5,'tester','tester','2015-03-19 19:22:11','2015-03-19 19:22:11',1,1);
INSERT INTO "features" VALUES(25,5,'tester','tester','2015-03-19 19:22:11','2015-03-19 19:22:11',1,1);
INSERT INTO "features" VALUES(26,6,'tester','tester','2015-03-19 19:22:11','2015-03-19 19:22:11',1,1);
INSERT INTO "features" VALUES(27,6,'tester','tester','2015-03-19 19:22:11','2015-03-19 19:22:11',1,1);
INSERT INTO "features" VALUES(28,6,'tester','tester','2015-03-19 19:22:11','2015-03-19 19:22:11',1,1);
INSERT INTO "features" VALUES(29,6,'tester','tester','2015-03-19 19:22:11','2015-03-19 19:22:11',1,1);
INSERT INTO "features" VALUES(30,6,'tester','tester','2015-03-19 19:22:11','2015-03-19 19:22:11',1,1);
INSERT INTO "features" VALUES(31,7,'tester','tester','2015-03-19 19:22:11','2015-03-19 19:22:11',1,1);
INSERT INTO "features" VALUES(32,7,'tester','tester','2015-03-19 19:22:11','2015-03-19 19:22:11',1,1);
INSERT INTO "features" VALUES(33,7,'tester','tester','2015-03-19 19:22:11','2015-03-19 19:22:11',1,1);
INSERT INTO "features" VALUES(34,7,'tester','tester','2015-03-19 19:22:11','2015-03-19 19:22:11',1,1);
INSERT INTO "features" VALUES(35,7,'tester','tester','2015-03-19 19:22:11','2015-03-19 19:22:11',1,1);
CREATE TABLE "mechanical_infos" ("id" integer not null primary key autoincrement, "product_id" integer not null, "motor" varchar null, "motor_serial" varchar null, "model" varchar null, "cylinders" integer null, "horsepower" integer null, "mileage" integer null, "traction" integer null, "lift" integer null, "created_at" datetime not null, "updated_at" datetime not null, "created_by" integer not null, "updated_by" integer not null, foreign key("product_id") references "products"("id"), foreign key("created_by") references "users"("id"), foreign key("updated_by") references "users"("id"));
INSERT INTO "mechanical_infos" VALUES(1,1,'1','1','1',1,1,1,1,1,'2015-03-19 19:22:12','2015-03-19 19:22:12',1,1);
INSERT INTO "mechanical_infos" VALUES(2,2,'1','1','1',1,1,1,1,1,'2015-03-19 19:22:12','2015-03-19 19:22:12',1,1);
INSERT INTO "mechanical_infos" VALUES(3,3,'1','1','1',1,1,1,1,1,'2015-03-19 19:22:12','2015-03-19 19:22:12',1,1);
INSERT INTO "mechanical_infos" VALUES(4,4,'1','1','1',1,1,1,1,1,'2015-03-19 19:22:12','2015-03-19 19:22:12',1,1);
INSERT INTO "mechanical_infos" VALUES(5,5,'1','1','1',1,1,1,1,1,'2015-03-19 19:22:12','2015-03-19 19:22:12',1,1);
INSERT INTO "mechanical_infos" VALUES(6,6,'1','1','1',1,1,1,1,1,'2015-03-19 19:22:12','2015-03-19 19:22:12',1,1);
INSERT INTO "mechanical_infos" VALUES(7,7,'1','1','1',1,1,1,1,1,'2015-03-19 19:22:12','2015-03-19 19:22:12',1,1);
CREATE TABLE "nutritionals" ("id" integer not null primary key autoincrement, "product_id" integer not null, "due" date null, "created_at" datetime not null, "updated_at" datetime not null, "created_by" integer not null, "updated_by" integer not null, foreign key("product_id") references "products"("id"), foreign key("created_by") references "users"("id"), foreign key("updated_by") references "users"("id"));
INSERT INTO "nutritionals" VALUES(1,1,'1999-09-09','2015-03-19 19:22:11','2015-03-19 19:22:11',1,1);
INSERT INTO "nutritionals" VALUES(2,2,'1999-09-09','2015-03-19 19:22:12','2015-03-19 19:22:12',1,1);
INSERT INTO "nutritionals" VALUES(3,3,'1999-09-09','2015-03-19 19:22:12','2015-03-19 19:22:12',1,1);
INSERT INTO "nutritionals" VALUES(4,4,'1999-09-09','2015-03-19 19:22:12','2015-03-19 19:22:12',1,1);
INSERT INTO "nutritionals" VALUES(5,5,'1999-09-09','2015-03-19 19:22:12','2015-03-19 19:22:12',1,1);
INSERT INTO "nutritionals" VALUES(6,6,'1999-09-09','2015-03-19 19:22:12','2015-03-19 19:22:12',1,1);
INSERT INTO "nutritionals" VALUES(7,7,'1999-09-09','2015-03-19 19:22:12','2015-03-19 19:22:12',1,1);
CREATE TABLE "visits" ("id" integer not null primary key autoincrement, "user_id" integer not null, "visitable_id" integer not null, "visitable_type" varchar not null, "total" integer not null, "created_at" datetime not null, "updated_at" datetime not null, foreign key("user_id") references "users"("id") on delete cascade);
INSERT INTO "visits" VALUES(1,1,1,'App\Product',1,'2015-03-19 19:22:12','2015-03-19 19:22:12');
CREATE TABLE "banks" ("id" integer not null primary key autoincrement, "description" varchar not null, "created_at" datetime not null, "updated_at" datetime not null);
INSERT INTO "banks" VALUES(1,'Sin Banco Asociado','2015-03-19 19:22:12','2015-03-19 19:22:12');
INSERT INTO "banks" VALUES(2,'Banco Laboy y Aguayo y Asoc.','2015-03-19 19:22:12','2015-03-19 19:22:12');
INSERT INTO "banks" VALUES(3,'Banco Toro-Carbonell','2015-03-19 19:22:12','2015-03-19 19:22:12');
INSERT INTO "banks" VALUES(4,'Banco Viajes Carranza-Gimeno','2015-03-19 19:22:12','2015-03-19 19:22:12');
INSERT INTO "banks" VALUES(5,'Banco Air Cortes','2015-03-19 19:22:12','2015-03-19 19:22:12');
INSERT INTO "banks" VALUES(6,'Banco Nava y Pascual','2015-03-19 19:22:12','2015-03-19 19:22:12');
INSERT INTO "banks" VALUES(7,'Banco Grupo Melgar','2015-03-19 19:22:12','2015-03-19 19:22:12');
INSERT INTO "banks" VALUES(8,'Banco Luque y Quiroz e Hijo','2015-03-19 19:22:12','2015-03-19 19:22:12');
INSERT INTO "banks" VALUES(9,'Banco Escobedo-Carbajal e Hijos','2015-03-19 19:22:12','2015-03-19 19:22:12');
INSERT INTO "banks" VALUES(10,'Banco Serrano y Abad','2015-03-19 19:22:12','2015-03-19 19:22:12');
INSERT INTO "banks" VALUES(11,'Banco Corporación Arias y Flia.','2015-03-19 19:22:12','2015-03-19 19:22:12');
CREATE TABLE "card_types" ("id" integer not null primary key autoincrement, "description" varchar not null, "created_at" datetime not null, "updated_at" datetime not null);
INSERT INTO "card_types" VALUES(1,'Visa','2015-03-19 19:22:12','2015-03-19 19:22:12');
INSERT INTO "card_types" VALUES(2,'MasterCard','2015-03-19 19:22:12','2015-03-19 19:22:12');
INSERT INTO "card_types" VALUES(3,'American Express','2015-03-19 19:22:12','2015-03-19 19:22:12');
INSERT INTO "card_types" VALUES(4,'Discover Card','2015-03-19 19:22:12','2015-03-19 19:22:12');
INSERT INTO "card_types" VALUES(5,'Debito','2015-03-19 19:22:12','2015-03-19 19:22:12');
CREATE TABLE "billings" ("id" integer not null primary key autoincrement, "user_id" integer not null, "bank_id" integer null, "card_type_id" integer null, "card_number" varchar null, "bank_account" varchar null, "expiration" varchar null, "comments" varchar null, "created_at" datetime not null, "updated_at" datetime not null, "created_by" integer not null, "updated_by" integer not null, foreign key("user_id") references "users"("id") on delete cascade, foreign key("bank_id") references "banks"("id"), foreign key("card_type_id") references "card_types"("id"), foreign key("created_by") references "users"("id"), foreign key("updated_by") references "users"("id"));
INSERT INTO "billings" VALUES(1,1,1,2,'348390404679085','ES6156819278913508098440','10/15','Ea ab eos totam est qui ut deserunt. Quo minima consequuntur enim suscipit quidem. Qui qui quisquam nihil sit fuga.','2015-03-19 19:22:12','2015-03-19 19:22:12',1,1);
CREATE TABLE "maker_sub_category" ("maker_id" integer not null, "sub_category_id" integer not null, foreign key("maker_id") references "makers"("id"), foreign key("sub_category_id") references "sub_categories"("id"));
INSERT INTO "maker_sub_category" VALUES(1,1);
INSERT INTO "maker_sub_category" VALUES(2,1);
INSERT INTO "maker_sub_category" VALUES(3,2);
INSERT INTO "maker_sub_category" VALUES(4,2);
INSERT INTO "maker_sub_category" VALUES(5,3);
INSERT INTO "maker_sub_category" VALUES(6,3);
INSERT INTO "maker_sub_category" VALUES(7,4);
INSERT INTO "maker_sub_category" VALUES(8,4);
INSERT INTO "maker_sub_category" VALUES(9,5);
INSERT INTO "maker_sub_category" VALUES(10,5);
INSERT INTO "maker_sub_category" VALUES(11,6);
INSERT INTO "maker_sub_category" VALUES(12,6);
INSERT INTO "maker_sub_category" VALUES(13,7);
INSERT INTO "maker_sub_category" VALUES(14,7);
CREATE TABLE "product_sub_category" ("product_id" integer not null, "sub_category_id" integer not null, foreign key("product_id") references "products"("id"), foreign key("sub_category_id") references "sub_categories"("id"));
INSERT INTO "product_sub_category" VALUES(1,1);
INSERT INTO "product_sub_category" VALUES(2,2);
INSERT INTO "product_sub_category" VALUES(3,3);
INSERT INTO "product_sub_category" VALUES(4,4);
INSERT INTO "product_sub_category" VALUES(5,5);
INSERT INTO "product_sub_category" VALUES(6,6);
INSERT INTO "product_sub_category" VALUES(7,7);
CREATE TABLE "product_user" ("product_id" integer not null, "user_id" integer not null, "quantity" integer not null, "created_at" datetime not null, "updated_at" datetime not null, foreign key("product_id") references "products"("id") on delete cascade, foreign key("user_id") references "users"("id") on delete cascade);
INSERT INTO "product_user" VALUES(1,1,3,'2015-03-19 19:22:12','2015-03-19 19:22:12');
INSERT INTO "product_user" VALUES(2,1,2,'2015-03-19 19:22:12','2015-03-19 19:22:12');
INSERT INTO "product_user" VALUES(3,1,2,'2015-03-19 19:22:12','2015-03-19 19:22:12');
INSERT INTO "product_user" VALUES(4,1,4,'2015-03-19 19:22:12','2015-03-19 19:22:12');
INSERT INTO "product_user" VALUES(5,1,5,'2015-03-19 19:22:12','2015-03-19 19:22:12');
INSERT INTO "product_user" VALUES(6,1,5,'2015-03-19 19:22:12','2015-03-19 19:22:12');
INSERT INTO "product_user" VALUES(7,1,1,'2015-03-19 19:22:12','2015-03-19 19:22:12');
DELETE FROM sqlite_sequence;
INSERT INTO "sqlite_sequence" VALUES('profiles',3);
INSERT INTO "sqlite_sequence" VALUES('genders',2);
INSERT INTO "sqlite_sequence" VALUES('nationalities',2);
INSERT INTO "sqlite_sequence" VALUES('states',1);
INSERT INTO "sqlite_sequence" VALUES('towns',1);
INSERT INTO "sqlite_sequence" VALUES('parishes',1);
INSERT INTO "sqlite_sequence" VALUES('users',1);
INSERT INTO "sqlite_sequence" VALUES('people',1);
INSERT INTO "sqlite_sequence" VALUES('directions',8);
INSERT INTO "sqlite_sequence" VALUES('categories',2);
INSERT INTO "sqlite_sequence" VALUES('sub_categories',7);
INSERT INTO "sqlite_sequence" VALUES('makers',14);
INSERT INTO "sqlite_sequence" VALUES('images',56);
INSERT INTO "sqlite_sequence" VALUES('products',7);
INSERT INTO "sqlite_sequence" VALUES('features',35);
INSERT INTO "sqlite_sequence" VALUES('files',42);
INSERT INTO "sqlite_sequence" VALUES('characteristics',7);
INSERT INTO "sqlite_sequence" VALUES('nutritionals',7);
INSERT INTO "sqlite_sequence" VALUES('mechanical_infos',7);
INSERT INTO "sqlite_sequence" VALUES('banks',11);
INSERT INTO "sqlite_sequence" VALUES('card_types',5);
INSERT INTO "sqlite_sequence" VALUES('billings',1);
INSERT INTO "sqlite_sequence" VALUES('visits',1);
INSERT INTO "sqlite_sequence" VALUES('promotions',1);
CREATE UNIQUE INDEX users_email_unique on "users" ("email");
CREATE INDEX password_resets_email_index on "password_resets" ("email");
CREATE INDEX password_resets_token_index on "password_resets" ("token");
CREATE INDEX product_user_product_id_index on "product_user" ("product_id");
CREATE INDEX product_user_user_id_index on "product_user" ("user_id");
COMMIT;
