PRAGMA foreign_keys=OFF;
BEGIN TRANSACTION;
CREATE TABLE "migrations" ("migration" varchar not null, "batch" integer not null);
INSERT INTO "migrations" VALUES('2014_10_12_000000_create_users_table',1);
INSERT INTO "migrations" VALUES('2014_10_12_100000_create_password_resets_table',1);
INSERT INTO "migrations" VALUES('2015_03_10_140153_create_genders_table',1);
INSERT INTO "migrations" VALUES('2015_03_10_142938_create_states_table',1);
INSERT INTO "migrations" VALUES('2015_03_10_154237_create_towns_table',1);
INSERT INTO "migrations" VALUES('2015_03_10_154410_create_parishes_table',1);
INSERT INTO "migrations" VALUES('2015_03_10_154455_create_directions_table',1);
INSERT INTO "migrations" VALUES('2015_03_10_154557_create_profiles_table',1);
INSERT INTO "migrations" VALUES('2015_03_10_173459_create_nationalities_table',1);
INSERT INTO "migrations" VALUES('2015_03_10_173503_create_people_table',1);
INSERT INTO "migrations" VALUES('2015_03_13_193841_create_makers_table',1);
INSERT INTO "migrations" VALUES('2015_03_13_194526_create_categories_table',1);
INSERT INTO "migrations" VALUES('2015_03_13_195124_create_sub_categories_table',1);
INSERT INTO "migrations" VALUES('2015_03_13_202223_create_products_table',1);
INSERT INTO "migrations" VALUES('2015_03_13_205446_create_promotions_table',1);
INSERT INTO "migrations" VALUES('2015_03_13_205519_create_product_promotion_table',1);
INSERT INTO "migrations" VALUES('2015_03_13_205737_create_files_table',1);
INSERT INTO "migrations" VALUES('2015_03_13_212413_create_images_table',1);
INSERT INTO "migrations" VALUES('2015_03_13_212630_create_characteristics_table',1);
INSERT INTO "migrations" VALUES('2015_03_13_214205_create_features_table',1);
INSERT INTO "migrations" VALUES('2015_03_13_214850_create_mechanical_infos_table',1);
INSERT INTO "migrations" VALUES('2015_03_13_215620_create_nutritionals_table',1);
INSERT INTO "migrations" VALUES('2015_03_13_220817_create_visits_table',1);
INSERT INTO "migrations" VALUES('2015_03_13_221555_create_banks_table',1);
INSERT INTO "migrations" VALUES('2015_03_13_221616_create_card_types_table',1);
INSERT INTO "migrations" VALUES('2015_03_13_221820_create_billings_table',1);
INSERT INTO "migrations" VALUES('2015_03_13_234614_create_maker_sub_category',1);
INSERT INTO "migrations" VALUES('2015_03_17_200518_create_product_user_pivot_table',1);
INSERT INTO "migrations" VALUES('2015_04_28_121249_create_map_details_table',1);
CREATE TABLE "users" ("id" integer not null primary key autoincrement, "profile_id" integer not null, "name" varchar not null, "email" varchar not null, "password" varchar not null, "remember_token" varchar null, "created_at" datetime not null, "updated_at" datetime not null, "deleted_at" datetime null);
INSERT INTO "users" VALUES(1,1,'tester','tester@tester.com','$2y$10$ProbgoUQa5fuNvdDYIaakO7/R8x7pDVqlb10p6or7QeKdZ92hqfZ6',NULL,'current_timestampt','current_timestampt',NULL);
CREATE TABLE "password_resets" ("email" varchar not null, "token" varchar not null, "created_at" datetime not null);
CREATE TABLE "genders" ("id" integer not null primary key autoincrement, "description" varchar not null, "created_at" datetime not null, "updated_at" datetime not null);
INSERT INTO "genders" VALUES(1,'Masculino','2015-04-29 12:13:20','2015-04-29 12:13:20');
INSERT INTO "genders" VALUES(2,'Femenino','2015-04-29 12:13:20','2015-04-29 12:13:20');
CREATE TABLE "states" ("id" integer not null primary key autoincrement, "description" varchar not null, "created_at" datetime not null, "updated_at" datetime not null);
INSERT INTO "states" VALUES(1,'Distrito Capital','2015-04-29 16:43:20','2015-04-29 16:43:20');
CREATE TABLE "towns" ("id" integer not null primary key autoincrement, "state_id" integer not null, "description" varchar not null, "created_at" datetime not null, "updated_at" datetime not null, foreign key("state_id") references "states"("id"));
INSERT INTO "towns" VALUES(1,1,'Libertador','2015-04-29 16:43:20','2015-04-29 16:43:20');
CREATE TABLE "parishes" ("id" integer not null primary key autoincrement, "town_id" integer not null, "description" varchar not null, "created_at" datetime not null, "updated_at" datetime not null, foreign key("town_id") references "towns"("id"));
INSERT INTO "parishes" VALUES(1,1,'Altagracia','2015-04-29 16:43:21','2015-04-29 16:43:21');
CREATE TABLE "directions" ("id" integer not null primary key autoincrement, "directionable_id" integer not null, "directionable_type" varchar not null, "parish_id" integer not null, "details" varchar null, "created_at" datetime not null, "updated_at" datetime not null, "created_by" integer not null, "updated_by" integer not null, "deleted_at" datetime null, foreign key("parish_id") references "parishes"("id"), foreign key("created_by") references "users"("id"), foreign key("updated_by") references "users"("id"));
INSERT INTO "directions" VALUES(1,1,'App\Person',1,'Calle del tester.','2015-04-29 12:13:21','2015-04-29 12:13:21',1,1,NULL);
INSERT INTO "directions" VALUES(2,1,'App\Product',1,'Plaça Jimena, 288, 3º F','2015-04-29 12:13:30','2015-04-29 12:13:30',1,1,NULL);
INSERT INTO "directions" VALUES(3,2,'App\Product',1,'Carrer Andres, 0, 00º 7º','2015-04-29 12:13:30','2015-04-29 12:13:30',1,1,NULL);
INSERT INTO "directions" VALUES(4,3,'App\Product',1,'Avinguda Gael, 82, 66º E','2015-04-29 12:13:31','2015-04-29 12:13:31',1,1,NULL);
INSERT INTO "directions" VALUES(5,4,'App\Product',1,'Plaça Clara, 0, 8º B','2015-04-29 12:13:31','2015-04-29 12:13:31',1,1,NULL);
INSERT INTO "directions" VALUES(6,5,'App\Product',1,'Plaza Eric, 7, 8º 7º','2015-04-29 12:13:31','2015-04-29 12:13:31',1,1,NULL);
INSERT INTO "directions" VALUES(7,6,'App\Product',1,'Avenida Vega, 61, 81º C','2015-04-29 12:13:32','2015-04-29 12:13:32',1,1,NULL);
INSERT INTO "directions" VALUES(8,7,'App\Product',1,'Avinguda David, 553, 56º D','2015-04-29 12:13:32','2015-04-29 12:13:32',1,1,NULL);
INSERT INTO "directions" VALUES(9,8,'App\Product',1,'Calle Benavídez, 832, 3º F','2015-04-29 12:13:32','2015-04-29 12:13:32',1,1,NULL);
CREATE TABLE "profiles" ("id" integer not null primary key autoincrement, "description" varchar not null, "created_at" datetime not null, "updated_at" datetime not null);
INSERT INTO "profiles" VALUES(1,'Administrador','2015-04-29 12:13:19','2015-04-29 12:13:19');
INSERT INTO "profiles" VALUES(2,'Usuario','2015-04-29 12:13:19','2015-04-29 12:13:19');
INSERT INTO "profiles" VALUES(3,'Desactivado','2015-04-29 12:13:20','2015-04-29 12:13:20');
CREATE TABLE "nationalities" ("id" integer not null primary key autoincrement, "description" varchar not null, "created_at" datetime not null, "updated_at" datetime not null);
INSERT INTO "nationalities" VALUES(1,'Venezolano','2015-04-29 12:13:20','2015-04-29 12:13:20');
INSERT INTO "nationalities" VALUES(2,'Extrangero','2015-04-29 12:13:20','2015-04-29 12:13:20');
CREATE TABLE "people" ("id" integer not null primary key autoincrement, "user_id" integer not null, "gender_id" integer not null, "nationality_id" integer not null, "first_name" varchar not null, "last_name" varchar null, "first_surname" varchar not null, "last_surname" varchar null, "identity_card" varchar not null, "phone" varchar null, "birth_date" date null, "created_at" datetime not null, "updated_at" datetime not null, foreign key("user_id") references "users"("id") on delete cascade, foreign key("gender_id") references "genders"("id"), foreign key("nationality_id") references "nationalities"("id"));
INSERT INTO "people" VALUES(1,1,1,1,'tester',NULL,'tester',NULL,'10000001','+58-(212)-111-2233','1999-09-09','current_timestampt','current_timestampt');
CREATE TABLE "makers" ("id" integer not null primary key autoincrement, "name" varchar not null, "slug" varchar not null, "domain" varchar null, "url" varchar null, "logo_path" varchar null, "logo_alt" varchar null, "created_at" datetime not null, "updated_at" datetime not null);
INSERT INTO "makers" VALUES(1,'Gamez, Quiroz y Valles e Hijos','gamez-quiroz-y-valles-e-hijos','matos.es','http://www.solizolmos.com/',NULL,NULL,'2015-04-29 12:13:23','2015-04-29 12:13:23');
INSERT INTO "makers" VALUES(2,'Ornelas de Henríquez','ornelas-de-henriquez','corporacion.es','http://www.carrasquilloamaya.com/et-et-est-iusto-nihil-nihil-dolor.html',NULL,NULL,'2015-04-29 12:13:23','2015-04-29 12:13:23');
INSERT INTO "makers" VALUES(3,'Vaca-Vélez','vaca-velez','gestora.es','https://lopez.es/harum-voluptates-culpa-voluptatibus-unde-eaque-laudantium-in.html',NULL,NULL,'2015-04-29 12:13:24','2015-04-29 12:13:24');
INSERT INTO "makers" VALUES(4,'Díaz, Palacios y Briones SRL','diaz-palacios-y-briones-srl','salazar.es','https://trujillo.com.es/officia-aut-animi-non-animi-quis.html',NULL,NULL,'2015-04-29 12:13:24','2015-04-29 12:13:24');
INSERT INTO "makers" VALUES(5,'Centro Castaño SRL','centro-castano-srl','varelapolo.com','http://www.guerra.com/',NULL,NULL,'2015-04-29 12:13:25','2015-04-29 12:13:25');
INSERT INTO "makers" VALUES(6,'Ramón de Rodríguez','ramon-de-rodriguez','corporacion.es','http://www.global.com/et-est-dolores-enim-quo-assumenda',NULL,NULL,'2015-04-29 12:13:25','2015-04-29 12:13:25');
INSERT INTO "makers" VALUES(7,'Centro Ortiz y Flia.','centro-ortiz-y-flia','riosgaray.com','http://www.sanchez.com/quod-aliquid-voluptatem-et-dignissimos',NULL,NULL,'2015-04-29 12:13:26','2015-04-29 12:13:26');
INSERT INTO "makers" VALUES(8,'Calderón de Sancho SRL','calderon-de-sancho-srl','noriegarosales.es','http://www.grupo.org/incidunt-omnis-nam-sunt-sunt-excepturi-culpa',NULL,NULL,'2015-04-29 12:13:26','2015-04-29 12:13:26');
INSERT INTO "makers" VALUES(9,'Quesada y Nava','quesada-y-nava','puentesoriano.com','http://www.centro.es/quo-nemo-aut-quia-aperiam-omnis.html',NULL,NULL,'2015-04-29 12:13:27','2015-04-29 12:13:27');
INSERT INTO "makers" VALUES(10,'Empresa Barajas-Tamez','empresa-barajas-tamez','hurtado.es','http://flores.com/est-adipisci-officia-dolor-ipsum-ea-enim',NULL,NULL,'2015-04-29 12:13:27','2015-04-29 12:13:27');
INSERT INTO "makers" VALUES(11,'Air Barajas','air-barajas','pons.es','http://www.menchacasilva.com/repellendus-optio-perferendis-quia-optio.html',NULL,NULL,'2015-04-29 12:13:28','2015-04-29 12:13:28');
INSERT INTO "makers" VALUES(12,'Carrasquillo-Molina SRL','carrasquillo-molina-srl','granados.com','https://www.arteaga.org/sed-mollitia-quam-quo-architecto',NULL,NULL,'2015-04-29 12:13:28','2015-04-29 12:13:28');
INSERT INTO "makers" VALUES(13,'Rael de Alejandro SRL','rael-de-alejandro-srl','carbonell.com.es','https://www.blancoaguilar.es/voluptatum-hic-possimus-sed-a-unde-veritatis',NULL,NULL,'2015-04-29 12:13:29','2015-04-29 12:13:29');
INSERT INTO "makers" VALUES(14,'Asociación Madera','asociacion-madera','espinosapagan.es','http://www.asociacion.es/provident-officia-consequuntur-blanditiis-ea-laudantium-repudiandae-sed',NULL,NULL,'2015-04-29 12:13:29','2015-04-29 12:13:29');
CREATE TABLE "categories" ("id" integer not null primary key autoincrement, "description" varchar not null, "slug" varchar not null, "created_at" datetime not null, "updated_at" datetime not null);
INSERT INTO "categories" VALUES(1,'Productos Agro-Industriales','productos-agro-industriales','2015-04-29 12:13:21','2015-04-29 12:13:21');
INSERT INTO "categories" VALUES(2,'Productos Alimenticios','productos-alimenticios','2015-04-29 12:13:22','2015-04-29 12:13:22');
CREATE TABLE "sub_categories" ("id" integer not null primary key autoincrement, "category_id" integer not null, "description" varchar not null, "slug" varchar not null, "created_at" datetime not null, "updated_at" datetime not null, foreign key("category_id") references "categories"("id") on delete cascade);
INSERT INTO "sub_categories" VALUES(1,1,'Maquinaria Pesada','maquinaria-pesada','2015-04-29 12:13:22','2015-04-29 12:13:22');
INSERT INTO "sub_categories" VALUES(2,1,'Tractores','tractores','2015-04-29 12:13:22','2015-04-29 12:13:22');
INSERT INTO "sub_categories" VALUES(3,1,'Maquinaria Ligera','maquinaria-ligera','2015-04-29 12:13:22','2015-04-29 12:13:22');
INSERT INTO "sub_categories" VALUES(4,2,'Chocolate','chocolate','2015-04-29 12:13:22','2015-04-29 12:13:22');
INSERT INTO "sub_categories" VALUES(5,2,'Arroz','arroz','2015-04-29 12:13:22','2015-04-29 12:13:22');
INSERT INTO "sub_categories" VALUES(6,2,'Avena','avena','2015-04-29 12:13:22','2015-04-29 12:13:22');
INSERT INTO "sub_categories" VALUES(7,2,'Soya','soya','2015-04-29 12:13:23','2015-04-29 12:13:23');
CREATE TABLE "products" ("id" integer not null primary key autoincrement, "user_id" integer not null, "maker_id" integer not null, "sub_category_id" integer not null, "title" varchar not null, "description" text not null, "price" float not null, "quantity" integer not null, "slug" varchar not null, "created_at" datetime not null, "updated_at" datetime not null, "created_by" integer not null, "updated_by" integer not null, "deleted_at" datetime null, foreign key("user_id") references "users"("id") on delete cascade, foreign key("maker_id") references "makers"("id"), foreign key("sub_category_id") references "sub_categories"("id"), foreign key("created_by") references "users"("id"), foreign key("updated_by") references "users"("id"));
INSERT INTO "products" VALUES(1,1,4,1,'Ea nostrum et accusantium.','Labore perferendis voluptatum eum molestias natus. Aut dolore provident qui beatae laudantium rerum aut illo. Eos enim vitae assumenda.',8114484374.81,11,'ea-nostrum-et-accusantium','2015-04-29 12:13:30','2015-04-29 12:13:30',1,1,NULL);
INSERT INTO "products" VALUES(2,1,11,2,'Quo culpa unde nihil omnis.','Deleniti tempora in autem temporibus quia enim. Quo aut a sed. Ab veritatis libero ipsa aut quo porro possimus. Natus repellendus aut explicabo rerum.',8165585531.76,17,'quo-culpa-unde-nihil-omnis','2015-04-29 12:13:30','2015-04-29 12:13:30',1,1,NULL);
INSERT INTO "products" VALUES(3,1,7,3,'Sit sed quaerat minus voluptate fuga.','Nihil explicabo nihil aliquid quia sit deserunt. Blanditiis modi omnis ut aliquid mollitia ut consequuntur. Nam recusandae quo et incidunt commodi nisi. Velit odio nobis modi illum in et dolorum.',7412330490.25,6,'sit-sed-quaerat-minus-voluptate-fuga','2015-04-29 12:13:31','2015-04-29 12:13:31',1,1,NULL);
INSERT INTO "products" VALUES(4,1,2,4,'Ad quis qui ex voluptatem.','Amet sit beatae quas sunt. Placeat modi fugiat placeat in atque magni ea est. Maxime ipsum pariatur saepe rerum inventore.',5415957780.88,4,'ad-quis-qui-ex-voluptatem','2015-04-29 12:13:31','2015-04-29 12:13:31',1,1,NULL);
INSERT INTO "products" VALUES(5,1,6,5,'Voluptate hic eligendi ut sed nihil deleniti.','In ullam quae numquam. Sed et iusto provident et consectetur itaque.
Et quia neque consequatur nostrum et. Ipsa qui excepturi non minus nisi. Saepe quia soluta aliquid eum.',8267415912.68,1,'voluptate-hic-eligendi-ut-sed-nihil-deleniti','2015-04-29 12:13:31','2015-04-29 12:13:31',1,1,NULL);
INSERT INTO "products" VALUES(6,1,7,6,'Quis quia omnis et et qui itaque.','Autem dolorem est quibusdam non modi sit deserunt. Cum vero et voluptas molestiae similique. Et maiores blanditiis possimus repudiandae.',503924789.06,10,'quis-quia-omnis-et-et-qui-itaque','2015-04-29 12:13:32','2015-04-29 12:13:32',1,1,NULL);
INSERT INTO "products" VALUES(7,1,12,7,'Quia rerum blanditiis voluptatum deserunt.','Quibusdam sequi est accusamus dolorem minus illo inventore. Doloribus ut dicta laborum dignissimos dolores. Quo eos dolorum et qui. Et dolores repellat alias quos dignissimos.',8068124357.53,20,'quia-rerum-blanditiis-voluptatum-deserunt','2015-04-29 12:13:32','2015-04-29 12:13:32',1,1,NULL);
INSERT INTO "products" VALUES(8,1,1,1,'Explicabo sed eveniet omnis velit sit.','Perferendis hic ut nisi fugit. Quia quibusdam ipsa aut ipsa consectetur ut. Aut cum dolor voluptates et aliquid laudantium et optio. Quidem rerum ipsum labore esse dolores.',5650716273.97,12,'explicabo-sed-eveniet-omnis-velit-sit','2015-04-29 12:13:32','2015-04-29 12:13:32',1,1,NULL);
CREATE TABLE "promotions" ("id" integer not null primary key autoincrement, "title" varchar not null, "slug" varchar not null, "percentage" integer null, "static" integer null, "begins" date not null, "ends" date not null, "created_at" datetime not null, "updated_at" datetime not null);
INSERT INTO "promotions" VALUES(1,'Lleva 2, paga 3!','lleva-2-paga-3',10,100,'2011-04-29','2016-04-29','2015-04-29 12:14:01','2015-04-29 12:14:01');
CREATE TABLE "product_promotion" ("product_id" integer not null, "promotion_id" integer not null, foreign key("product_id") references "products"("id"), foreign key("promotion_id") references "promotions"("id"));
INSERT INTO "product_promotion" VALUES(1,1);
CREATE TABLE "files" ("id" integer not null primary key autoincrement, "fileable_id" integer not null, "fileable_type" varchar not null, "path" varchar not null, "mime" varchar not null, "created_at" datetime not null, "updated_at" datetime not null, "created_by" integer not null, "updated_by" integer not null, foreign key("created_by") references "users"("id"), foreign key("updated_by") references "users"("id"));
INSERT INTO "files" VALUES(1,1,'App\Feature','products/1/201504291204043333-Qoa2BC9qWgObJJGK3zKE.pdf','application/pdf','2015-04-29 12:13:33','2015-04-29 12:13:33',1,1);
INSERT INTO "files" VALUES(2,2,'App\Feature','products/1/201504291204043333-dTya6te2Eq61Ws8HvBjB.pdf','application/pdf','2015-04-29 12:13:33','2015-04-29 12:13:33',1,1);
INSERT INTO "files" VALUES(3,3,'App\Feature','products/1/201504291204043434-8K76YAEZlSSwxmPlTvzL.pdf','application/pdf','2015-04-29 12:13:34','2015-04-29 12:13:34',1,1);
INSERT INTO "files" VALUES(4,4,'App\Feature','products/1/201504291204043434-M2VqJL1wH3Z2FR5LfPzR.pdf','application/pdf','2015-04-29 12:13:34','2015-04-29 12:13:34',1,1);
INSERT INTO "files" VALUES(5,5,'App\Feature','products/1/201504291204043535-GMtNNtSPj5yCYf7gOqfN.pdf','application/pdf','2015-04-29 12:13:35','2015-04-29 12:13:35',1,1);
INSERT INTO "files" VALUES(6,6,'App\Feature','products/2/201504291204043535-KXkcOAxNfKb0FKMDgYEa.pdf','application/pdf','2015-04-29 12:13:35','2015-04-29 12:13:35',1,1);
INSERT INTO "files" VALUES(7,7,'App\Feature','products/2/201504291204043535-etDySuhZr4s0ixGIKC1l.pdf','application/pdf','2015-04-29 12:13:35','2015-04-29 12:13:35',1,1);
INSERT INTO "files" VALUES(8,8,'App\Feature','products/2/201504291204043636-zigOFfKGks1k8VitG5nU.pdf','application/pdf','2015-04-29 12:13:36','2015-04-29 12:13:36',1,1);
INSERT INTO "files" VALUES(9,9,'App\Feature','products/2/201504291204043636-tnTpOVsKSFU8RkGl1Lr4.pdf','application/pdf','2015-04-29 12:13:36','2015-04-29 12:13:36',1,1);
INSERT INTO "files" VALUES(10,10,'App\Feature','products/2/201504291204043737-qMbyUvqY8gdYFiPH9RHT.pdf','application/pdf','2015-04-29 12:13:37','2015-04-29 12:13:37',1,1);
INSERT INTO "files" VALUES(11,11,'App\Feature','products/3/201504291204043737-ruX2rcrF3HfLm1FlP6Js.pdf','application/pdf','2015-04-29 12:13:37','2015-04-29 12:13:37',1,1);
INSERT INTO "files" VALUES(12,12,'App\Feature','products/3/201504291204043838-hZxBMXS2i9kWlwBs16BF.pdf','application/pdf','2015-04-29 12:13:38','2015-04-29 12:13:38',1,1);
INSERT INTO "files" VALUES(13,13,'App\Feature','products/3/201504291204043838-KrbZf7OS8nGkFBclYq0a.pdf','application/pdf','2015-04-29 12:13:38','2015-04-29 12:13:38',1,1);
INSERT INTO "files" VALUES(14,14,'App\Feature','products/3/201504291204043939-6eAHA5cZwg9E9jeMVVlw.pdf','application/pdf','2015-04-29 12:13:39','2015-04-29 12:13:39',1,1);
INSERT INTO "files" VALUES(15,15,'App\Feature','products/3/201504291204043939-sIzAVU6KXP1QADLd3yZ4.pdf','application/pdf','2015-04-29 12:13:39','2015-04-29 12:13:39',1,1);
INSERT INTO "files" VALUES(16,16,'App\Feature','products/4/201504291204044040-XrVOotPKIGg8PmJOyFv9.pdf','application/pdf','2015-04-29 12:13:40','2015-04-29 12:13:40',1,1);
INSERT INTO "files" VALUES(17,17,'App\Feature','products/4/201504291204044040-vw0t5r5c5MjFfnTelLjP.pdf','application/pdf','2015-04-29 12:13:40','2015-04-29 12:13:40',1,1);
INSERT INTO "files" VALUES(18,18,'App\Feature','products/4/201504291204044141-vN1YmaR8RJzzoCnHjJrc.pdf','application/pdf','2015-04-29 12:13:41','2015-04-29 12:13:41',1,1);
INSERT INTO "files" VALUES(19,19,'App\Feature','products/4/201504291204044141-2osLUttq7JqxwEL5tZnK.pdf','application/pdf','2015-04-29 12:13:41','2015-04-29 12:13:41',1,1);
INSERT INTO "files" VALUES(20,20,'App\Feature','products/4/201504291204044242-96l7hK7cImEApEY0h3TN.pdf','application/pdf','2015-04-29 12:13:42','2015-04-29 12:13:42',1,1);
INSERT INTO "files" VALUES(21,21,'App\Feature','products/5/201504291204044242-bhlOCpA5uusCptVZkmK8.pdf','application/pdf','2015-04-29 12:13:42','2015-04-29 12:13:42',1,1);
INSERT INTO "files" VALUES(22,22,'App\Feature','products/5/201504291204044343-OZ2bomq8MZxVSQFPtha2.pdf','application/pdf','2015-04-29 12:13:43','2015-04-29 12:13:43',1,1);
INSERT INTO "files" VALUES(23,23,'App\Feature','products/5/201504291204044343-S9mpOdyQpaEFtp0mnaKT.pdf','application/pdf','2015-04-29 12:13:43','2015-04-29 12:13:43',1,1);
INSERT INTO "files" VALUES(24,24,'App\Feature','products/5/201504291204044444-BJ3g4MGlDvFB5yFZaTBN.pdf','application/pdf','2015-04-29 12:13:44','2015-04-29 12:13:44',1,1);
INSERT INTO "files" VALUES(25,25,'App\Feature','products/5/201504291204044444-d2SvrBznEAqURF28SvUy.pdf','application/pdf','2015-04-29 12:13:44','2015-04-29 12:13:44',1,1);
INSERT INTO "files" VALUES(26,26,'App\Feature','products/6/201504291204044545-zJJS9Q2zBbNrrTjvHNRA.pdf','application/pdf','2015-04-29 12:13:45','2015-04-29 12:13:45',1,1);
INSERT INTO "files" VALUES(27,27,'App\Feature','products/6/201504291204044545-3qolIcOpzVX9guSEM137.pdf','application/pdf','2015-04-29 12:13:45','2015-04-29 12:13:45',1,1);
INSERT INTO "files" VALUES(28,28,'App\Feature','products/6/201504291204044646-RVQhfrhHIdj6IhcpAF1x.pdf','application/pdf','2015-04-29 12:13:46','2015-04-29 12:13:46',1,1);
INSERT INTO "files" VALUES(29,29,'App\Feature','products/6/201504291204044646-fh2ZqaAqqfv2Mg85mY5j.pdf','application/pdf','2015-04-29 12:13:46','2015-04-29 12:13:46',1,1);
INSERT INTO "files" VALUES(30,30,'App\Feature','products/6/201504291204044646-xSyPMJUyYzwNWysxw64O.pdf','application/pdf','2015-04-29 12:13:46','2015-04-29 12:13:46',1,1);
INSERT INTO "files" VALUES(31,31,'App\Feature','products/7/201504291204044747-VRcLnbLwG9V2avm00uo8.pdf','application/pdf','2015-04-29 12:13:47','2015-04-29 12:13:47',1,1);
INSERT INTO "files" VALUES(32,32,'App\Feature','products/7/201504291204044747-CrU3HXDRWYazy7eQUmCf.pdf','application/pdf','2015-04-29 12:13:47','2015-04-29 12:13:47',1,1);
INSERT INTO "files" VALUES(33,33,'App\Feature','products/7/201504291204044848-DWzVHYw0DqJ1UJ8av2g4.pdf','application/pdf','2015-04-29 12:13:48','2015-04-29 12:13:48',1,1);
INSERT INTO "files" VALUES(34,34,'App\Feature','products/7/201504291204044949-pIYeYWHfHnMh4Th579hA.pdf','application/pdf','2015-04-29 12:13:49','2015-04-29 12:13:49',1,1);
INSERT INTO "files" VALUES(35,35,'App\Feature','products/7/201504291204044949-SiV4ylmz0Tn040ZtRvpq.pdf','application/pdf','2015-04-29 12:13:49','2015-04-29 12:13:49',1,1);
INSERT INTO "files" VALUES(36,36,'App\Feature','products/8/201504291204045050-vcGdZIqTlI4iep9xTWjC.pdf','application/pdf','2015-04-29 12:13:50','2015-04-29 12:13:50',1,1);
INSERT INTO "files" VALUES(37,37,'App\Feature','products/8/201504291204045050-YAO3RaiAsDF9SIyMWzRi.pdf','application/pdf','2015-04-29 12:13:50','2015-04-29 12:13:50',1,1);
INSERT INTO "files" VALUES(38,38,'App\Feature','products/8/201504291204045151-oJ56MTZb2bATDjBgaMJN.pdf','application/pdf','2015-04-29 12:13:51','2015-04-29 12:13:51',1,1);
INSERT INTO "files" VALUES(39,39,'App\Feature','products/8/201504291204045151-13KxxOjlBc2nKhJOHAvC.pdf','application/pdf','2015-04-29 12:13:51','2015-04-29 12:13:51',1,1);
INSERT INTO "files" VALUES(40,40,'App\Feature','products/8/201504291204045252-LMDjXA0ddPZupwb0vxBy.pdf','application/pdf','2015-04-29 12:13:52','2015-04-29 12:13:52',1,1);
INSERT INTO "files" VALUES(41,1,'App\Product','products/1/201504291204045959-csEFxDwVkOtDILIKTVzz.pdf','application/pdf','2015-04-29 12:13:59','2015-04-29 12:13:59',1,1);
INSERT INTO "files" VALUES(42,2,'App\Product','products/2/201504291204045959-Eh8ufWrux0s3A5Q1bIKl.pdf','application/pdf','2015-04-29 12:13:59','2015-04-29 12:13:59',1,1);
INSERT INTO "files" VALUES(43,3,'App\Product','products/3/201504291204040000-zd0zFkeMfmt7q0gsdIVq.pdf','application/pdf','2015-04-29 12:14:00','2015-04-29 12:14:00',1,1);
INSERT INTO "files" VALUES(44,4,'App\Product','products/4/201504291204040000-g7gxndwdfunY6gVlwKB9.pdf','application/pdf','2015-04-29 12:14:00','2015-04-29 12:14:00',1,1);
INSERT INTO "files" VALUES(45,5,'App\Product','products/5/201504291204040000-T3kStafxmg2mVkBVYs93.pdf','application/pdf','2015-04-29 12:14:00','2015-04-29 12:14:00',1,1);
INSERT INTO "files" VALUES(46,6,'App\Product','products/6/201504291204040101-KljAO8rlJ2MAA99MxOIk.pdf','application/pdf','2015-04-29 12:14:01','2015-04-29 12:14:01',1,1);
INSERT INTO "files" VALUES(47,7,'App\Product','products/7/201504291204040101-WNmm6zf3EbJwZb97v6hK.pdf','application/pdf','2015-04-29 12:14:01','2015-04-29 12:14:01',1,1);
INSERT INTO "files" VALUES(48,8,'App\Product','products/8/201504291204040101-Qj476xvcBLgI1WDCbOvd.pdf','application/pdf','2015-04-29 12:14:01','2015-04-29 12:14:01',1,1);
CREATE TABLE "images" ("id" integer not null primary key autoincrement, "imageable_id" integer not null, "imageable_type" varchar not null, "path" varchar not null, "mime" varchar not null, "alt" varchar not null, "created_at" datetime not null, "updated_at" datetime not null, "created_by" integer not null, "updated_by" integer not null, foreign key("created_by") references "users"("id"), foreign key("updated_by") references "users"("id"));
INSERT INTO "images" VALUES(1,1,'App\Maker','makers/1/201504291204042323-EjQnEYt1H5mzYbMlk2NV.gif','image/gif','orbiagro.com.ve subastas compra y venta: gamez-quiroz-y-valles-e-hijos','2015-04-29 12:13:23','2015-04-29 12:13:23',1,1);
INSERT INTO "images" VALUES(2,2,'App\Maker','makers/2/201504291204042424-jqfUmSnxJgYnfQm7cHqq.gif','image/gif','orbiagro.com.ve subastas compra y venta: ornelas-de-henriquez','2015-04-29 12:13:24','2015-04-29 12:13:24',1,1);
INSERT INTO "images" VALUES(3,3,'App\Maker','makers/3/201504291204042424-nZrDHW58kjahQD7xiyA0.gif','image/gif','orbiagro.com.ve subastas compra y venta: vaca-velez','2015-04-29 12:13:24','2015-04-29 12:13:24',1,1);
INSERT INTO "images" VALUES(4,4,'App\Maker','makers/4/201504291204042525-EzLUgW3chAQm3jqBsOga.gif','image/gif','orbiagro.com.ve subastas compra y venta: diaz-palacios-y-briones-srl','2015-04-29 12:13:25','2015-04-29 12:13:25',1,1);
INSERT INTO "images" VALUES(5,5,'App\Maker','makers/5/201504291204042525-XHz4Il7ijp28hwaHYcYO.gif','image/gif','orbiagro.com.ve subastas compra y venta: centro-castano-srl','2015-04-29 12:13:25','2015-04-29 12:13:25',1,1);
INSERT INTO "images" VALUES(6,6,'App\Maker','makers/6/201504291204042626-AWIRDJQTt1Yd6qZj9x0a.gif','image/gif','orbiagro.com.ve subastas compra y venta: ramon-de-rodriguez','2015-04-29 12:13:26','2015-04-29 12:13:26',1,1);
INSERT INTO "images" VALUES(7,7,'App\Maker','makers/7/201504291204042626-twvLC5r7c0BVOOVPvRaA.gif','image/gif','orbiagro.com.ve subastas compra y venta: centro-ortiz-y-flia','2015-04-29 12:13:26','2015-04-29 12:13:26',1,1);
INSERT INTO "images" VALUES(8,8,'App\Maker','makers/8/201504291204042727-qALTqaGT1tpeYvvuHXlo.gif','image/gif','orbiagro.com.ve subastas compra y venta: calderon-de-sancho-srl','2015-04-29 12:13:27','2015-04-29 12:13:27',1,1);
INSERT INTO "images" VALUES(9,9,'App\Maker','makers/9/201504291204042727-Ig2vavSEAV6uWcyYEGy2.gif','image/gif','orbiagro.com.ve subastas compra y venta: quesada-y-nava','2015-04-29 12:13:27','2015-04-29 12:13:27',1,1);
INSERT INTO "images" VALUES(10,10,'App\Maker','makers/10/201504291204042828-HmRH5gleVfPrjxMb6Oou.gif','image/gif','orbiagro.com.ve subastas compra y venta: empresa-barajas-tamez','2015-04-29 12:13:28','2015-04-29 12:13:28',1,1);
INSERT INTO "images" VALUES(11,11,'App\Maker','makers/11/201504291204042828-pfGzAA0jYti0xdrTKk5s.gif','image/gif','orbiagro.com.ve subastas compra y venta: air-barajas','2015-04-29 12:13:28','2015-04-29 12:13:28',1,1);
INSERT INTO "images" VALUES(12,12,'App\Maker','makers/12/201504291204042929-zavC4XBxaIXwLDAykG9r.gif','image/gif','orbiagro.com.ve subastas compra y venta: carrasquillo-molina-srl','2015-04-29 12:13:29','2015-04-29 12:13:29',1,1);
INSERT INTO "images" VALUES(13,13,'App\Maker','makers/13/201504291204042929-vyZNBbe8yb3kHBKzpA4u.gif','image/gif','orbiagro.com.ve subastas compra y venta: rael-de-alejandro-srl','2015-04-29 12:13:29','2015-04-29 12:13:29',1,1);
INSERT INTO "images" VALUES(14,14,'App\Maker','makers/14/201504291204043030-cXc6QJPNnVxtnucglca0.gif','image/gif','orbiagro.com.ve subastas compra y venta: asociacion-madera','2015-04-29 12:13:30','2015-04-29 12:13:30',1,1);
INSERT INTO "images" VALUES(15,1,'App\Feature','products/1/201504291204043333-17pg5eyQDhcjMNTASSA1.gif','image/gif','orbiagro.com.ve subastas compra y venta: tester','2015-04-29 12:13:33','2015-04-29 12:13:33',1,1);
INSERT INTO "images" VALUES(16,2,'App\Feature','products/1/201504291204043333-RUhEVgLoKxMz4PeQxyi8.gif','image/gif','orbiagro.com.ve subastas compra y venta: tester','2015-04-29 12:13:33','2015-04-29 12:13:33',1,1);
INSERT INTO "images" VALUES(17,3,'App\Feature','products/1/201504291204043434-zqBQx57S9blgeg9qo1eZ.gif','image/gif','orbiagro.com.ve subastas compra y venta: tester','2015-04-29 12:13:34','2015-04-29 12:13:34',1,1);
INSERT INTO "images" VALUES(18,4,'App\Feature','products/1/201504291204043434-tGOCxapygnHt9rqYGTMQ.gif','image/gif','orbiagro.com.ve subastas compra y venta: tester','2015-04-29 12:13:34','2015-04-29 12:13:34',1,1);
INSERT INTO "images" VALUES(19,5,'App\Feature','products/1/201504291204043434-X7Elb6Ia0xpXDl9hoegB.gif','image/gif','orbiagro.com.ve subastas compra y venta: tester','2015-04-29 12:13:34','2015-04-29 12:13:34',1,1);
INSERT INTO "images" VALUES(20,6,'App\Feature','products/2/201504291204043535-vBesNWEEcluO80ANeetK.gif','image/gif','orbiagro.com.ve subastas compra y venta: tester','2015-04-29 12:13:35','2015-04-29 12:13:35',1,1);
INSERT INTO "images" VALUES(21,7,'App\Feature','products/2/201504291204043535-xPkQiN69OvVKXkODpYyP.gif','image/gif','orbiagro.com.ve subastas compra y venta: tester','2015-04-29 12:13:35','2015-04-29 12:13:35',1,1);
INSERT INTO "images" VALUES(22,8,'App\Feature','products/2/201504291204043636-8QPojT24g2NyY9vBLcu0.gif','image/gif','orbiagro.com.ve subastas compra y venta: tester','2015-04-29 12:13:36','2015-04-29 12:13:36',1,1);
INSERT INTO "images" VALUES(23,9,'App\Feature','products/2/201504291204043636-sZ0hxQdKQKcY71M8iFP9.gif','image/gif','orbiagro.com.ve subastas compra y venta: tester','2015-04-29 12:13:36','2015-04-29 12:13:36',1,1);
INSERT INTO "images" VALUES(24,10,'App\Feature','products/2/201504291204043737-A74LJfF5EiUdeO3R0euU.gif','image/gif','orbiagro.com.ve subastas compra y venta: tester','2015-04-29 12:13:37','2015-04-29 12:13:37',1,1);
INSERT INTO "images" VALUES(25,11,'App\Feature','products/3/201504291204043737-nzAMn9EKrodwmX050htx.gif','image/gif','orbiagro.com.ve subastas compra y venta: tester','2015-04-29 12:13:37','2015-04-29 12:13:37',1,1);
INSERT INTO "images" VALUES(26,12,'App\Feature','products/3/201504291204043838-6t2yJqKh2ywxYNsADcU2.gif','image/gif','orbiagro.com.ve subastas compra y venta: tester','2015-04-29 12:13:38','2015-04-29 12:13:38',1,1);
INSERT INTO "images" VALUES(27,13,'App\Feature','products/3/201504291204043838-2SbE6uiHctFoVD4usOHW.gif','image/gif','orbiagro.com.ve subastas compra y venta: tester','2015-04-29 12:13:38','2015-04-29 12:13:38',1,1);
INSERT INTO "images" VALUES(28,14,'App\Feature','products/3/201504291204043939-9gwnR6dHUwypr9NUitb9.gif','image/gif','orbiagro.com.ve subastas compra y venta: tester','2015-04-29 12:13:39','2015-04-29 12:13:39',1,1);
INSERT INTO "images" VALUES(29,15,'App\Feature','products/3/201504291204043939-LcOok1L4KAR4S6OyMTcB.gif','image/gif','orbiagro.com.ve subastas compra y venta: tester','2015-04-29 12:13:39','2015-04-29 12:13:39',1,1);
INSERT INTO "images" VALUES(30,16,'App\Feature','products/4/201504291204044040-RYWD6qrvc2ex6lCH3vJu.gif','image/gif','orbiagro.com.ve subastas compra y venta: tester','2015-04-29 12:13:40','2015-04-29 12:13:40',1,1);
INSERT INTO "images" VALUES(31,17,'App\Feature','products/4/201504291204044040-RXbZdc790Yis8ta61AJD.gif','image/gif','orbiagro.com.ve subastas compra y venta: tester','2015-04-29 12:13:40','2015-04-29 12:13:40',1,1);
INSERT INTO "images" VALUES(32,18,'App\Feature','products/4/201504291204044141-BKHU9qusUSSmJN9UAzqZ.gif','image/gif','orbiagro.com.ve subastas compra y venta: tester','2015-04-29 12:13:41','2015-04-29 12:13:41',1,1);
INSERT INTO "images" VALUES(33,19,'App\Feature','products/4/201504291204044141-qnVOV1s9KPxQIjXVn2bG.gif','image/gif','orbiagro.com.ve subastas compra y venta: tester','2015-04-29 12:13:41','2015-04-29 12:13:41',1,1);
INSERT INTO "images" VALUES(34,20,'App\Feature','products/4/201504291204044141-1sUJ3aBfDjkaWDRCZDP7.gif','image/gif','orbiagro.com.ve subastas compra y venta: tester','2015-04-29 12:13:41','2015-04-29 12:13:41',1,1);
INSERT INTO "images" VALUES(35,21,'App\Feature','products/5/201504291204044242-MDrypLzHVHAMquH8GO9a.gif','image/gif','orbiagro.com.ve subastas compra y venta: tester','2015-04-29 12:13:42','2015-04-29 12:13:42',1,1);
INSERT INTO "images" VALUES(36,22,'App\Feature','products/5/201504291204044242-60j11Bge7En326TxES91.gif','image/gif','orbiagro.com.ve subastas compra y venta: tester','2015-04-29 12:13:42','2015-04-29 12:13:42',1,1);
INSERT INTO "images" VALUES(37,23,'App\Feature','products/5/201504291204044343-dYJ29X4us3buxmaQnr4A.gif','image/gif','orbiagro.com.ve subastas compra y venta: tester','2015-04-29 12:13:43','2015-04-29 12:13:43',1,1);
INSERT INTO "images" VALUES(38,24,'App\Feature','products/5/201504291204044343-jXkUacAYO7BOdAh9X0Eq.gif','image/gif','orbiagro.com.ve subastas compra y venta: tester','2015-04-29 12:13:43','2015-04-29 12:13:43',1,1);
INSERT INTO "images" VALUES(39,25,'App\Feature','products/5/201504291204044444-pPQ0ocDNhfHkawRD5lpK.gif','image/gif','orbiagro.com.ve subastas compra y venta: tester','2015-04-29 12:13:44','2015-04-29 12:13:44',1,1);
INSERT INTO "images" VALUES(40,26,'App\Feature','products/6/201504291204044444-9BKi3WeJjZP6cufWMsZm.gif','image/gif','orbiagro.com.ve subastas compra y venta: tester','2015-04-29 12:13:44','2015-04-29 12:13:44',1,1);
INSERT INTO "images" VALUES(41,27,'App\Feature','products/6/201504291204044545-bc7SzG4YJqM6g46fwoMH.gif','image/gif','orbiagro.com.ve subastas compra y venta: tester','2015-04-29 12:13:45','2015-04-29 12:13:45',1,1);
INSERT INTO "images" VALUES(42,28,'App\Feature','products/6/201504291204044545-Ni3c0Hg7BWhwbF4p9Soa.gif','image/gif','orbiagro.com.ve subastas compra y venta: tester','2015-04-29 12:13:45','2015-04-29 12:13:45',1,1);
INSERT INTO "images" VALUES(43,29,'App\Feature','products/6/201504291204044646-fE1UTVGIWqd5C2Fud3Gz.gif','image/gif','orbiagro.com.ve subastas compra y venta: tester','2015-04-29 12:13:46','2015-04-29 12:13:46',1,1);
INSERT INTO "images" VALUES(44,30,'App\Feature','products/6/201504291204044646-XfKuBXBdPzntlrC4TTVu.gif','image/gif','orbiagro.com.ve subastas compra y venta: tester','2015-04-29 12:13:46','2015-04-29 12:13:46',1,1);
INSERT INTO "images" VALUES(45,31,'App\Feature','products/7/201504291204044747-zK5Iqxao3bCfyESijh3q.gif','image/gif','orbiagro.com.ve subastas compra y venta: tester','2015-04-29 12:13:47','2015-04-29 12:13:47',1,1);
INSERT INTO "images" VALUES(46,32,'App\Feature','products/7/201504291204044747-Tu4pD2Q2vDdL0VuCDU7h.gif','image/gif','orbiagro.com.ve subastas compra y venta: tester','2015-04-29 12:13:47','2015-04-29 12:13:47',1,1);
INSERT INTO "images" VALUES(47,33,'App\Feature','products/7/201504291204044848-juwJapCx11DKPvbXc9y9.gif','image/gif','orbiagro.com.ve subastas compra y venta: tester','2015-04-29 12:13:48','2015-04-29 12:13:48',1,1);
INSERT INTO "images" VALUES(48,34,'App\Feature','products/7/201504291204044848-UyqsKRX5BqCNb8AVZri6.gif','image/gif','orbiagro.com.ve subastas compra y venta: tester','2015-04-29 12:13:48','2015-04-29 12:13:48',1,1);
INSERT INTO "images" VALUES(49,35,'App\Feature','products/7/201504291204044949-SIBQKwlFJFUgJHCW6WtK.gif','image/gif','orbiagro.com.ve subastas compra y venta: tester','2015-04-29 12:13:49','2015-04-29 12:13:49',1,1);
INSERT INTO "images" VALUES(50,36,'App\Feature','products/8/201504291204045050-a5wwlrAOvXEfk3DMP5ij.gif','image/gif','orbiagro.com.ve subastas compra y venta: tester','2015-04-29 12:13:50','2015-04-29 12:13:50',1,1);
INSERT INTO "images" VALUES(51,37,'App\Feature','products/8/201504291204045050-ixw4Hby3FgJXp9gVgoLR.gif','image/gif','orbiagro.com.ve subastas compra y venta: tester','2015-04-29 12:13:50','2015-04-29 12:13:50',1,1);
INSERT INTO "images" VALUES(52,38,'App\Feature','products/8/201504291204045151-8dJXOrp1TcL8nn08pDba.gif','image/gif','orbiagro.com.ve subastas compra y venta: tester','2015-04-29 12:13:51','2015-04-29 12:13:51',1,1);
INSERT INTO "images" VALUES(53,39,'App\Feature','products/8/201504291204045151-wcKSYX3ceFKeMWGWgb9H.gif','image/gif','orbiagro.com.ve subastas compra y venta: tester','2015-04-29 12:13:51','2015-04-29 12:13:51',1,1);
INSERT INTO "images" VALUES(54,40,'App\Feature','products/8/201504291204045151-obtIMS9v0Jxt85UVJSBe.gif','image/gif','orbiagro.com.ve subastas compra y venta: tester','2015-04-29 12:13:51','2015-04-29 12:13:51',1,1);
INSERT INTO "images" VALUES(55,1,'App\Product','products/1/201504291204045959-jgpKOb0nUq6HkA1MMXWL.gif','image/gif','orbiagro.com.ve subastas compra y venta: ea-nostrum-et-accusantium','2015-04-29 12:13:59','2015-04-29 12:13:59',1,1);
INSERT INTO "images" VALUES(56,2,'App\Product','products/2/201504291204045959-I6Glzz6plHB8zJ0yqxav.gif','image/gif','orbiagro.com.ve subastas compra y venta: quo-culpa-unde-nihil-omnis','2015-04-29 12:13:59','2015-04-29 12:13:59',1,1);
INSERT INTO "images" VALUES(57,3,'App\Product','products/3/201504291204040000-W3Xxk9k13sl1yYxAenws.gif','image/gif','orbiagro.com.ve subastas compra y venta: sit-sed-quaerat-minus-voluptate-fuga','2015-04-29 12:14:00','2015-04-29 12:14:00',1,1);
INSERT INTO "images" VALUES(58,4,'App\Product','products/4/201504291204040000-yxfmyp8q2cygiaEjjMvb.gif','image/gif','orbiagro.com.ve subastas compra y venta: ad-quis-qui-ex-voluptatem','2015-04-29 12:14:00','2015-04-29 12:14:00',1,1);
INSERT INTO "images" VALUES(59,5,'App\Product','products/5/201504291204040000-25pdqRvDDZUgHiBehp1e.gif','image/gif','orbiagro.com.ve subastas compra y venta: voluptate-hic-eligendi-ut-sed-nihil-deleniti','2015-04-29 12:14:00','2015-04-29 12:14:00',1,1);
INSERT INTO "images" VALUES(60,6,'App\Product','products/6/201504291204040101-VDB3aGQi04zTTVW481g4.gif','image/gif','orbiagro.com.ve subastas compra y venta: quis-quia-omnis-et-et-qui-itaque','2015-04-29 12:14:01','2015-04-29 12:14:01',1,1);
INSERT INTO "images" VALUES(61,7,'App\Product','products/7/201504291204040101-Tge8e3Jfph3XOQOY66lR.gif','image/gif','orbiagro.com.ve subastas compra y venta: quia-rerum-blanditiis-voluptatum-deserunt','2015-04-29 12:14:01','2015-04-29 12:14:01',1,1);
INSERT INTO "images" VALUES(62,8,'App\Product','products/8/201504291204040101-DtHThFyootj7eOxIjq2f.gif','image/gif','orbiagro.com.ve subastas compra y venta: explicabo-sed-eveniet-omnis-velit-sit','2015-04-29 12:14:01','2015-04-29 12:14:01',1,1);
CREATE TABLE "characteristics" ("id" integer not null primary key autoincrement, "product_id" integer not null, "height" integer null, "width" integer null, "depth" integer null, "weight" integer null, "units" integer null, "created_at" datetime not null, "updated_at" datetime not null, "created_by" integer not null, "updated_by" integer not null, foreign key("product_id") references "products"("id"), foreign key("created_by") references "users"("id"), foreign key("updated_by") references "users"("id"));
INSERT INTO "characteristics" VALUES(1,1,1,1,1,1,1,'2015-04-29 12:13:52','2015-04-29 12:13:52',1,1);
INSERT INTO "characteristics" VALUES(2,2,1,1,1,1,1,'2015-04-29 12:13:52','2015-04-29 12:13:52',1,1);
INSERT INTO "characteristics" VALUES(3,3,1,1,1,1,1,'2015-04-29 12:13:52','2015-04-29 12:13:52',1,1);
INSERT INTO "characteristics" VALUES(4,4,1,1,1,1,1,'2015-04-29 12:13:52','2015-04-29 12:13:52',1,1);
INSERT INTO "characteristics" VALUES(5,5,1,1,1,1,1,'2015-04-29 12:13:52','2015-04-29 12:13:52',1,1);
INSERT INTO "characteristics" VALUES(6,6,1,1,1,1,1,'2015-04-29 12:13:52','2015-04-29 12:13:52',1,1);
INSERT INTO "characteristics" VALUES(7,7,1,1,1,1,1,'2015-04-29 12:13:53','2015-04-29 12:13:53',1,1);
INSERT INTO "characteristics" VALUES(8,8,1,1,1,1,1,'2015-04-29 12:13:53','2015-04-29 12:13:53',1,1);
CREATE TABLE "features" ("id" integer not null primary key autoincrement, "product_id" integer not null, "title" varchar not null, "description" varchar not null, "created_at" datetime not null, "updated_at" datetime not null, "created_by" integer not null, "updated_by" integer not null, foreign key("product_id") references "products"("id"), foreign key("created_by") references "users"("id"), foreign key("updated_by") references "users"("id"));
INSERT INTO "features" VALUES(1,1,'tester','tester','2015-04-29 12:13:33','2015-04-29 12:13:33',1,1);
INSERT INTO "features" VALUES(2,1,'tester','tester','2015-04-29 12:13:33','2015-04-29 12:13:33',1,1);
INSERT INTO "features" VALUES(3,1,'tester','tester','2015-04-29 12:13:33','2015-04-29 12:13:33',1,1);
INSERT INTO "features" VALUES(4,1,'tester','tester','2015-04-29 12:13:34','2015-04-29 12:13:34',1,1);
INSERT INTO "features" VALUES(5,1,'tester','tester','2015-04-29 12:13:34','2015-04-29 12:13:34',1,1);
INSERT INTO "features" VALUES(6,2,'tester','tester','2015-04-29 12:13:35','2015-04-29 12:13:35',1,1);
INSERT INTO "features" VALUES(7,2,'tester','tester','2015-04-29 12:13:35','2015-04-29 12:13:35',1,1);
INSERT INTO "features" VALUES(8,2,'tester','tester','2015-04-29 12:13:36','2015-04-29 12:13:36',1,1);
INSERT INTO "features" VALUES(9,2,'tester','tester','2015-04-29 12:13:36','2015-04-29 12:13:36',1,1);
INSERT INTO "features" VALUES(10,2,'tester','tester','2015-04-29 12:13:37','2015-04-29 12:13:37',1,1);
INSERT INTO "features" VALUES(11,3,'tester','tester','2015-04-29 12:13:37','2015-04-29 12:13:37',1,1);
INSERT INTO "features" VALUES(12,3,'tester','tester','2015-04-29 12:13:38','2015-04-29 12:13:38',1,1);
INSERT INTO "features" VALUES(13,3,'tester','tester','2015-04-29 12:13:38','2015-04-29 12:13:38',1,1);
INSERT INTO "features" VALUES(14,3,'tester','tester','2015-04-29 12:13:38','2015-04-29 12:13:38',1,1);
INSERT INTO "features" VALUES(15,3,'tester','tester','2015-04-29 12:13:39','2015-04-29 12:13:39',1,1);
INSERT INTO "features" VALUES(16,4,'tester','tester','2015-04-29 12:13:39','2015-04-29 12:13:39',1,1);
INSERT INTO "features" VALUES(17,4,'tester','tester','2015-04-29 12:13:40','2015-04-29 12:13:40',1,1);
INSERT INTO "features" VALUES(18,4,'tester','tester','2015-04-29 12:13:40','2015-04-29 12:13:40',1,1);
INSERT INTO "features" VALUES(19,4,'tester','tester','2015-04-29 12:13:41','2015-04-29 12:13:41',1,1);
INSERT INTO "features" VALUES(20,4,'tester','tester','2015-04-29 12:13:41','2015-04-29 12:13:41',1,1);
INSERT INTO "features" VALUES(21,5,'tester','tester','2015-04-29 12:13:42','2015-04-29 12:13:42',1,1);
INSERT INTO "features" VALUES(22,5,'tester','tester','2015-04-29 12:13:42','2015-04-29 12:13:42',1,1);
INSERT INTO "features" VALUES(23,5,'tester','tester','2015-04-29 12:13:43','2015-04-29 12:13:43',1,1);
INSERT INTO "features" VALUES(24,5,'tester','tester','2015-04-29 12:13:43','2015-04-29 12:13:43',1,1);
INSERT INTO "features" VALUES(25,5,'tester','tester','2015-04-29 12:13:44','2015-04-29 12:13:44',1,1);
INSERT INTO "features" VALUES(26,6,'tester','tester','2015-04-29 12:13:44','2015-04-29 12:13:44',1,1);
INSERT INTO "features" VALUES(27,6,'tester','tester','2015-04-29 12:13:45','2015-04-29 12:13:45',1,1);
INSERT INTO "features" VALUES(28,6,'tester','tester','2015-04-29 12:13:45','2015-04-29 12:13:45',1,1);
INSERT INTO "features" VALUES(29,6,'tester','tester','2015-04-29 12:13:46','2015-04-29 12:13:46',1,1);
INSERT INTO "features" VALUES(30,6,'tester','tester','2015-04-29 12:13:46','2015-04-29 12:13:46',1,1);
INSERT INTO "features" VALUES(31,7,'tester','tester','2015-04-29 12:13:47','2015-04-29 12:13:47',1,1);
INSERT INTO "features" VALUES(32,7,'tester','tester','2015-04-29 12:13:47','2015-04-29 12:13:47',1,1);
INSERT INTO "features" VALUES(33,7,'tester','tester','2015-04-29 12:13:48','2015-04-29 12:13:48',1,1);
INSERT INTO "features" VALUES(34,7,'tester','tester','2015-04-29 12:13:48','2015-04-29 12:13:48',1,1);
INSERT INTO "features" VALUES(35,7,'tester','tester','2015-04-29 12:13:49','2015-04-29 12:13:49',1,1);
INSERT INTO "features" VALUES(36,8,'tester','tester','2015-04-29 12:13:49','2015-04-29 12:13:49',1,1);
INSERT INTO "features" VALUES(37,8,'tester','tester','2015-04-29 12:13:50','2015-04-29 12:13:50',1,1);
INSERT INTO "features" VALUES(38,8,'tester','tester','2015-04-29 12:13:50','2015-04-29 12:13:50',1,1);
INSERT INTO "features" VALUES(39,8,'tester','tester','2015-04-29 12:13:51','2015-04-29 12:13:51',1,1);
INSERT INTO "features" VALUES(40,8,'tester','tester','2015-04-29 12:13:51','2015-04-29 12:13:51',1,1);
CREATE TABLE "mechanical_infos" ("id" integer not null primary key autoincrement, "product_id" integer not null, "motor" varchar null, "motor_serial" varchar null, "model" varchar null, "cylinders" integer null, "horsepower" integer null, "mileage" integer null, "traction" integer null, "lift" integer null, "created_at" datetime not null, "updated_at" datetime not null, "created_by" integer not null, "updated_by" integer not null, foreign key("product_id") references "products"("id"), foreign key("created_by") references "users"("id"), foreign key("updated_by") references "users"("id"));
INSERT INTO "mechanical_infos" VALUES(1,1,'1','1','1',1,1,1,1,1,'2015-04-29 12:13:54','2015-04-29 12:13:54',1,1);
INSERT INTO "mechanical_infos" VALUES(2,2,'1','1','1',1,1,1,1,1,'2015-04-29 12:13:54','2015-04-29 12:13:54',1,1);
INSERT INTO "mechanical_infos" VALUES(3,3,'1','1','1',1,1,1,1,1,'2015-04-29 12:13:54','2015-04-29 12:13:54',1,1);
INSERT INTO "mechanical_infos" VALUES(4,4,'1','1','1',1,1,1,1,1,'2015-04-29 12:13:54','2015-04-29 12:13:54',1,1);
INSERT INTO "mechanical_infos" VALUES(5,5,'1','1','1',1,1,1,1,1,'2015-04-29 12:13:54','2015-04-29 12:13:54',1,1);
INSERT INTO "mechanical_infos" VALUES(6,6,'1','1','1',1,1,1,1,1,'2015-04-29 12:13:55','2015-04-29 12:13:55',1,1);
INSERT INTO "mechanical_infos" VALUES(7,7,'1','1','1',1,1,1,1,1,'2015-04-29 12:13:55','2015-04-29 12:13:55',1,1);
INSERT INTO "mechanical_infos" VALUES(8,8,'1','1','1',1,1,1,1,1,'2015-04-29 12:13:55','2015-04-29 12:13:55',1,1);
CREATE TABLE "nutritionals" ("id" integer not null primary key autoincrement, "product_id" integer not null, "due" date null, "created_at" datetime not null, "updated_at" datetime not null, "created_by" integer not null, "updated_by" integer not null, foreign key("product_id") references "products"("id"), foreign key("created_by") references "users"("id"), foreign key("updated_by") references "users"("id"));
INSERT INTO "nutritionals" VALUES(1,1,'1999-09-09','2015-04-29 12:13:53','2015-04-29 12:13:53',1,1);
INSERT INTO "nutritionals" VALUES(2,2,'1999-09-09','2015-04-29 12:13:53','2015-04-29 12:13:53',1,1);
INSERT INTO "nutritionals" VALUES(3,3,'1999-09-09','2015-04-29 12:13:53','2015-04-29 12:13:53',1,1);
INSERT INTO "nutritionals" VALUES(4,4,'1999-09-09','2015-04-29 12:13:53','2015-04-29 12:13:53',1,1);
INSERT INTO "nutritionals" VALUES(5,5,'1999-09-09','2015-04-29 12:13:53','2015-04-29 12:13:53',1,1);
INSERT INTO "nutritionals" VALUES(6,6,'1999-09-09','2015-04-29 12:13:53','2015-04-29 12:13:53',1,1);
INSERT INTO "nutritionals" VALUES(7,7,'1999-09-09','2015-04-29 12:13:54','2015-04-29 12:13:54',1,1);
INSERT INTO "nutritionals" VALUES(8,8,'1999-09-09','2015-04-29 12:13:54','2015-04-29 12:13:54',1,1);
CREATE TABLE "visits" ("id" integer not null primary key autoincrement, "user_id" integer not null, "visitable_id" integer not null, "visitable_type" varchar not null, "total" integer not null, "created_at" datetime not null, "updated_at" datetime not null, foreign key("user_id") references "users"("id") on delete cascade);
INSERT INTO "visits" VALUES(1,1,1,'App\Product',1,'2015-04-29 12:13:59','2015-04-29 12:13:59');
CREATE TABLE "banks" ("id" integer not null primary key autoincrement, "description" varchar not null, "created_at" datetime not null, "updated_at" datetime not null);
INSERT INTO "banks" VALUES(1,'Sin Banco Asociado','2015-04-29 12:13:55','2015-04-29 12:13:55');
INSERT INTO "banks" VALUES(2,'Banco Baca de Delvalle','2015-04-29 12:13:55','2015-04-29 12:13:55');
INSERT INTO "banks" VALUES(3,'Banco Grupo Domínquez','2015-04-29 12:13:55','2015-04-29 12:13:55');
INSERT INTO "banks" VALUES(4,'Banco Jaime y Esteban e Hija','2015-04-29 12:13:55','2015-04-29 12:13:55');
INSERT INTO "banks" VALUES(5,'Banco Escamilla, Almonte y Granado y Flia.','2015-04-29 12:13:56','2015-04-29 12:13:56');
INSERT INTO "banks" VALUES(6,'Banco Ruvalcaba de Herrera','2015-04-29 12:13:56','2015-04-29 12:13:56');
INSERT INTO "banks" VALUES(7,'Banco Escribano de Sauceda','2015-04-29 12:13:56','2015-04-29 12:13:56');
INSERT INTO "banks" VALUES(8,'Banco Paredes y Gastélum','2015-04-29 12:13:56','2015-04-29 12:13:56');
INSERT INTO "banks" VALUES(9,'Banco Valentín de Sosa SRL','2015-04-29 12:13:56','2015-04-29 12:13:56');
INSERT INTO "banks" VALUES(10,'Banco Rodrigo de Ruvalcaba e Hija','2015-04-29 12:13:56','2015-04-29 12:13:56');
INSERT INTO "banks" VALUES(11,'Banco Alva y Lozada S. de H.','2015-04-29 12:13:57','2015-04-29 12:13:57');
CREATE TABLE "card_types" ("id" integer not null primary key autoincrement, "description" varchar not null, "created_at" datetime not null, "updated_at" datetime not null);
INSERT INTO "card_types" VALUES(1,'Visa','2015-04-29 12:13:57','2015-04-29 12:13:57');
INSERT INTO "card_types" VALUES(2,'MasterCard','2015-04-29 12:13:57','2015-04-29 12:13:57');
INSERT INTO "card_types" VALUES(3,'American Express','2015-04-29 12:13:57','2015-04-29 12:13:57');
INSERT INTO "card_types" VALUES(4,'Discover Card','2015-04-29 12:13:57','2015-04-29 12:13:57');
INSERT INTO "card_types" VALUES(5,'Debito','2015-04-29 12:13:57','2015-04-29 12:13:57');
INSERT INTO "card_types" VALUES(6,'Sin Tarjeta Asociada','2015-04-29 12:13:57','2015-04-29 12:13:57');
CREATE TABLE "billings" ("id" integer not null primary key autoincrement, "user_id" integer not null, "bank_id" integer null, "card_type_id" integer null, "card_number" varchar null, "bank_account" varchar null, "expiration" varchar null, "comments" varchar null, "created_at" datetime not null, "updated_at" datetime not null, "created_by" integer not null, "updated_by" integer not null, foreign key("user_id") references "users"("id") on delete cascade, foreign key("bank_id") references "banks"("id"), foreign key("card_type_id") references "card_types"("id"), foreign key("created_by") references "users"("id"), foreign key("updated_by") references "users"("id"));
INSERT INTO "billings" VALUES(1,1,1,6,'4929964505644774','ES3975418925811695089019','03/17','Quia blanditiis non itaque sunt consequatur excepturi et. Asperiores consequatur sequi voluptas est atque. Magnam provident laudantium rem a quidem.','2015-04-29 12:13:57','2015-04-29 12:13:57',1,1);
CREATE TABLE "maker_sub_category" ("maker_id" integer not null, "sub_category_id" integer not null, foreign key("maker_id") references "makers"("id"), foreign key("sub_category_id") references "sub_categories"("id"));
INSERT INTO "maker_sub_category" VALUES(1,1);
INSERT INTO "maker_sub_category" VALUES(2,1);
INSERT INTO "maker_sub_category" VALUES(3,2);
INSERT INTO "maker_sub_category" VALUES(4,2);
INSERT INTO "maker_sub_category" VALUES(5,3);
INSERT INTO "maker_sub_category" VALUES(6,3);
INSERT INTO "maker_sub_category" VALUES(7,4);
INSERT INTO "maker_sub_category" VALUES(8,4);
INSERT INTO "maker_sub_category" VALUES(9,5);
INSERT INTO "maker_sub_category" VALUES(10,5);
INSERT INTO "maker_sub_category" VALUES(11,6);
INSERT INTO "maker_sub_category" VALUES(12,6);
INSERT INTO "maker_sub_category" VALUES(13,7);
INSERT INTO "maker_sub_category" VALUES(14,7);
CREATE TABLE "product_user" ("product_id" integer not null, "user_id" integer not null, "quantity" integer not null, "created_at" datetime not null, "updated_at" datetime not null, foreign key("product_id") references "products"("id") on delete cascade, foreign key("user_id") references "users"("id") on delete cascade);
INSERT INTO "product_user" VALUES(1,1,3,'2015-04-29 12:13:58','2015-04-29 12:13:58');
INSERT INTO "product_user" VALUES(2,1,5,'2015-04-29 12:13:58','2015-04-29 12:13:58');
INSERT INTO "product_user" VALUES(3,1,3,'2015-04-29 12:13:58','2015-04-29 12:13:58');
INSERT INTO "product_user" VALUES(4,1,1,'2015-04-29 12:13:58','2015-04-29 12:13:58');
INSERT INTO "product_user" VALUES(5,1,4,'2015-04-29 12:13:58','2015-04-29 12:13:58');
INSERT INTO "product_user" VALUES(6,1,3,'2015-04-29 12:13:58','2015-04-29 12:13:58');
INSERT INTO "product_user" VALUES(7,1,5,'2015-04-29 12:13:59','2015-04-29 12:13:59');
INSERT INTO "product_user" VALUES(8,1,4,'2015-04-29 12:13:59','2015-04-29 12:13:59');
CREATE TABLE "map_details" ("id" integer not null primary key autoincrement, "direction_id" integer not null, "latitude" float not null, "longitude" float not null, "zoom" integer not null, "created_at" datetime not null, "updated_at" datetime not null, foreign key("direction_id") references "directions"("id") on delete cascade);
INSERT INTO "map_details" VALUES(1,9,10.492315,-66.932899,12,'2015-04-29 12:13:32','2015-04-29 12:13:32');
DELETE FROM sqlite_sequence;
INSERT INTO "sqlite_sequence" VALUES('profiles',3);
INSERT INTO "sqlite_sequence" VALUES('genders',2);
INSERT INTO "sqlite_sequence" VALUES('nationalities',2);
INSERT INTO "sqlite_sequence" VALUES('states',1);
INSERT INTO "sqlite_sequence" VALUES('towns',1);
INSERT INTO "sqlite_sequence" VALUES('parishes',1);
INSERT INTO "sqlite_sequence" VALUES('users',1);
INSERT INTO "sqlite_sequence" VALUES('people',1);
INSERT INTO "sqlite_sequence" VALUES('directions',9);
INSERT INTO "sqlite_sequence" VALUES('categories',2);
INSERT INTO "sqlite_sequence" VALUES('sub_categories',7);
INSERT INTO "sqlite_sequence" VALUES('makers',14);
INSERT INTO "sqlite_sequence" VALUES('images',62);
INSERT INTO "sqlite_sequence" VALUES('products',8);
INSERT INTO "sqlite_sequence" VALUES('map_details',1);
INSERT INTO "sqlite_sequence" VALUES('features',40);
INSERT INTO "sqlite_sequence" VALUES('files',48);
INSERT INTO "sqlite_sequence" VALUES('characteristics',8);
INSERT INTO "sqlite_sequence" VALUES('nutritionals',8);
INSERT INTO "sqlite_sequence" VALUES('mechanical_infos',8);
INSERT INTO "sqlite_sequence" VALUES('banks',11);
INSERT INTO "sqlite_sequence" VALUES('card_types',6);
INSERT INTO "sqlite_sequence" VALUES('billings',1);
INSERT INTO "sqlite_sequence" VALUES('visits',1);
INSERT INTO "sqlite_sequence" VALUES('promotions',1);
CREATE UNIQUE INDEX users_email_unique on "users" ("email");
CREATE INDEX password_resets_email_index on "password_resets" ("email");
CREATE INDEX password_resets_token_index on "password_resets" ("token");
CREATE INDEX product_user_product_id_index on "product_user" ("product_id");
CREATE INDEX product_user_user_id_index on "product_user" ("user_id");
COMMIT;
