PRAGMA foreign_keys=OFF;
BEGIN TRANSACTION;
CREATE TABLE "migrations" ("migration" varchar not null, "batch" integer not null);
INSERT INTO "migrations" VALUES('2014_10_12_000000_create_users_table',1);
INSERT INTO "migrations" VALUES('2014_10_12_100000_create_password_resets_table',1);
INSERT INTO "migrations" VALUES('2015_03_10_140153_create_genders_table',1);
INSERT INTO "migrations" VALUES('2015_03_10_142938_create_states_table',1);
INSERT INTO "migrations" VALUES('2015_03_10_154237_create_towns_table',1);
INSERT INTO "migrations" VALUES('2015_03_10_154410_create_parishes_table',1);
INSERT INTO "migrations" VALUES('2015_03_10_154455_create_directions_table',1);
INSERT INTO "migrations" VALUES('2015_03_10_154557_create_profiles_table',1);
INSERT INTO "migrations" VALUES('2015_03_10_173459_create_nationalities_table',1);
INSERT INTO "migrations" VALUES('2015_03_10_173503_create_people_table',1);
INSERT INTO "migrations" VALUES('2015_03_13_193841_create_makers_table',1);
INSERT INTO "migrations" VALUES('2015_03_13_194526_create_categories_table',1);
INSERT INTO "migrations" VALUES('2015_03_13_195124_create_sub_categories_table',1);
INSERT INTO "migrations" VALUES('2015_03_13_202223_create_products_table',1);
INSERT INTO "migrations" VALUES('2015_03_13_205446_create_promotions_table',1);
INSERT INTO "migrations" VALUES('2015_03_13_205519_create_product_promotion_table',1);
INSERT INTO "migrations" VALUES('2015_03_13_205737_create_files_table',1);
INSERT INTO "migrations" VALUES('2015_03_13_212413_create_images_table',1);
INSERT INTO "migrations" VALUES('2015_03_13_212630_create_characteristics_table',1);
INSERT INTO "migrations" VALUES('2015_03_13_214205_create_features_table',1);
INSERT INTO "migrations" VALUES('2015_03_13_214850_create_mechanical_infos_table',1);
INSERT INTO "migrations" VALUES('2015_03_13_215620_create_nutritionals_table',1);
INSERT INTO "migrations" VALUES('2015_03_13_220817_create_visits_table',1);
INSERT INTO "migrations" VALUES('2015_03_13_221555_create_banks_table',1);
INSERT INTO "migrations" VALUES('2015_03_13_221616_create_card_types_table',1);
INSERT INTO "migrations" VALUES('2015_03_13_221820_create_billings_table',1);
INSERT INTO "migrations" VALUES('2015_03_13_234614_create_maker_sub_category',1);
INSERT INTO "migrations" VALUES('2015_03_17_200518_create_product_user_pivot_table',1);
INSERT INTO "migrations" VALUES('2015_04_28_121249_create_map_details_table',1);
INSERT INTO "migrations" VALUES('2015_04_29_154414_user_confirmations_table',1);
CREATE TABLE "users" ("id" integer not null primary key autoincrement, "profile_id" integer not null, "name" varchar not null, "email" varchar not null, "password" varchar not null, "remember_token" varchar null, "created_at" datetime not null, "updated_at" datetime not null, "deleted_at" datetime null);
INSERT INTO "users" VALUES(1,1,'tester','tester@tester.com','$2y$10$cyrnX8h5rsiMkAACI65s2Odf/e2ZDYUTgH8554UtoIzkbSl4kirou',NULL,'current_timestampt','current_timestampt',NULL);
INSERT INTO "users" VALUES(2,2,'dummy','dummy@tester.com','$2y$10$HOX9XRucQn4zxoUwTKx8VuntsnAozxjA1N0GxsRO.HqfG3aswcSNe',NULL,'current_timestampt','current_timestampt',NULL);
CREATE TABLE "password_resets" ("email" varchar not null, "token" varchar not null, "created_at" datetime not null);
CREATE TABLE "genders" ("id" integer not null primary key autoincrement, "description" varchar not null, "created_at" datetime not null, "updated_at" datetime not null);
INSERT INTO "genders" VALUES(1,'Masculino','2015-05-20 15:27:14','2015-05-20 15:27:14');
INSERT INTO "genders" VALUES(2,'Femenino','2015-05-20 15:27:15','2015-05-20 15:27:15');
CREATE TABLE "states" ("id" integer not null primary key autoincrement, "description" varchar not null, "created_at" datetime not null, "updated_at" datetime not null);
INSERT INTO "states" VALUES(1,'Distrito Capital','2015-05-20 19:57:15','2015-05-20 19:57:15');
CREATE TABLE "towns" ("id" integer not null primary key autoincrement, "state_id" integer not null, "description" varchar not null, "created_at" datetime not null, "updated_at" datetime not null, foreign key("state_id") references "states"("id"));
INSERT INTO "towns" VALUES(1,1,'Libertador','2015-05-20 19:57:16','2015-05-20 19:57:16');
CREATE TABLE "parishes" ("id" integer not null primary key autoincrement, "town_id" integer not null, "description" varchar not null, "created_at" datetime not null, "updated_at" datetime not null, foreign key("town_id") references "towns"("id"));
INSERT INTO "parishes" VALUES(1,1,'Altagracia','2015-05-20 19:57:16','2015-05-20 19:57:16');
CREATE TABLE "directions" ("id" integer not null primary key autoincrement, "directionable_id" integer not null, "directionable_type" varchar not null, "parish_id" integer not null, "details" varchar null, "created_at" datetime not null, "updated_at" datetime not null, "created_by" integer not null, "updated_by" integer not null, "deleted_at" datetime null, foreign key("parish_id") references "parishes"("id"), foreign key("created_by") references "users"("id"), foreign key("updated_by") references "users"("id"));
INSERT INTO "directions" VALUES(1,1,'App\Person',1,'Calle del tester.','2015-05-20 15:27:16','2015-05-20 15:27:16',1,1,NULL);
INSERT INTO "directions" VALUES(2,2,'App\Person',1,'Calle del dummy.','2015-05-20 15:27:17','2015-05-20 15:27:17',2,2,NULL);
INSERT INTO "directions" VALUES(3,1,'App\Product',1,'Plaza Jose Manuel, 600, Entre suelo 9º','2015-05-20 15:27:25','2015-05-20 15:27:25',1,1,NULL);
INSERT INTO "directions" VALUES(4,2,'App\Product',1,'Camino Eduardo, 985, Bajos','2015-05-20 15:27:26','2015-05-20 15:27:26',1,1,NULL);
INSERT INTO "directions" VALUES(5,3,'App\Product',1,'Plaza Rodrigo, 0, 7º','2015-05-20 15:27:26','2015-05-20 15:27:26',1,1,NULL);
INSERT INTO "directions" VALUES(6,4,'App\Product',1,'Travesia Alvarado, 010, 60º F','2015-05-20 15:27:26','2015-05-20 15:27:26',1,1,NULL);
INSERT INTO "directions" VALUES(7,5,'App\Product',1,'Carrer Guillermo, 35, 92º C','2015-05-20 15:27:26','2015-05-20 15:27:26',1,1,NULL);
INSERT INTO "directions" VALUES(8,6,'App\Product',1,'Plaça Alexia, 3, 78º C','2015-05-20 15:27:27','2015-05-20 15:27:27',1,1,NULL);
INSERT INTO "directions" VALUES(9,7,'App\Product',1,'Ronda Pol, 99, Ático 0º','2015-05-20 15:27:27','2015-05-20 15:27:27',1,1,NULL);
INSERT INTO "directions" VALUES(10,8,'App\Product',1,'Travessera Sierra, 7, 38º B','2015-05-20 15:27:27','2015-05-20 15:27:27',1,1,NULL);
CREATE TABLE "profiles" ("id" integer not null primary key autoincrement, "description" varchar not null, "created_at" datetime not null, "updated_at" datetime not null);
INSERT INTO "profiles" VALUES(1,'Administrador','2015-05-20 15:27:14','2015-05-20 15:27:14');
INSERT INTO "profiles" VALUES(2,'Usuario','2015-05-20 15:27:14','2015-05-20 15:27:14');
INSERT INTO "profiles" VALUES(3,'Desactivado','2015-05-20 15:27:14','2015-05-20 15:27:14');
CREATE TABLE "nationalities" ("id" integer not null primary key autoincrement, "description" varchar not null, "created_at" datetime not null, "updated_at" datetime not null);
INSERT INTO "nationalities" VALUES(1,'Venezolano','2015-05-20 15:27:15','2015-05-20 15:27:15');
INSERT INTO "nationalities" VALUES(2,'Extrangero','2015-05-20 15:27:15','2015-05-20 15:27:15');
CREATE TABLE "people" ("id" integer not null primary key autoincrement, "user_id" integer not null, "gender_id" integer not null, "nationality_id" integer not null, "first_name" varchar not null, "last_name" varchar null, "first_surname" varchar not null, "last_surname" varchar null, "identity_card" varchar not null, "phone" varchar null, "birth_date" date null, "created_at" datetime not null, "updated_at" datetime not null, foreign key("user_id") references "users"("id") on delete cascade, foreign key("gender_id") references "genders"("id"), foreign key("nationality_id") references "nationalities"("id"));
INSERT INTO "people" VALUES(1,1,1,1,'tester',NULL,'tester',NULL,'10000001','+58-(212)-111-2233','1999-09-09','current_timestampt','current_timestampt');
INSERT INTO "people" VALUES(2,2,1,1,'dummy',NULL,'dummy',NULL,'10000002','+58-(212)-444-5566','1999-09-09','current_timestampt','current_timestampt');
CREATE TABLE "makers" ("id" integer not null primary key autoincrement, "name" varchar not null, "slug" varchar not null, "domain" varchar null, "url" varchar null, "logo_path" varchar null, "logo_alt" varchar null, "created_at" datetime not null, "updated_at" datetime not null);
INSERT INTO "makers" VALUES(1,'Berríos y León','berrios-y-leon','morales.net','http://partida.es/aspernatur-eaque-voluptatem-molestias-qui-voluptas-cupiditate-rerum',NULL,NULL,'2015-05-20 15:27:18','2015-05-20 15:27:18');
INSERT INTO "makers" VALUES(2,'Grupo Ponce','grupo-ponce','carranzaabad.com','http://air.org/',NULL,NULL,'2015-05-20 15:27:19','2015-05-20 15:27:19');
INSERT INTO "makers" VALUES(3,'Air Zapata','air-zapata','grupo.com','http://www.uribe.com/quasi-assumenda-occaecati-asperiores-quo-vel-neque-cumque',NULL,NULL,'2015-05-20 15:27:19','2015-05-20 15:27:19');
INSERT INTO "makers" VALUES(4,'Mercado-Campos y Asoc.','mercado-campos-y-asoc','empresa.com','http://asociacion.com/sed-explicabo-enim-debitis-ratione-repellat-veritatis-quas',NULL,NULL,'2015-05-20 15:27:20','2015-05-20 15:27:20');
INSERT INTO "makers" VALUES(5,'Soriano-Brito e Hijo','soriano-brito-e-hijo','lujan.com','http://www.corporacion.com/',NULL,NULL,'2015-05-20 15:27:20','2015-05-20 15:27:20');
INSERT INTO "makers" VALUES(6,'Arce y Lomeli y Asoc.','arce-y-lomeli-y-asoc','rosas.com','https://www.grupo.com/exercitationem-ducimus-debitis-veritatis-eligendi',NULL,NULL,'2015-05-20 15:27:21','2015-05-20 15:27:21');
INSERT INTO "makers" VALUES(7,'Puga-Espino y Flia.','puga-espino-y-flia','merino.org','http://quintero.es/in-soluta-occaecati-qui-natus-natus',NULL,NULL,'2015-05-20 15:27:21','2015-05-20 15:27:21');
INSERT INTO "makers" VALUES(8,'Armenta de Botello y Asoc.','armenta-de-botello-y-asoc','asociacion.com','https://www.narvaezontiveros.com.es/provident-soluta-aspernatur-optio-dolor-ratione',NULL,NULL,'2015-05-20 15:27:22','2015-05-20 15:27:22');
INSERT INTO "makers" VALUES(9,'Bueno-Muñóz SRL','bueno-munoz-srl','bermejo.com','https://maganaalarcon.org/fugiat-voluptatem-eligendi-id-atque.html',NULL,NULL,'2015-05-20 15:27:22','2015-05-20 15:27:22');
INSERT INTO "makers" VALUES(10,'Grupo Roig e Hijos','grupo-roig-e-hijos','venegascastaneda.net','http://www.salinas.com/suscipit-consequatur-eius-tempore-modi-ea.html',NULL,NULL,'2015-05-20 15:27:23','2015-05-20 15:27:23');
INSERT INTO "makers" VALUES(11,'Global Villarreal SA','global-villarreal-sa','corporacion.com','http://viajes.es/et-in-quibusdam-enim-earum',NULL,NULL,'2015-05-20 15:27:23','2015-05-20 15:27:23');
INSERT INTO "makers" VALUES(12,'Empresa Guerra e Hijo','empresa-guerra-e-hijo','alarcon.com','http://www.global.es/voluptas-voluptates-totam-aspernatur-fugit-quia.html',NULL,NULL,'2015-05-20 15:27:24','2015-05-20 15:27:24');
INSERT INTO "makers" VALUES(13,'Miranda de Hinojosa e Hija','miranda-de-hinojosa-e-hija','ochoa.com','http://www.gestora.es/et-nisi-omnis-non-qui-nihil-eaque-occaecati',NULL,NULL,'2015-05-20 15:27:24','2015-05-20 15:27:24');
INSERT INTO "makers" VALUES(14,'Empresa Gonzales-Salgado','empresa-gonzales-salgado','sanabria.com','http://www.air.org/',NULL,NULL,'2015-05-20 15:27:25','2015-05-20 15:27:25');
CREATE TABLE "categories" ("id" integer not null primary key autoincrement, "description" varchar not null, "slug" varchar not null, "created_at" datetime not null, "updated_at" datetime not null);
INSERT INTO "categories" VALUES(1,'Productos Agro-Industriales','productos-agro-industriales','2015-05-20 15:27:17','2015-05-20 15:27:17');
INSERT INTO "categories" VALUES(2,'Productos Alimenticios','productos-alimenticios','2015-05-20 15:27:17','2015-05-20 15:27:17');
CREATE TABLE "sub_categories" ("id" integer not null primary key autoincrement, "category_id" integer not null, "description" varchar not null, "slug" varchar not null, "created_at" datetime not null, "updated_at" datetime not null, foreign key("category_id") references "categories"("id") on delete cascade);
INSERT INTO "sub_categories" VALUES(1,1,'Maquinaria Pesada','maquinaria-pesada','2015-05-20 15:27:17','2015-05-20 15:27:17');
INSERT INTO "sub_categories" VALUES(2,1,'Tractores','tractores','2015-05-20 15:27:18','2015-05-20 15:27:18');
INSERT INTO "sub_categories" VALUES(3,1,'Maquinaria Ligera','maquinaria-ligera','2015-05-20 15:27:18','2015-05-20 15:27:18');
INSERT INTO "sub_categories" VALUES(4,2,'Chocolate','chocolate','2015-05-20 15:27:18','2015-05-20 15:27:18');
INSERT INTO "sub_categories" VALUES(5,2,'Arroz','arroz','2015-05-20 15:27:18','2015-05-20 15:27:18');
INSERT INTO "sub_categories" VALUES(6,2,'Avena','avena','2015-05-20 15:27:18','2015-05-20 15:27:18');
INSERT INTO "sub_categories" VALUES(7,2,'Soya','soya','2015-05-20 15:27:18','2015-05-20 15:27:18');
CREATE TABLE "products" ("id" integer not null primary key autoincrement, "user_id" integer not null, "maker_id" integer not null, "sub_category_id" integer not null, "title" varchar not null, "description" text not null, "price" float not null, "quantity" integer not null, "slug" varchar not null, "created_at" datetime not null, "updated_at" datetime not null, "created_by" integer not null, "updated_by" integer not null, "deleted_at" datetime null, foreign key("user_id") references "users"("id") on delete cascade, foreign key("maker_id") references "makers"("id"), foreign key("sub_category_id") references "sub_categories"("id"), foreign key("created_by") references "users"("id"), foreign key("updated_by") references "users"("id"));
INSERT INTO "products" VALUES(1,1,6,1,'Laborum quidem voluptates et iusto veritatis voluptas.','Tempore et est quo sunt et rerum. Quia qui voluptate sint aut. Ipsam ea sed culpa minima minima assumenda.',6052612294.22,10,'laborum-quidem-voluptates-et-iusto-veritatis-voluptas','2015-05-20 15:27:25','2015-05-20 15:27:25',1,1,NULL);
INSERT INTO "products" VALUES(2,1,6,2,'Ipsam sed qui saepe architecto nobis.','Quia exercitationem aut molestiae error perspiciatis. Laborum molestias omnis enim. Fugit atque cumque vero at porro non et est. Quod a ea et est ut beatae illum sunt.',3290170527.38,18,'ipsam-sed-qui-saepe-architecto-nobis','2015-05-20 15:27:25','2015-05-20 15:27:25',1,1,NULL);
INSERT INTO "products" VALUES(3,1,13,3,'Suscipit laudantium ea incidunt.','Eos nemo quo magni expedita commodi et iusto. Ut ipsa inventore nobis veritatis deleniti accusamus non. Delectus dicta harum et laudantium aut. Numquam voluptatum reprehenderit in assumenda vel aut.',5039657429.08,8,'suscipit-laudantium-ea-incidunt','2015-05-20 15:27:26','2015-05-20 15:27:26',1,1,NULL);
INSERT INTO "products" VALUES(4,1,2,4,'Provident iste atque aut.','Iste distinctio dolores et molestias. Ipsa cumque fugit dignissimos deserunt consequatur voluptatem. Ut ipsum nihil illum. Deleniti molestiae aliquid rerum et aut ut.',2701082499.17,17,'provident-iste-atque-aut','2015-05-20 15:27:26','2015-05-20 15:27:26',1,1,NULL);
INSERT INTO "products" VALUES(5,1,12,5,'Fugit minima perspiciatis fuga.','Tempore aut voluptatem sed aut. Ducimus maiores dolor et et sit accusantium fugit. Qui dignissimos quia unde nisi. Nemo et consectetur quaerat laborum debitis velit.',5023755440.87,17,'fugit-minima-perspiciatis-fuga','2015-05-20 15:27:26','2015-05-20 15:27:26',1,1,NULL);
INSERT INTO "products" VALUES(6,1,14,6,'Eius veniam voluptatem facilis.','Distinctio blanditiis fugiat molestias. Ea velit ut soluta quidem ipsam labore. Recusandae laboriosam est voluptas repellendus maxime enim necessitatibus repellat. Nostrum nihil est quia aspernatur.',6859666119.71,11,'eius-veniam-voluptatem-facilis','2015-05-20 15:27:27','2015-05-20 15:27:27',1,1,NULL);
INSERT INTO "products" VALUES(7,1,1,7,'Velit nostrum quibusdam velit.','Ipsam ducimus sed eius. Est adipisci vero voluptatem debitis. Aut occaecati eligendi necessitatibus reiciendis sed aperiam dolor.',9963310565.15,3,'velit-nostrum-quibusdam-velit','2015-05-20 15:27:27','2015-05-20 15:27:27',1,1,NULL);
INSERT INTO "products" VALUES(8,1,1,1,'Quibusdam dolorem eos sint odit inventore.','Magnam consequuntur minus molestias minus aperiam nesciunt. Quis cum fugit nihil saepe facilis quo corporis. Quod nisi tenetur expedita aut voluptatem. Iusto quas sed repudiandae sint dolore.',6920523066.8,2,'quibusdam-dolorem-eos-sint-odit-inventore','2015-05-20 15:27:27','2015-05-20 15:27:27',1,1,NULL);
CREATE TABLE "promotions" ("id" integer not null primary key autoincrement, "title" varchar not null, "slug" varchar not null, "percentage" integer null, "static" integer null, "begins" date not null, "ends" date not null, "created_at" datetime not null, "updated_at" datetime not null);
INSERT INTO "promotions" VALUES(1,'Lleva 2, paga 3!','lleva-2-paga-3',10,100,'2011-05-20','2016-05-20','2015-05-20 15:27:57','2015-05-20 15:27:57');
CREATE TABLE "product_promotion" ("product_id" integer not null, "promotion_id" integer not null, foreign key("product_id") references "products"("id"), foreign key("promotion_id") references "promotions"("id"));
INSERT INTO "product_promotion" VALUES(1,1);
CREATE TABLE "files" ("id" integer not null primary key autoincrement, "fileable_id" integer not null, "fileable_type" varchar not null, "path" varchar not null, "mime" varchar not null, "created_at" datetime not null, "updated_at" datetime not null, "created_by" integer not null, "updated_by" integer not null, foreign key("created_by") references "users"("id"), foreign key("updated_by") references "users"("id"));
INSERT INTO "files" VALUES(1,1,'App\Feature','products/1/201505200305052828-Wlb6vROlDspGiauG8aqW.pdf','application/pdf','2015-05-20 15:27:28','2015-05-20 15:27:28',1,1);
INSERT INTO "files" VALUES(2,2,'App\Feature','products/1/201505200305052828-z052HckXiqgK7432wJie.pdf','application/pdf','2015-05-20 15:27:28','2015-05-20 15:27:28',1,1);
INSERT INTO "files" VALUES(3,3,'App\Feature','products/1/201505200305052929-K1jWoirCa7G8qCTXTCdb.pdf','application/pdf','2015-05-20 15:27:29','2015-05-20 15:27:29',1,1);
INSERT INTO "files" VALUES(4,4,'App\Feature','products/1/201505200305052929-eXykgNDaDtk0GxOz1v4O.pdf','application/pdf','2015-05-20 15:27:29','2015-05-20 15:27:29',1,1);
INSERT INTO "files" VALUES(5,5,'App\Feature','products/1/201505200305053030-ECTLxh5O2AksfVwRYkxE.pdf','application/pdf','2015-05-20 15:27:30','2015-05-20 15:27:30',1,1);
INSERT INTO "files" VALUES(6,6,'App\Feature','products/2/201505200305053030-5rZsnouI2zHKD5H8YS3r.pdf','application/pdf','2015-05-20 15:27:30','2015-05-20 15:27:30',1,1);
INSERT INTO "files" VALUES(7,7,'App\Feature','products/2/201505200305053131-0UFmSomG5gyyfIK9fpaL.pdf','application/pdf','2015-05-20 15:27:31','2015-05-20 15:27:31',1,1);
INSERT INTO "files" VALUES(8,8,'App\Feature','products/2/201505200305053131-kO0vu27dHsyrywz7QzWF.pdf','application/pdf','2015-05-20 15:27:31','2015-05-20 15:27:31',1,1);
INSERT INTO "files" VALUES(9,9,'App\Feature','products/2/201505200305053232-7Z6w4xR7E6Mqxu9sVTTE.pdf','application/pdf','2015-05-20 15:27:32','2015-05-20 15:27:32',1,1);
INSERT INTO "files" VALUES(10,10,'App\Feature','products/2/201505200305053232-jIXhDlmT1aKVOCW9lxXd.pdf','application/pdf','2015-05-20 15:27:32','2015-05-20 15:27:32',1,1);
INSERT INTO "files" VALUES(11,11,'App\Feature','products/3/201505200305053232-lpFnfOmk4QgPJQ3B6m4d.pdf','application/pdf','2015-05-20 15:27:32','2015-05-20 15:27:32',1,1);
INSERT INTO "files" VALUES(12,12,'App\Feature','products/3/201505200305053333-CtQ6gejaImMq6YOaLyVw.pdf','application/pdf','2015-05-20 15:27:33','2015-05-20 15:27:33',1,1);
INSERT INTO "files" VALUES(13,13,'App\Feature','products/3/201505200305053333-oKuFxAaPOO13T6yBCKyD.pdf','application/pdf','2015-05-20 15:27:33','2015-05-20 15:27:33',1,1);
INSERT INTO "files" VALUES(14,14,'App\Feature','products/3/201505200305053434-hNQgNyx84ZXWicbL37MO.pdf','application/pdf','2015-05-20 15:27:34','2015-05-20 15:27:34',1,1);
INSERT INTO "files" VALUES(15,15,'App\Feature','products/3/201505200305053434-QR5erfk5QOcOwrJneiwz.pdf','application/pdf','2015-05-20 15:27:34','2015-05-20 15:27:34',1,1);
INSERT INTO "files" VALUES(16,16,'App\Feature','products/4/201505200305053535-kveBHNq7xOzy3iJqIbIJ.pdf','application/pdf','2015-05-20 15:27:35','2015-05-20 15:27:35',1,1);
INSERT INTO "files" VALUES(17,17,'App\Feature','products/4/201505200305053535-I3ofvb3zKHwxjBXLrjts.pdf','application/pdf','2015-05-20 15:27:35','2015-05-20 15:27:35',1,1);
INSERT INTO "files" VALUES(18,18,'App\Feature','products/4/201505200305053636-iz9liBWbNJ78UAsOHaHm.pdf','application/pdf','2015-05-20 15:27:36','2015-05-20 15:27:36',1,1);
INSERT INTO "files" VALUES(19,19,'App\Feature','products/4/201505200305053636-Xab7Ds2DZMDjIfIkIyyz.pdf','application/pdf','2015-05-20 15:27:36','2015-05-20 15:27:36',1,1);
INSERT INTO "files" VALUES(20,20,'App\Feature','products/4/201505200305053737-SV6pHx7YSIlhReM7FWiP.pdf','application/pdf','2015-05-20 15:27:37','2015-05-20 15:27:37',1,1);
INSERT INTO "files" VALUES(21,21,'App\Feature','products/5/201505200305053737-gksDWF6f5nMWjYMoO8A3.pdf','application/pdf','2015-05-20 15:27:37','2015-05-20 15:27:37',1,1);
INSERT INTO "files" VALUES(22,22,'App\Feature','products/5/201505200305053838-l5V2IKT3UcVYlKnWA95t.pdf','application/pdf','2015-05-20 15:27:38','2015-05-20 15:27:38',1,1);
INSERT INTO "files" VALUES(23,23,'App\Feature','products/5/201505200305053838-1rCOjlMu3oNUe0YNtD4b.pdf','application/pdf','2015-05-20 15:27:38','2015-05-20 15:27:38',1,1);
INSERT INTO "files" VALUES(24,24,'App\Feature','products/5/201505200305053939-tHKoXMv3npKblojWWUOk.pdf','application/pdf','2015-05-20 15:27:39','2015-05-20 15:27:39',1,1);
INSERT INTO "files" VALUES(25,25,'App\Feature','products/5/201505200305053939-EBDQgVRXogGsEjhd7vBW.pdf','application/pdf','2015-05-20 15:27:39','2015-05-20 15:27:39',1,1);
INSERT INTO "files" VALUES(26,26,'App\Feature','products/6/201505200305054040-BydjJBJ9ZlSVcZa6qJ02.pdf','application/pdf','2015-05-20 15:27:40','2015-05-20 15:27:40',1,1);
INSERT INTO "files" VALUES(27,27,'App\Feature','products/6/201505200305054040-fxPKdpnRQQA5xXPAzrHF.pdf','application/pdf','2015-05-20 15:27:40','2015-05-20 15:27:40',1,1);
INSERT INTO "files" VALUES(28,28,'App\Feature','products/6/201505200305054040-tkheXpuavZL6fWOCOsMj.pdf','application/pdf','2015-05-20 15:27:40','2015-05-20 15:27:40',1,1);
INSERT INTO "files" VALUES(29,29,'App\Feature','products/6/201505200305054141-DAG6F6xDJpUQocd2ZOBP.pdf','application/pdf','2015-05-20 15:27:41','2015-05-20 15:27:41',1,1);
INSERT INTO "files" VALUES(30,30,'App\Feature','products/6/201505200305054141-stSRtB6WRgHOlnyAppoI.pdf','application/pdf','2015-05-20 15:27:41','2015-05-20 15:27:41',1,1);
INSERT INTO "files" VALUES(31,31,'App\Feature','products/7/201505200305054242-EaLYrdw1mcVwl7fX1IRj.pdf','application/pdf','2015-05-20 15:27:42','2015-05-20 15:27:42',1,1);
INSERT INTO "files" VALUES(32,32,'App\Feature','products/7/201505200305054242-5R0T6aph507Y965s7mAk.pdf','application/pdf','2015-05-20 15:27:42','2015-05-20 15:27:42',1,1);
INSERT INTO "files" VALUES(33,33,'App\Feature','products/7/201505200305054343-nFkf81qzXUD68FKJomXN.pdf','application/pdf','2015-05-20 15:27:43','2015-05-20 15:27:43',1,1);
INSERT INTO "files" VALUES(34,34,'App\Feature','products/7/201505200305054343-4yRU0MgtKwNoMosg9IBe.pdf','application/pdf','2015-05-20 15:27:43','2015-05-20 15:27:43',1,1);
INSERT INTO "files" VALUES(35,35,'App\Feature','products/7/201505200305054444-RFBRhnFDAFXO5qKLwQ3X.pdf','application/pdf','2015-05-20 15:27:44','2015-05-20 15:27:44',1,1);
INSERT INTO "files" VALUES(36,36,'App\Feature','products/8/201505200305054444-3byItUFTMwzPDvJwgx6f.pdf','application/pdf','2015-05-20 15:27:44','2015-05-20 15:27:44',1,1);
INSERT INTO "files" VALUES(37,37,'App\Feature','products/8/201505200305054545-gtaZU4DF3me7K98PavWz.pdf','application/pdf','2015-05-20 15:27:45','2015-05-20 15:27:45',1,1);
INSERT INTO "files" VALUES(38,38,'App\Feature','products/8/201505200305054545-yvRPP1bcum3sKeHU2w9C.pdf','application/pdf','2015-05-20 15:27:45','2015-05-20 15:27:45',1,1);
INSERT INTO "files" VALUES(39,39,'App\Feature','products/8/201505200305054646-Ny7oMw1a7DeHtw1L790P.pdf','application/pdf','2015-05-20 15:27:46','2015-05-20 15:27:46',1,1);
INSERT INTO "files" VALUES(40,40,'App\Feature','products/8/201505200305054646-QHxSIRBRWEwwbYSp5hMv.pdf','application/pdf','2015-05-20 15:27:46','2015-05-20 15:27:46',1,1);
INSERT INTO "files" VALUES(41,1,'App\Product','products/1/201505200305055555-CYSr1PiLcOGf7dyGsrvp.pdf','application/pdf','2015-05-20 15:27:55','2015-05-20 15:27:55',1,1);
INSERT INTO "files" VALUES(42,2,'App\Product','products/2/201505200305055555-Bc5QUKGCyAqGGDgRoNBv.pdf','application/pdf','2015-05-20 15:27:55','2015-05-20 15:27:55',1,1);
INSERT INTO "files" VALUES(43,3,'App\Product','products/3/201505200305055555-CWR9xOTA2vzivpbPjhpZ.pdf','application/pdf','2015-05-20 15:27:55','2015-05-20 15:27:55',1,1);
INSERT INTO "files" VALUES(44,4,'App\Product','products/4/201505200305055656-CXU0AaQJVbEJxajJ5rkA.pdf','application/pdf','2015-05-20 15:27:56','2015-05-20 15:27:56',1,1);
INSERT INTO "files" VALUES(45,5,'App\Product','products/5/201505200305055656-bGKG3jk0gpLNroMZ3eLW.pdf','application/pdf','2015-05-20 15:27:56','2015-05-20 15:27:56',1,1);
INSERT INTO "files" VALUES(46,6,'App\Product','products/6/201505200305055656-1Kg77ueq0DfBB9jsqHB4.pdf','application/pdf','2015-05-20 15:27:56','2015-05-20 15:27:56',1,1);
INSERT INTO "files" VALUES(47,7,'App\Product','products/7/201505200305055757-HDdwcwZHzqUARKRKQhZE.pdf','application/pdf','2015-05-20 15:27:57','2015-05-20 15:27:57',1,1);
INSERT INTO "files" VALUES(48,8,'App\Product','products/8/201505200305055757-HlFhu3YP1FKjexOKqKD4.pdf','application/pdf','2015-05-20 15:27:57','2015-05-20 15:27:57',1,1);
CREATE TABLE "images" ("id" integer not null primary key autoincrement, "imageable_id" integer not null, "imageable_type" varchar not null, "path" varchar not null, "mime" varchar not null, "alt" varchar not null, "created_at" datetime not null, "updated_at" datetime not null, "created_by" integer not null, "updated_by" integer not null, foreign key("created_by") references "users"("id"), foreign key("updated_by") references "users"("id"));
INSERT INTO "images" VALUES(1,1,'App\Maker','makers/1/201505200305051919-KV4TT98pXuBlCAZT8Dik.gif','image/gif','orbiagro.com.ve subastas compra y venta: berrios-y-leon','2015-05-20 15:27:19','2015-05-20 15:27:19',1,1);
INSERT INTO "images" VALUES(2,2,'App\Maker','makers/2/201505200305051919-RuXoboHpGRLh8LgpFD94.gif','image/gif','orbiagro.com.ve subastas compra y venta: grupo-ponce','2015-05-20 15:27:19','2015-05-20 15:27:19',1,1);
INSERT INTO "images" VALUES(3,3,'App\Maker','makers/3/201505200305052020-vQx89KJxXsVgMcUlzy9N.gif','image/gif','orbiagro.com.ve subastas compra y venta: air-zapata','2015-05-20 15:27:20','2015-05-20 15:27:20',1,1);
INSERT INTO "images" VALUES(4,4,'App\Maker','makers/4/201505200305052020-ECT6SipnoIqb2QUKdyxE.gif','image/gif','orbiagro.com.ve subastas compra y venta: mercado-campos-y-asoc','2015-05-20 15:27:20','2015-05-20 15:27:20',1,1);
INSERT INTO "images" VALUES(5,5,'App\Maker','makers/5/201505200305052121-b5He2HOxrR7CvGThWzr3.gif','image/gif','orbiagro.com.ve subastas compra y venta: soriano-brito-e-hijo','2015-05-20 15:27:21','2015-05-20 15:27:21',1,1);
INSERT INTO "images" VALUES(6,6,'App\Maker','makers/6/201505200305052121-8os8L5Q5r1ndDX8arBmJ.gif','image/gif','orbiagro.com.ve subastas compra y venta: arce-y-lomeli-y-asoc','2015-05-20 15:27:21','2015-05-20 15:27:21',1,1);
INSERT INTO "images" VALUES(7,7,'App\Maker','makers/7/201505200305052222-0U2H42VySHo7WBO4dlkk.gif','image/gif','orbiagro.com.ve subastas compra y venta: puga-espino-y-flia','2015-05-20 15:27:22','2015-05-20 15:27:22',1,1);
INSERT INTO "images" VALUES(8,8,'App\Maker','makers/8/201505200305052222-cUfuzyF7pKoOe2hisQpW.gif','image/gif','orbiagro.com.ve subastas compra y venta: armenta-de-botello-y-asoc','2015-05-20 15:27:22','2015-05-20 15:27:22',1,1);
INSERT INTO "images" VALUES(9,9,'App\Maker','makers/9/201505200305052323-nazjkNtxzOAMgDctm3GK.gif','image/gif','orbiagro.com.ve subastas compra y venta: bueno-munoz-srl','2015-05-20 15:27:23','2015-05-20 15:27:23',1,1);
INSERT INTO "images" VALUES(10,10,'App\Maker','makers/10/201505200305052323-USfmH20T4kWYOnf769OW.gif','image/gif','orbiagro.com.ve subastas compra y venta: grupo-roig-e-hijos','2015-05-20 15:27:23','2015-05-20 15:27:23',1,1);
INSERT INTO "images" VALUES(11,11,'App\Maker','makers/11/201505200305052323-Oh2r0tcJIEnFqyDngz8C.gif','image/gif','orbiagro.com.ve subastas compra y venta: global-villarreal-sa','2015-05-20 15:27:23','2015-05-20 15:27:23',1,1);
INSERT INTO "images" VALUES(12,12,'App\Maker','makers/12/201505200305052424-3gymMXDInURrQ6QwVP0Y.gif','image/gif','orbiagro.com.ve subastas compra y venta: empresa-guerra-e-hijo','2015-05-20 15:27:24','2015-05-20 15:27:24',1,1);
INSERT INTO "images" VALUES(13,13,'App\Maker','makers/13/201505200305052424-k05hUqFiCrbDo49zEO5r.gif','image/gif','orbiagro.com.ve subastas compra y venta: miranda-de-hinojosa-e-hija','2015-05-20 15:27:24','2015-05-20 15:27:24',1,1);
INSERT INTO "images" VALUES(14,14,'App\Maker','makers/14/201505200305052525-DKeRKxLUoWPWexrHlp8L.gif','image/gif','orbiagro.com.ve subastas compra y venta: empresa-gonzales-salgado','2015-05-20 15:27:25','2015-05-20 15:27:25',1,1);
INSERT INTO "images" VALUES(15,1,'App\Feature','products/1/201505200305052828-aaBXJzBL7nm0YDyBsAg8.gif','image/gif','orbiagro.com.ve subastas compra y venta: tester','2015-05-20 15:27:28','2015-05-20 15:27:28',1,1);
INSERT INTO "images" VALUES(16,2,'App\Feature','products/1/201505200305052828-7mh4gEbjIyjrIufCYF3t.gif','image/gif','orbiagro.com.ve subastas compra y venta: tester','2015-05-20 15:27:28','2015-05-20 15:27:28',1,1);
INSERT INTO "images" VALUES(17,3,'App\Feature','products/1/201505200305052929-3kiwMmnS92Wv8dmXQmmH.gif','image/gif','orbiagro.com.ve subastas compra y venta: tester','2015-05-20 15:27:29','2015-05-20 15:27:29',1,1);
INSERT INTO "images" VALUES(18,4,'App\Feature','products/1/201505200305052929-1WVRdAZo81a3cHRtfBur.gif','image/gif','orbiagro.com.ve subastas compra y venta: tester','2015-05-20 15:27:29','2015-05-20 15:27:29',1,1);
INSERT INTO "images" VALUES(19,5,'App\Feature','products/1/201505200305053030-clLNvh55KPlrewicQbWo.gif','image/gif','orbiagro.com.ve subastas compra y venta: tester','2015-05-20 15:27:30','2015-05-20 15:27:30',1,1);
INSERT INTO "images" VALUES(20,6,'App\Feature','products/2/201505200305053030-481d87ncf0OFoqMfxiJQ.gif','image/gif','orbiagro.com.ve subastas compra y venta: tester','2015-05-20 15:27:30','2015-05-20 15:27:30',1,1);
INSERT INTO "images" VALUES(21,7,'App\Feature','products/2/201505200305053030-gXg97A9Qo7WjzDfMRquV.gif','image/gif','orbiagro.com.ve subastas compra y venta: tester','2015-05-20 15:27:30','2015-05-20 15:27:30',1,1);
INSERT INTO "images" VALUES(22,8,'App\Feature','products/2/201505200305053131-KSld0YtZX9RbbRafOXfq.gif','image/gif','orbiagro.com.ve subastas compra y venta: tester','2015-05-20 15:27:31','2015-05-20 15:27:31',1,1);
INSERT INTO "images" VALUES(23,9,'App\Feature','products/2/201505200305053131-3WFIcP8GULHegegj2raY.gif','image/gif','orbiagro.com.ve subastas compra y venta: tester','2015-05-20 15:27:31','2015-05-20 15:27:31',1,1);
INSERT INTO "images" VALUES(24,10,'App\Feature','products/2/201505200305053232-4pAP7BG63YR4yFrRT6Mx.gif','image/gif','orbiagro.com.ve subastas compra y venta: tester','2015-05-20 15:27:32','2015-05-20 15:27:32',1,1);
INSERT INTO "images" VALUES(25,11,'App\Feature','products/3/201505200305053232-nYaWvMHseQ2xir6LQekc.gif','image/gif','orbiagro.com.ve subastas compra y venta: tester','2015-05-20 15:27:32','2015-05-20 15:27:32',1,1);
INSERT INTO "images" VALUES(26,12,'App\Feature','products/3/201505200305053333-rf1IfuojbdNxaE574LvM.gif','image/gif','orbiagro.com.ve subastas compra y venta: tester','2015-05-20 15:27:33','2015-05-20 15:27:33',1,1);
INSERT INTO "images" VALUES(27,13,'App\Feature','products/3/201505200305053333-IQQsltva7dUQtnnD05X9.gif','image/gif','orbiagro.com.ve subastas compra y venta: tester','2015-05-20 15:27:33','2015-05-20 15:27:33',1,1);
INSERT INTO "images" VALUES(28,14,'App\Feature','products/3/201505200305053434-8lRGx3c3irUbRpZHIfho.gif','image/gif','orbiagro.com.ve subastas compra y venta: tester','2015-05-20 15:27:34','2015-05-20 15:27:34',1,1);
INSERT INTO "images" VALUES(29,15,'App\Feature','products/3/201505200305053434-XfymlxTxXcDWayC0JnYg.gif','image/gif','orbiagro.com.ve subastas compra y venta: tester','2015-05-20 15:27:34','2015-05-20 15:27:34',1,1);
INSERT INTO "images" VALUES(30,16,'App\Feature','products/4/201505200305053535-Vvjvnl9tCE4z3L52mC5h.gif','image/gif','orbiagro.com.ve subastas compra y venta: tester','2015-05-20 15:27:35','2015-05-20 15:27:35',1,1);
INSERT INTO "images" VALUES(31,17,'App\Feature','products/4/201505200305053535-YIDNiH9HcUKRWqoaYKv5.gif','image/gif','orbiagro.com.ve subastas compra y venta: tester','2015-05-20 15:27:35','2015-05-20 15:27:35',1,1);
INSERT INTO "images" VALUES(32,18,'App\Feature','products/4/201505200305053636-mAj5r97Zo6qV5eMTvsMe.gif','image/gif','orbiagro.com.ve subastas compra y venta: tester','2015-05-20 15:27:36','2015-05-20 15:27:36',1,1);
INSERT INTO "images" VALUES(33,19,'App\Feature','products/4/201505200305053636-8sBojOdXbDOrKcXwkljF.gif','image/gif','orbiagro.com.ve subastas compra y venta: tester','2015-05-20 15:27:36','2015-05-20 15:27:36',1,1);
INSERT INTO "images" VALUES(34,20,'App\Feature','products/4/201505200305053737-a2SKcXaS3OEfz0VZhwxa.gif','image/gif','orbiagro.com.ve subastas compra y venta: tester','2015-05-20 15:27:37','2015-05-20 15:27:37',1,1);
INSERT INTO "images" VALUES(35,21,'App\Feature','products/5/201505200305053737-9JyLDcD60lyBOJDlZlxW.gif','image/gif','orbiagro.com.ve subastas compra y venta: tester','2015-05-20 15:27:37','2015-05-20 15:27:37',1,1);
INSERT INTO "images" VALUES(36,22,'App\Feature','products/5/201505200305053838-SaVLBnok4oM91dJZpEsR.gif','image/gif','orbiagro.com.ve subastas compra y venta: tester','2015-05-20 15:27:38','2015-05-20 15:27:38',1,1);
INSERT INTO "images" VALUES(37,23,'App\Feature','products/5/201505200305053838-mN53q8gLsiRY9Ljpf2md.gif','image/gif','orbiagro.com.ve subastas compra y venta: tester','2015-05-20 15:27:38','2015-05-20 15:27:38',1,1);
INSERT INTO "images" VALUES(38,24,'App\Feature','products/5/201505200305053838-gOjwQ11vubdFYjGTlH1N.gif','image/gif','orbiagro.com.ve subastas compra y venta: tester','2015-05-20 15:27:38','2015-05-20 15:27:38',1,1);
INSERT INTO "images" VALUES(39,25,'App\Feature','products/5/201505200305053939-vGT1c9rJjB63JtB8J0K4.gif','image/gif','orbiagro.com.ve subastas compra y venta: tester','2015-05-20 15:27:39','2015-05-20 15:27:39',1,1);
INSERT INTO "images" VALUES(40,26,'App\Feature','products/6/201505200305053939-bTzxFcTVOEuRcEtaTSzA.gif','image/gif','orbiagro.com.ve subastas compra y venta: tester','2015-05-20 15:27:39','2015-05-20 15:27:39',1,1);
INSERT INTO "images" VALUES(41,27,'App\Feature','products/6/201505200305054040-bSaWuu5QcB5LIk4sB6Nj.gif','image/gif','orbiagro.com.ve subastas compra y venta: tester','2015-05-20 15:27:40','2015-05-20 15:27:40',1,1);
INSERT INTO "images" VALUES(42,28,'App\Feature','products/6/201505200305054040-OkVwCnBaWtxH7oE7Bgva.gif','image/gif','orbiagro.com.ve subastas compra y venta: tester','2015-05-20 15:27:40','2015-05-20 15:27:40',1,1);
INSERT INTO "images" VALUES(43,29,'App\Feature','products/6/201505200305054141-1yHGgB1IZK2Bc2smY8XM.gif','image/gif','orbiagro.com.ve subastas compra y venta: tester','2015-05-20 15:27:41','2015-05-20 15:27:41',1,1);
INSERT INTO "images" VALUES(44,30,'App\Feature','products/6/201505200305054141-ljqOmQfe0KOUTel92tfp.gif','image/gif','orbiagro.com.ve subastas compra y venta: tester','2015-05-20 15:27:41','2015-05-20 15:27:41',1,1);
INSERT INTO "images" VALUES(45,31,'App\Feature','products/7/201505200305054242-JfviTpGWLoQxJYMtqHKG.gif','image/gif','orbiagro.com.ve subastas compra y venta: tester','2015-05-20 15:27:42','2015-05-20 15:27:42',1,1);
INSERT INTO "images" VALUES(46,32,'App\Feature','products/7/201505200305054242-2GXMIeQvA8C9GjtIHWO6.gif','image/gif','orbiagro.com.ve subastas compra y venta: tester','2015-05-20 15:27:42','2015-05-20 15:27:42',1,1);
INSERT INTO "images" VALUES(47,33,'App\Feature','products/7/201505200305054343-uD5yqdKfVkPt4zkzLmwR.gif','image/gif','orbiagro.com.ve subastas compra y venta: tester','2015-05-20 15:27:43','2015-05-20 15:27:43',1,1);
INSERT INTO "images" VALUES(48,34,'App\Feature','products/7/201505200305054343-eD0uXX7UPLU6jefryrhf.gif','image/gif','orbiagro.com.ve subastas compra y venta: tester','2015-05-20 15:27:43','2015-05-20 15:27:43',1,1);
INSERT INTO "images" VALUES(49,35,'App\Feature','products/7/201505200305054444-HEidWyEUGNPgek8e1wxI.gif','image/gif','orbiagro.com.ve subastas compra y venta: tester','2015-05-20 15:27:44','2015-05-20 15:27:44',1,1);
INSERT INTO "images" VALUES(50,36,'App\Feature','products/8/201505200305054444-ZuLTazCPjJmtfDlJDSzE.gif','image/gif','orbiagro.com.ve subastas compra y venta: tester','2015-05-20 15:27:44','2015-05-20 15:27:44',1,1);
INSERT INTO "images" VALUES(51,37,'App\Feature','products/8/201505200305054444-cr7kyUVEGOArMqqDJXmx.gif','image/gif','orbiagro.com.ve subastas compra y venta: tester','2015-05-20 15:27:44','2015-05-20 15:27:44',1,1);
INSERT INTO "images" VALUES(52,38,'App\Feature','products/8/201505200305054545-PwXaCt62kmHIvEyt2C09.gif','image/gif','orbiagro.com.ve subastas compra y venta: tester','2015-05-20 15:27:45','2015-05-20 15:27:45',1,1);
INSERT INTO "images" VALUES(53,39,'App\Feature','products/8/201505200305054646-mPglka85gGUQ6FY5w7M0.gif','image/gif','orbiagro.com.ve subastas compra y venta: tester','2015-05-20 15:27:46','2015-05-20 15:27:46',1,1);
INSERT INTO "images" VALUES(54,40,'App\Feature','products/8/201505200305054646-hDlypSFkRr4o5E7WRep8.gif','image/gif','orbiagro.com.ve subastas compra y venta: tester','2015-05-20 15:27:46','2015-05-20 15:27:46',1,1);
INSERT INTO "images" VALUES(55,1,'App\Product','products/1/201505200305055454-5CQSTKGhFOxKnTLElIcV.gif','image/gif','orbiagro.com.ve subastas compra y venta: laborum-quidem-voluptates-et-iusto-veritatis-voluptas','2015-05-20 15:27:54','2015-05-20 15:27:54',1,1);
INSERT INTO "images" VALUES(56,2,'App\Product','products/2/201505200305055555-EkY6eVm7M9wmFAUP0yBE.gif','image/gif','orbiagro.com.ve subastas compra y venta: ipsam-sed-qui-saepe-architecto-nobis','2015-05-20 15:27:55','2015-05-20 15:27:55',1,1);
INSERT INTO "images" VALUES(57,3,'App\Product','products/3/201505200305055555-fl9QHXrXrO6p6l7yx6bC.gif','image/gif','orbiagro.com.ve subastas compra y venta: suscipit-laudantium-ea-incidunt','2015-05-20 15:27:55','2015-05-20 15:27:55',1,1);
INSERT INTO "images" VALUES(58,4,'App\Product','products/4/201505200305055656-ez6DM8lCxjGKxw04wuyk.gif','image/gif','orbiagro.com.ve subastas compra y venta: provident-iste-atque-aut','2015-05-20 15:27:56','2015-05-20 15:27:56',1,1);
INSERT INTO "images" VALUES(59,5,'App\Product','products/5/201505200305055656-4mCVQ40nzTpiDPNhTjcV.gif','image/gif','orbiagro.com.ve subastas compra y venta: fugit-minima-perspiciatis-fuga','2015-05-20 15:27:56','2015-05-20 15:27:56',1,1);
INSERT INTO "images" VALUES(60,6,'App\Product','products/6/201505200305055656-UdNYzr3fHglCHOOVTWNz.gif','image/gif','orbiagro.com.ve subastas compra y venta: eius-veniam-voluptatem-facilis','2015-05-20 15:27:56','2015-05-20 15:27:56',1,1);
INSERT INTO "images" VALUES(61,7,'App\Product','products/7/201505200305055656-g0WreiSacwOjGLV2Pi2D.gif','image/gif','orbiagro.com.ve subastas compra y venta: velit-nostrum-quibusdam-velit','2015-05-20 15:27:56','2015-05-20 15:27:56',1,1);
INSERT INTO "images" VALUES(62,8,'App\Product','products/8/201505200305055757-PEoXV9IVA4F5RSrHoIvh.gif','image/gif','orbiagro.com.ve subastas compra y venta: quibusdam-dolorem-eos-sint-odit-inventore','2015-05-20 15:27:57','2015-05-20 15:27:57',1,1);
INSERT INTO "images" VALUES(63,1,'App\Category','category/1/201505200305055757-ETfGBPoOzaLYxWEWh90X.gif','image/gif','orbiagro.com.ve subastas compra y venta: ','2015-05-20 15:27:57','2015-05-20 15:27:57',1,1);
INSERT INTO "images" VALUES(64,2,'App\Category','category/2/201505200305055858-7UbiYwFmh0txrtImNmL5.gif','image/gif','orbiagro.com.ve subastas compra y venta: ','2015-05-20 15:27:58','2015-05-20 15:27:58',1,1);
INSERT INTO "images" VALUES(65,1,'App\SubCategory','sub-category/1/201505200305055858-m2LBGKs5iwz8hiUtfK9K.gif','image/gif','orbiagro.com.ve subastas compra y venta: ','2015-05-20 15:27:58','2015-05-20 15:27:58',1,1);
INSERT INTO "images" VALUES(66,2,'App\SubCategory','sub-category/2/201505200305055858-Adn9UQM9LZet2gMhxbY5.gif','image/gif','orbiagro.com.ve subastas compra y venta: ','2015-05-20 15:27:58','2015-05-20 15:27:58',1,1);
INSERT INTO "images" VALUES(67,3,'App\SubCategory','sub-category/3/201505200305055858-PrbLfBPjAu8uvp0Z5NTz.gif','image/gif','orbiagro.com.ve subastas compra y venta: ','2015-05-20 15:27:58','2015-05-20 15:27:58',1,1);
INSERT INTO "images" VALUES(68,4,'App\SubCategory','sub-category/4/201505200305055858-df7YqS4jSV2cfd6dUUDU.gif','image/gif','orbiagro.com.ve subastas compra y venta: ','2015-05-20 15:27:58','2015-05-20 15:27:58',1,1);
INSERT INTO "images" VALUES(69,5,'App\SubCategory','sub-category/5/201505200305055858-3j9VfXyWg9KmIImTJagM.gif','image/gif','orbiagro.com.ve subastas compra y venta: ','2015-05-20 15:27:58','2015-05-20 15:27:58',1,1);
INSERT INTO "images" VALUES(70,6,'App\SubCategory','sub-category/6/201505200305055959-tPd5BewuLYJPLLx5znYX.gif','image/gif','orbiagro.com.ve subastas compra y venta: ','2015-05-20 15:27:59','2015-05-20 15:27:59',1,1);
INSERT INTO "images" VALUES(71,7,'App\SubCategory','sub-category/7/201505200305055959-qlwMarwBdEKuH5L1oGQ7.gif','image/gif','orbiagro.com.ve subastas compra y venta: ','2015-05-20 15:27:59','2015-05-20 15:27:59',1,1);
CREATE TABLE "characteristics" ("id" integer not null primary key autoincrement, "product_id" integer not null, "height" integer null, "width" integer null, "depth" integer null, "weight" integer null, "units" integer null, "created_at" datetime not null, "updated_at" datetime not null, "created_by" integer not null, "updated_by" integer not null, foreign key("product_id") references "products"("id"), foreign key("created_by") references "users"("id"), foreign key("updated_by") references "users"("id"));
INSERT INTO "characteristics" VALUES(1,1,1,1,1,1,1,'2015-05-20 15:27:46','2015-05-20 15:27:46',1,1);
INSERT INTO "characteristics" VALUES(2,2,1,1,1,1,1,'2015-05-20 15:27:47','2015-05-20 15:27:47',1,1);
INSERT INTO "characteristics" VALUES(3,3,1,1,1,1,1,'2015-05-20 15:27:47','2015-05-20 15:27:47',1,1);
INSERT INTO "characteristics" VALUES(4,4,1,1,1,1,1,'2015-05-20 15:27:47','2015-05-20 15:27:47',1,1);
INSERT INTO "characteristics" VALUES(5,5,1,1,1,1,1,'2015-05-20 15:27:47','2015-05-20 15:27:47',1,1);
INSERT INTO "characteristics" VALUES(6,6,1,1,1,1,1,'2015-05-20 15:27:47','2015-05-20 15:27:47',1,1);
INSERT INTO "characteristics" VALUES(7,7,1,1,1,1,1,'2015-05-20 15:27:47','2015-05-20 15:27:47',1,1);
INSERT INTO "characteristics" VALUES(8,8,1,1,1,1,1,'2015-05-20 15:27:48','2015-05-20 15:27:48',1,1);
CREATE TABLE "features" ("id" integer not null primary key autoincrement, "product_id" integer not null, "title" varchar not null, "description" varchar not null, "created_at" datetime not null, "updated_at" datetime not null, "created_by" integer not null, "updated_by" integer not null, foreign key("product_id") references "products"("id"), foreign key("created_by") references "users"("id"), foreign key("updated_by") references "users"("id"));
INSERT INTO "features" VALUES(1,1,'tester','tester','2015-05-20 15:27:28','2015-05-20 15:27:28',1,1);
INSERT INTO "features" VALUES(2,1,'tester','tester','2015-05-20 15:27:28','2015-05-20 15:27:28',1,1);
INSERT INTO "features" VALUES(3,1,'tester','tester','2015-05-20 15:27:29','2015-05-20 15:27:29',1,1);
INSERT INTO "features" VALUES(4,1,'tester','tester','2015-05-20 15:27:29','2015-05-20 15:27:29',1,1);
INSERT INTO "features" VALUES(5,1,'tester','tester','2015-05-20 15:27:29','2015-05-20 15:27:29',1,1);
INSERT INTO "features" VALUES(6,2,'tester','tester','2015-05-20 15:27:30','2015-05-20 15:27:30',1,1);
INSERT INTO "features" VALUES(7,2,'tester','tester','2015-05-20 15:27:30','2015-05-20 15:27:30',1,1);
INSERT INTO "features" VALUES(8,2,'tester','tester','2015-05-20 15:27:31','2015-05-20 15:27:31',1,1);
INSERT INTO "features" VALUES(9,2,'tester','tester','2015-05-20 15:27:31','2015-05-20 15:27:31',1,1);
INSERT INTO "features" VALUES(10,2,'tester','tester','2015-05-20 15:27:32','2015-05-20 15:27:32',1,1);
INSERT INTO "features" VALUES(11,3,'tester','tester','2015-05-20 15:27:32','2015-05-20 15:27:32',1,1);
INSERT INTO "features" VALUES(12,3,'tester','tester','2015-05-20 15:27:33','2015-05-20 15:27:33',1,1);
INSERT INTO "features" VALUES(13,3,'tester','tester','2015-05-20 15:27:33','2015-05-20 15:27:33',1,1);
INSERT INTO "features" VALUES(14,3,'tester','tester','2015-05-20 15:27:34','2015-05-20 15:27:34',1,1);
INSERT INTO "features" VALUES(15,3,'tester','tester','2015-05-20 15:27:34','2015-05-20 15:27:34',1,1);
INSERT INTO "features" VALUES(16,4,'tester','tester','2015-05-20 15:27:34','2015-05-20 15:27:34',1,1);
INSERT INTO "features" VALUES(17,4,'tester','tester','2015-05-20 15:27:35','2015-05-20 15:27:35',1,1);
INSERT INTO "features" VALUES(18,4,'tester','tester','2015-05-20 15:27:36','2015-05-20 15:27:36',1,1);
INSERT INTO "features" VALUES(19,4,'tester','tester','2015-05-20 15:27:36','2015-05-20 15:27:36',1,1);
INSERT INTO "features" VALUES(20,4,'tester','tester','2015-05-20 15:27:36','2015-05-20 15:27:36',1,1);
INSERT INTO "features" VALUES(21,5,'tester','tester','2015-05-20 15:27:37','2015-05-20 15:27:37',1,1);
INSERT INTO "features" VALUES(22,5,'tester','tester','2015-05-20 15:27:37','2015-05-20 15:27:37',1,1);
INSERT INTO "features" VALUES(23,5,'tester','tester','2015-05-20 15:27:38','2015-05-20 15:27:38',1,1);
INSERT INTO "features" VALUES(24,5,'tester','tester','2015-05-20 15:27:38','2015-05-20 15:27:38',1,1);
INSERT INTO "features" VALUES(25,5,'tester','tester','2015-05-20 15:27:39','2015-05-20 15:27:39',1,1);
INSERT INTO "features" VALUES(26,6,'tester','tester','2015-05-20 15:27:39','2015-05-20 15:27:39',1,1);
INSERT INTO "features" VALUES(27,6,'tester','tester','2015-05-20 15:27:40','2015-05-20 15:27:40',1,1);
INSERT INTO "features" VALUES(28,6,'tester','tester','2015-05-20 15:27:40','2015-05-20 15:27:40',1,1);
INSERT INTO "features" VALUES(29,6,'tester','tester','2015-05-20 15:27:41','2015-05-20 15:27:41',1,1);
INSERT INTO "features" VALUES(30,6,'tester','tester','2015-05-20 15:27:41','2015-05-20 15:27:41',1,1);
INSERT INTO "features" VALUES(31,7,'tester','tester','2015-05-20 15:27:42','2015-05-20 15:27:42',1,1);
INSERT INTO "features" VALUES(32,7,'tester','tester','2015-05-20 15:27:42','2015-05-20 15:27:42',1,1);
INSERT INTO "features" VALUES(33,7,'tester','tester','2015-05-20 15:27:42','2015-05-20 15:27:42',1,1);
INSERT INTO "features" VALUES(34,7,'tester','tester','2015-05-20 15:27:43','2015-05-20 15:27:43',1,1);
INSERT INTO "features" VALUES(35,7,'tester','tester','2015-05-20 15:27:43','2015-05-20 15:27:43',1,1);
INSERT INTO "features" VALUES(36,8,'tester','tester','2015-05-20 15:27:44','2015-05-20 15:27:44',1,1);
INSERT INTO "features" VALUES(37,8,'tester','tester','2015-05-20 15:27:44','2015-05-20 15:27:44',1,1);
INSERT INTO "features" VALUES(38,8,'tester','tester','2015-05-20 15:27:45','2015-05-20 15:27:45',1,1);
INSERT INTO "features" VALUES(39,8,'tester','tester','2015-05-20 15:27:45','2015-05-20 15:27:45',1,1);
INSERT INTO "features" VALUES(40,8,'tester','tester','2015-05-20 15:27:46','2015-05-20 15:27:46',1,1);
CREATE TABLE "mechanical_infos" ("id" integer not null primary key autoincrement, "product_id" integer not null, "motor" varchar null, "motor_serial" varchar null, "model" varchar null, "cylinders" integer null, "horsepower" integer null, "mileage" integer null, "traction" integer null, "lift" integer null, "created_at" datetime not null, "updated_at" datetime not null, "created_by" integer not null, "updated_by" integer not null, foreign key("product_id") references "products"("id"), foreign key("created_by") references "users"("id"), foreign key("updated_by") references "users"("id"));
INSERT INTO "mechanical_infos" VALUES(1,1,'1','1','1',1,1,1,1,1,'2015-05-20 15:27:49','2015-05-20 15:27:49',1,1);
INSERT INTO "mechanical_infos" VALUES(2,2,'1','1','1',1,1,1,1,1,'2015-05-20 15:27:49','2015-05-20 15:27:49',1,1);
INSERT INTO "mechanical_infos" VALUES(3,3,'1','1','1',1,1,1,1,1,'2015-05-20 15:27:49','2015-05-20 15:27:49',1,1);
INSERT INTO "mechanical_infos" VALUES(4,4,'1','1','1',1,1,1,1,1,'2015-05-20 15:27:49','2015-05-20 15:27:49',1,1);
INSERT INTO "mechanical_infos" VALUES(5,5,'1','1','1',1,1,1,1,1,'2015-05-20 15:27:50','2015-05-20 15:27:50',1,1);
INSERT INTO "mechanical_infos" VALUES(6,6,'1','1','1',1,1,1,1,1,'2015-05-20 15:27:50','2015-05-20 15:27:50',1,1);
INSERT INTO "mechanical_infos" VALUES(7,7,'1','1','1',1,1,1,1,1,'2015-05-20 15:27:50','2015-05-20 15:27:50',1,1);
INSERT INTO "mechanical_infos" VALUES(8,8,'1','1','1',1,1,1,1,1,'2015-05-20 15:27:50','2015-05-20 15:27:50',1,1);
CREATE TABLE "nutritionals" ("id" integer not null primary key autoincrement, "product_id" integer not null, "due" date null, "created_at" datetime not null, "updated_at" datetime not null, "created_by" integer not null, "updated_by" integer not null, foreign key("product_id") references "products"("id"), foreign key("created_by") references "users"("id"), foreign key("updated_by") references "users"("id"));
INSERT INTO "nutritionals" VALUES(1,1,'1999-09-09','2015-05-20 15:27:48','2015-05-20 15:27:48',1,1);
INSERT INTO "nutritionals" VALUES(2,2,'1999-09-09','2015-05-20 15:27:48','2015-05-20 15:27:48',1,1);
INSERT INTO "nutritionals" VALUES(3,3,'1999-09-09','2015-05-20 15:27:48','2015-05-20 15:27:48',1,1);
INSERT INTO "nutritionals" VALUES(4,4,'1999-09-09','2015-05-20 15:27:48','2015-05-20 15:27:48',1,1);
INSERT INTO "nutritionals" VALUES(5,5,'1999-09-09','2015-05-20 15:27:48','2015-05-20 15:27:48',1,1);
INSERT INTO "nutritionals" VALUES(6,6,'1999-09-09','2015-05-20 15:27:48','2015-05-20 15:27:48',1,1);
INSERT INTO "nutritionals" VALUES(7,7,'1999-09-09','2015-05-20 15:27:49','2015-05-20 15:27:49',1,1);
INSERT INTO "nutritionals" VALUES(8,8,'1999-09-09','2015-05-20 15:27:49','2015-05-20 15:27:49',1,1);
CREATE TABLE "visits" ("id" integer not null primary key autoincrement, "user_id" integer not null, "visitable_id" integer not null, "visitable_type" varchar not null, "total" integer not null, "created_at" datetime not null, "updated_at" datetime not null, foreign key("user_id") references "users"("id") on delete cascade);
INSERT INTO "visits" VALUES(1,1,1,'App\Product',1,'2015-05-20 15:27:54','2015-05-20 15:27:54');
CREATE TABLE "banks" ("id" integer not null primary key autoincrement, "description" varchar not null, "created_at" datetime not null, "updated_at" datetime not null);
INSERT INTO "banks" VALUES(1,'Sin Banco Asociado','2015-05-20 15:27:50','2015-05-20 15:27:50');
INSERT INTO "banks" VALUES(2,'Banco Gestora Quiñónez','2015-05-20 15:27:50','2015-05-20 15:27:50');
INSERT INTO "banks" VALUES(3,'Banco Roldan-Gurule e Hijo','2015-05-20 15:27:51','2015-05-20 15:27:51');
INSERT INTO "banks" VALUES(4,'Banco Contreras, De la torre y Almanza e Hija','2015-05-20 15:27:51','2015-05-20 15:27:51');
INSERT INTO "banks" VALUES(5,'Banco Garay de Duran SRL','2015-05-20 15:27:51','2015-05-20 15:27:51');
INSERT INTO "banks" VALUES(6,'Banco Duran-Solís','2015-05-20 15:27:51','2015-05-20 15:27:51');
INSERT INTO "banks" VALUES(7,'Banco Mireles, Lucio y Izquierdo e Hija','2015-05-20 15:27:51','2015-05-20 15:27:51');
INSERT INTO "banks" VALUES(8,'Banco Archuleta y Mora y Asoc.','2015-05-20 15:27:51','2015-05-20 15:27:51');
INSERT INTO "banks" VALUES(9,'Banco Esquibel, Rosas y Padrón SA','2015-05-20 15:27:51','2015-05-20 15:27:51');
INSERT INTO "banks" VALUES(10,'Banco Pérez y Lorenzo','2015-05-20 15:27:52','2015-05-20 15:27:52');
INSERT INTO "banks" VALUES(11,'Banco Hernádez y Holguín','2015-05-20 15:27:52','2015-05-20 15:27:52');
CREATE TABLE "card_types" ("id" integer not null primary key autoincrement, "description" varchar not null, "created_at" datetime not null, "updated_at" datetime not null);
INSERT INTO "card_types" VALUES(1,'Visa','2015-05-20 15:27:52','2015-05-20 15:27:52');
INSERT INTO "card_types" VALUES(2,'MasterCard','2015-05-20 15:27:52','2015-05-20 15:27:52');
INSERT INTO "card_types" VALUES(3,'American Express','2015-05-20 15:27:52','2015-05-20 15:27:52');
INSERT INTO "card_types" VALUES(4,'Discover Card','2015-05-20 15:27:52','2015-05-20 15:27:52');
INSERT INTO "card_types" VALUES(5,'Debito','2015-05-20 15:27:52','2015-05-20 15:27:52');
INSERT INTO "card_types" VALUES(6,'Sin Tarjeta Asociada','2015-05-20 15:27:53','2015-05-20 15:27:53');
CREATE TABLE "billings" ("id" integer not null primary key autoincrement, "user_id" integer not null, "bank_id" integer null, "card_type_id" integer null, "card_number" varchar null, "bank_account" varchar null, "expiration" varchar null, "comments" varchar null, "created_at" datetime not null, "updated_at" datetime not null, "created_by" integer not null, "updated_by" integer not null, foreign key("user_id") references "users"("id") on delete cascade, foreign key("bank_id") references "banks"("id"), foreign key("card_type_id") references "card_types"("id"), foreign key("created_by") references "users"("id"), foreign key("updated_by") references "users"("id"));
INSERT INTO "billings" VALUES(1,1,1,6,'6011032875373999','ES8984982888933219995059','09/16','Labore voluptatem rerum laudantium quod. Dolor autem voluptas quia nemo vel. Sint mollitia est pariatur vel deserunt voluptates. Sed nam deserunt quaerat tempore voluptates quisquam quis.','2015-05-20 15:27:53','2015-05-20 15:27:53',1,1);
INSERT INTO "billings" VALUES(2,2,1,6,'5121138575371469','ES1140959131896975998673','08/17','Ut culpa rerum molestias alias est amet aut quibusdam. Quam incidunt aut eum suscipit quia iusto. Rem laboriosam animi rerum. Ipsa quia autem ex nam explicabo est.','2015-05-20 15:27:53','2015-05-20 15:27:53',2,2);
CREATE TABLE "maker_sub_category" ("maker_id" integer not null, "sub_category_id" integer not null, foreign key("maker_id") references "makers"("id"), foreign key("sub_category_id") references "sub_categories"("id"));
INSERT INTO "maker_sub_category" VALUES(1,1);
INSERT INTO "maker_sub_category" VALUES(2,1);
INSERT INTO "maker_sub_category" VALUES(3,2);
INSERT INTO "maker_sub_category" VALUES(4,2);
INSERT INTO "maker_sub_category" VALUES(5,3);
INSERT INTO "maker_sub_category" VALUES(6,3);
INSERT INTO "maker_sub_category" VALUES(7,4);
INSERT INTO "maker_sub_category" VALUES(8,4);
INSERT INTO "maker_sub_category" VALUES(9,5);
INSERT INTO "maker_sub_category" VALUES(10,5);
INSERT INTO "maker_sub_category" VALUES(11,6);
INSERT INTO "maker_sub_category" VALUES(12,6);
INSERT INTO "maker_sub_category" VALUES(13,7);
INSERT INTO "maker_sub_category" VALUES(14,7);
CREATE TABLE "product_user" ("product_id" integer not null, "user_id" integer not null, "quantity" integer not null, "created_at" datetime not null, "updated_at" datetime not null, foreign key("product_id") references "products"("id") on delete cascade, foreign key("user_id") references "users"("id") on delete cascade);
INSERT INTO "product_user" VALUES(1,1,1,'2015-05-20 15:27:53','2015-05-20 15:27:53');
INSERT INTO "product_user" VALUES(2,1,2,'2015-05-20 15:27:53','2015-05-20 15:27:53');
INSERT INTO "product_user" VALUES(3,1,3,'2015-05-20 15:27:53','2015-05-20 15:27:53');
INSERT INTO "product_user" VALUES(4,1,4,'2015-05-20 15:27:54','2015-05-20 15:27:54');
INSERT INTO "product_user" VALUES(5,1,2,'2015-05-20 15:27:54','2015-05-20 15:27:54');
INSERT INTO "product_user" VALUES(6,1,5,'2015-05-20 15:27:54','2015-05-20 15:27:54');
INSERT INTO "product_user" VALUES(7,1,3,'2015-05-20 15:27:54','2015-05-20 15:27:54');
INSERT INTO "product_user" VALUES(8,1,2,'2015-05-20 15:27:54','2015-05-20 15:27:54');
CREATE TABLE "map_details" ("id" integer not null primary key autoincrement, "direction_id" integer not null, "latitude" float not null, "longitude" float not null, "zoom" integer not null, "created_at" datetime not null, "updated_at" datetime not null, foreign key("direction_id") references "directions"("id") on delete cascade);
INSERT INTO "map_details" VALUES(1,10,10.492315,-66.932899,12,'2015-05-20 15:27:27','2015-05-20 15:27:27');
CREATE TABLE "user_confirmations" ("id" integer not null primary key autoincrement, "user_id" integer not null, "data" varchar null, foreign key("user_id") references "users"("id") on delete cascade);
DELETE FROM sqlite_sequence;
INSERT INTO "sqlite_sequence" VALUES('profiles',3);
INSERT INTO "sqlite_sequence" VALUES('genders',2);
INSERT INTO "sqlite_sequence" VALUES('nationalities',2);
INSERT INTO "sqlite_sequence" VALUES('states',1);
INSERT INTO "sqlite_sequence" VALUES('towns',1);
INSERT INTO "sqlite_sequence" VALUES('parishes',1);
INSERT INTO "sqlite_sequence" VALUES('users',2);
INSERT INTO "sqlite_sequence" VALUES('people',2);
INSERT INTO "sqlite_sequence" VALUES('directions',10);
INSERT INTO "sqlite_sequence" VALUES('categories',2);
INSERT INTO "sqlite_sequence" VALUES('sub_categories',7);
INSERT INTO "sqlite_sequence" VALUES('makers',14);
INSERT INTO "sqlite_sequence" VALUES('images',71);
INSERT INTO "sqlite_sequence" VALUES('products',8);
INSERT INTO "sqlite_sequence" VALUES('map_details',1);
INSERT INTO "sqlite_sequence" VALUES('features',40);
INSERT INTO "sqlite_sequence" VALUES('files',48);
INSERT INTO "sqlite_sequence" VALUES('characteristics',8);
INSERT INTO "sqlite_sequence" VALUES('nutritionals',8);
INSERT INTO "sqlite_sequence" VALUES('mechanical_infos',8);
INSERT INTO "sqlite_sequence" VALUES('banks',11);
INSERT INTO "sqlite_sequence" VALUES('card_types',6);
INSERT INTO "sqlite_sequence" VALUES('billings',2);
INSERT INTO "sqlite_sequence" VALUES('visits',1);
INSERT INTO "sqlite_sequence" VALUES('promotions',1);
CREATE UNIQUE INDEX users_email_unique on "users" ("email");
CREATE INDEX password_resets_email_index on "password_resets" ("email");
CREATE INDEX password_resets_token_index on "password_resets" ("token");
CREATE INDEX product_user_product_id_index on "product_user" ("product_id");
CREATE INDEX product_user_user_id_index on "product_user" ("user_id");
CREATE INDEX user_confirmations_user_id_index on "user_confirmations" ("user_id");
COMMIT;
