PRAGMA foreign_keys=OFF;
BEGIN TRANSACTION;
CREATE TABLE "migrations" ("migration" varchar not null, "batch" integer not null);
INSERT INTO "migrations" VALUES('2014_10_12_000000_create_users_table',1);
INSERT INTO "migrations" VALUES('2014_10_12_100000_create_password_resets_table',1);
INSERT INTO "migrations" VALUES('2015_03_10_140053_create_profiles_table',1);
INSERT INTO "migrations" VALUES('2015_03_10_140153_create_genders_table',1);
INSERT INTO "migrations" VALUES('2015_03_10_142938_create_states_table',1);
INSERT INTO "migrations" VALUES('2015_03_10_154237_create_towns_table',1);
INSERT INTO "migrations" VALUES('2015_03_10_154410_create_parishes_table',1);
INSERT INTO "migrations" VALUES('2015_03_10_154455_create_directions_table',1);
INSERT INTO "migrations" VALUES('2015_03_10_173459_create_nationalities_table',1);
INSERT INTO "migrations" VALUES('2015_03_10_173503_create_people_table',1);
INSERT INTO "migrations" VALUES('2015_03_13_193841_create_makers_table',1);
INSERT INTO "migrations" VALUES('2015_03_13_194526_create_categories_table',1);
INSERT INTO "migrations" VALUES('2015_03_13_195124_create_sub_categories_table',1);
INSERT INTO "migrations" VALUES('2015_03_13_202223_create_products_table',1);
INSERT INTO "migrations" VALUES('2015_03_13_203000_create_promo_types_table',1);
INSERT INTO "migrations" VALUES('2015_03_13_205446_create_promotions_table',1);
INSERT INTO "migrations" VALUES('2015_03_13_205519_create_product_promotion_table',1);
INSERT INTO "migrations" VALUES('2015_03_13_205737_create_files_table',1);
INSERT INTO "migrations" VALUES('2015_03_13_212413_create_images_table',1);
INSERT INTO "migrations" VALUES('2015_03_13_212630_create_characteristics_table',1);
INSERT INTO "migrations" VALUES('2015_03_13_214205_create_features_table',1);
INSERT INTO "migrations" VALUES('2015_03_13_214850_create_mechanical_infos_table',1);
INSERT INTO "migrations" VALUES('2015_03_13_215620_create_nutritionals_table',1);
INSERT INTO "migrations" VALUES('2015_03_13_220817_create_visits_table',1);
INSERT INTO "migrations" VALUES('2015_03_13_221555_create_banks_table',1);
INSERT INTO "migrations" VALUES('2015_03_13_221616_create_card_types_table',1);
INSERT INTO "migrations" VALUES('2015_03_13_221820_create_billings_table',1);
INSERT INTO "migrations" VALUES('2015_03_13_234614_create_maker_sub_category',1);
INSERT INTO "migrations" VALUES('2015_03_17_200518_create_product_user_pivot_table',1);
INSERT INTO "migrations" VALUES('2015_04_28_121249_create_map_details_table',1);
INSERT INTO "migrations" VALUES('2015_04_29_154414_user_confirmations_table',1);
INSERT INTO "migrations" VALUES('2015_07_28_122752_create_providers_table',1);
INSERT INTO "migrations" VALUES('2015_07_28_123909_create_products_providers_table',1);
CREATE TABLE "users" ("id" integer not null primary key autoincrement, "profile_id" integer not null, "name" varchar not null, "email" varchar not null, "password" varchar not null, "remember_token" varchar null, "created_at" datetime not null, "updated_at" datetime not null, "deleted_at" datetime null);
INSERT INTO "users" VALUES(1,1,'tester','tester@tester.com','$2y$10$1/2mweflfO2Ab9b0DilwFOAFVfCd3r7dxPOn0h.SyIggNp/D95Jjm',NULL,'2015-07-29 15:21:48','2015-07-29 15:21:48',NULL);
INSERT INTO "users" VALUES(2,2,'dummy','dummy@tester.com','$2y$10$8F55vtErvIxi2f.ukaG7A.c0nHH5ot9c9F5lmO.dtUrV2.7hzGuFK',NULL,'2015-07-29 15:22:18','2015-07-29 15:22:18',NULL);
CREATE TABLE "password_resets" ("email" varchar not null, "token" varchar not null, "created_at" datetime not null);
CREATE TABLE "profiles" ("id" integer not null primary key autoincrement, "description" varchar not null, "created_at" datetime not null, "updated_at" datetime not null);
INSERT INTO "profiles" VALUES(1,'Administrador','2015-07-29 15:21:48','2015-07-29 15:21:48');
INSERT INTO "profiles" VALUES(2,'Usuario','2015-07-29 15:21:48','2015-07-29 15:21:48');
INSERT INTO "profiles" VALUES(3,'Desactivado','2015-07-29 15:21:48','2015-07-29 15:21:48');
CREATE TABLE "genders" ("id" integer not null primary key autoincrement, "description" varchar not null, "created_by" integer not null, "updated_by" integer not null, "created_at" datetime not null, "updated_at" datetime not null, foreign key("created_by") references "users"("id"), foreign key("updated_by") references "users"("id"));
INSERT INTO "genders" VALUES(1,'Masculino',1,1,'2015-07-29 15:22:16','2015-07-29 15:22:16');
INSERT INTO "genders" VALUES(2,'Femenino',1,1,'2015-07-29 15:22:17','2015-07-29 15:22:17');
CREATE TABLE "states" ("id" integer not null primary key autoincrement, "description" varchar not null, "created_by" integer not null, "updated_by" integer not null, "created_at" datetime not null, "updated_at" datetime not null, foreign key("created_by") references "users"("id"), foreign key("updated_by") references "users"("id"));
INSERT INTO "states" VALUES(1,'Distrito Capital',1,1,'2015-07-29 19:52:17','2015-07-29 19:52:17');
CREATE TABLE "towns" ("id" integer not null primary key autoincrement, "state_id" integer not null, "description" varchar not null, "created_by" integer not null, "updated_by" integer not null, "created_at" datetime not null, "updated_at" datetime not null, foreign key("state_id") references "states"("id"), foreign key("created_by") references "users"("id"), foreign key("updated_by") references "users"("id"));
INSERT INTO "towns" VALUES(1,1,'Libertador',1,1,'2015-07-29 19:52:17','2015-07-29 19:52:17');
CREATE TABLE "parishes" ("id" integer not null primary key autoincrement, "town_id" integer not null, "description" varchar not null, "created_by" integer not null, "updated_by" integer not null, "created_at" datetime not null, "updated_at" datetime not null, foreign key("town_id") references "towns"("id"), foreign key("created_by") references "users"("id"), foreign key("updated_by") references "users"("id"));
INSERT INTO "parishes" VALUES(1,1,'Altagracia',1,1,'2015-07-29 19:52:17','2015-07-29 19:52:17');
CREATE TABLE "directions" ("id" integer not null primary key autoincrement, "directionable_id" integer not null, "directionable_type" varchar not null, "parish_id" integer not null, "details" varchar null, "created_at" datetime not null, "updated_at" datetime not null, "created_by" integer not null, "updated_by" integer not null, "deleted_at" datetime null, foreign key("parish_id") references "parishes"("id"), foreign key("created_by") references "users"("id"), foreign key("updated_by") references "users"("id"));
INSERT INTO "directions" VALUES(1,1,'App\Person',1,'Calle del tester.','2015-07-29 15:22:18','2015-07-29 15:22:18',1,1,NULL);
INSERT INTO "directions" VALUES(2,2,'App\Person',1,'Calle del dummy.','2015-07-29 15:22:18','2015-07-29 15:22:18',2,2,NULL);
INSERT INTO "directions" VALUES(3,1,'App\Product',1,'Rúa Enríquez, 855, 4º A','2015-07-29 15:22:23','2015-07-29 15:22:23',1,1,NULL);
INSERT INTO "directions" VALUES(4,2,'App\Product',1,'Avenida Laureano, 862, Bajo 7º','2015-07-29 15:22:24','2015-07-29 15:22:24',1,1,NULL);
INSERT INTO "directions" VALUES(5,3,'App\Product',1,'Avenida Silvia, 2, Bajo 7º','2015-07-29 15:22:24','2015-07-29 15:22:24',1,1,NULL);
INSERT INTO "directions" VALUES(6,4,'App\Product',1,'Ronda Gerard, 3, 7º A','2015-07-29 15:22:24','2015-07-29 15:22:24',1,1,NULL);
INSERT INTO "directions" VALUES(7,5,'App\Product',1,'Camino Pedroza, 05, 16º B','2015-07-29 15:22:25','2015-07-29 15:22:25',1,1,NULL);
INSERT INTO "directions" VALUES(8,6,'App\Product',1,'Avenida Santiago, 2, 0º 2º','2015-07-29 15:22:25','2015-07-29 15:22:25',1,1,NULL);
INSERT INTO "directions" VALUES(9,7,'App\Product',1,'Avenida Martin, 23, 02º F','2015-07-29 15:22:25','2015-07-29 15:22:25',1,1,NULL);
INSERT INTO "directions" VALUES(10,7,'App\Product',1,'Praza Marti, 0, Entre suelo 4º','2015-07-29 15:22:26','2015-07-29 15:22:26',1,1,NULL);
CREATE TABLE "nationalities" ("id" integer not null primary key autoincrement, "description" varchar not null, "created_by" integer not null, "updated_by" integer not null, "created_at" datetime not null, "updated_at" datetime not null, foreign key("created_by") references "users"("id"), foreign key("updated_by") references "users"("id"));
INSERT INTO "nationalities" VALUES(1,'Venezolano',1,1,'2015-07-29 15:22:17','2015-07-29 15:22:17');
INSERT INTO "nationalities" VALUES(2,'Extrangero',1,1,'2015-07-29 15:22:17','2015-07-29 15:22:17');
CREATE TABLE "people" ("id" integer not null primary key autoincrement, "user_id" integer not null, "gender_id" integer null, "nationality_id" integer null, "first_name" varchar null, "last_name" varchar null, "first_surname" varchar null, "last_surname" varchar null, "identity_card" varchar null, "phone" varchar null, "birth_date" date null, "created_by" integer not null, "updated_by" integer not null, "created_at" datetime not null, "updated_at" datetime not null, foreign key("user_id") references "users"("id") on delete cascade, foreign key("gender_id") references "genders"("id"), foreign key("nationality_id") references "nationalities"("id"), foreign key("created_by") references "users"("id"), foreign key("updated_by") references "users"("id"));
INSERT INTO "people" VALUES(1,1,1,1,'tester',NULL,'tester',NULL,'10000001',NULL,'1999-09-09',1,1,'2015-07-29 15:22:18','2015-07-29 15:22:18');
INSERT INTO "people" VALUES(2,2,1,1,'dummy',NULL,'dummy',NULL,'10000002',NULL,'1999-09-09',2,2,'2015-07-29 15:22:18','2015-07-29 15:22:18');
CREATE TABLE "makers" ("id" integer not null primary key autoincrement, "name" varchar not null, "slug" varchar not null, "domain" varchar null, "url" varchar null, "created_by" integer not null, "updated_by" integer not null, "created_at" datetime not null, "updated_at" datetime not null, foreign key("created_by") references "users"("id"), foreign key("updated_by") references "users"("id"));
INSERT INTO "makers" VALUES(1,'Muro y Mares','muro-y-mares','Bustamante.com','https://Curiel.es/et-quas-vel-nihil.html',1,1,'2015-07-29 15:22:20','2015-07-29 15:22:20');
INSERT INTO "makers" VALUES(2,'Olivas y Aguilar S. de H.','olivas-y-aguilar-s-de-h','Castro.com','http://Samaniego.net/deleniti-non-cupiditate-molestias-sit-quia-atque-dicta.html',1,1,'2015-07-29 15:22:20','2015-07-29 15:22:20');
INSERT INTO "makers" VALUES(3,'Vaca y García','vaca-y-garcia','Sosa.es','http://www.Cuenca.es/perferendis-voluptatum-quia-et-omnis.html',1,1,'2015-07-29 15:22:21','2015-07-29 15:22:21');
INSERT INTO "makers" VALUES(4,'Luevano y Luna e Hija','luevano-y-luna-e-hija','Exposito.com.es','http://www.Quintero.com/vero-ut-ipsum-nihil',1,1,'2015-07-29 15:22:21','2015-07-29 15:22:21');
INSERT INTO "makers" VALUES(5,'Correa-Caro','correa-caro','Carreon.es','http://Munoz.com/',1,1,'2015-07-29 15:22:22','2015-07-29 15:22:22');
INSERT INTO "makers" VALUES(6,'Andreu de Riera S. de H.','andreu-de-riera-s-de-h','Casas.org','http://www.Aguado.com/laborum-in-ea-doloribus-quaerat',1,1,'2015-07-29 15:22:22','2015-07-29 15:22:22');
INSERT INTO "makers" VALUES(7,'Valero y Cobo e Hijo','valero-y-cobo-e-hijo','Esteban.es','http://Lebron.com/',1,1,'2015-07-29 15:22:23','2015-07-29 15:22:23');
CREATE TABLE "categories" ("id" integer not null primary key autoincrement, "description" varchar not null, "info" varchar not null, "slug" varchar not null, "created_by" integer not null, "updated_by" integer not null, "created_at" datetime not null, "updated_at" datetime not null, foreign key("created_by") references "users"("id"), foreign key("updated_by") references "users"("id"));
INSERT INTO "categories" VALUES(1,'Productos Agro-Industriales','Nihil ipsam rerum sint eum. Totam sed voluptatibus omnis unde sed non et. Natus nulla et sint non asperiores. Sed nesciunt in quia consequuntur accusantium non et.','productos-agro-industriales',1,1,'2015-07-29 15:22:18','2015-07-29 15:22:18');
INSERT INTO "categories" VALUES(2,'Productos Alimenticios','Aut ut iure quibusdam. Quia et nobis eos accusamus. Et expedita tempora minima ipsum.','productos-alimenticios',1,1,'2015-07-29 15:22:19','2015-07-29 15:22:19');
CREATE TABLE "sub_categories" ("id" integer not null primary key autoincrement, "category_id" integer not null, "description" varchar not null, "info" varchar not null, "slug" varchar not null, "created_by" integer not null, "updated_by" integer not null, "created_at" datetime not null, "updated_at" datetime not null, foreign key("category_id") references "categories"("id") on delete cascade, foreign key("created_by") references "users"("id"), foreign key("updated_by") references "users"("id"));
INSERT INTO "sub_categories" VALUES(1,1,'Maquinaria Pesada','Molestias vero ullam ut. Rerum omnis voluptas quisquam ut at. Nisi quod nihil ullam dolor cum qui et.','maquinaria-pesada',1,1,'2015-07-29 15:22:19','2015-07-29 15:22:19');
INSERT INTO "sub_categories" VALUES(2,1,'Tractores','Maxime magni quis autem voluptas ut. Eos ad veritatis excepturi dolores omnis voluptatem. Beatae quam praesentium nisi.','tractores',1,1,'2015-07-29 15:22:19','2015-07-29 15:22:19');
INSERT INTO "sub_categories" VALUES(3,1,'Maquinaria Ligera','Vitae iusto dolor facilis aut ut et. Mollitia fugit sunt animi. Cupiditate quae vel officiis.','maquinaria-ligera',1,1,'2015-07-29 15:22:19','2015-07-29 15:22:19');
INSERT INTO "sub_categories" VALUES(4,2,'Chocolate','Praesentium quam natus quia qui hic quo odio. Porro tenetur nisi asperiores ipsam deleniti dolores dolores. Nulla ea sed ad ratione.','chocolate',1,1,'2015-07-29 15:22:19','2015-07-29 15:22:19');
INSERT INTO "sub_categories" VALUES(5,2,'Arroz','Non facilis est dicta quia et voluptatem delectus. Sed omnis quo velit eum magni dolorum unde. Et quidem labore ab voluptatem fugit. Veritatis est aut nemo error rerum ad.','arroz',1,1,'2015-07-29 15:22:19','2015-07-29 15:22:19');
INSERT INTO "sub_categories" VALUES(6,2,'Avena','Cumque deleniti voluptatem autem et sequi. Et tempora totam qui quo sed ratione.','avena',1,1,'2015-07-29 15:22:20','2015-07-29 15:22:20');
INSERT INTO "sub_categories" VALUES(7,2,'Soya','Deleniti ab mollitia labore et illo sit ex. Et deleniti veritatis eligendi non. Quae a ad voluptatum aut et voluptatem. Modi consectetur dolores illum fuga illo quis consequatur.','soya',1,1,'2015-07-29 15:22:20','2015-07-29 15:22:20');
CREATE TABLE "products" ("id" integer not null primary key autoincrement, "user_id" integer not null, "maker_id" integer not null, "sub_category_id" integer not null, "title" varchar not null, "description" text not null, "price" float not null, "quantity" integer not null, "slug" varchar not null, "created_at" datetime not null, "updated_at" datetime not null, "created_by" integer not null, "updated_by" integer not null, "deleted_at" datetime null, foreign key("user_id") references "users"("id") on delete cascade, foreign key("maker_id") references "makers"("id"), foreign key("sub_category_id") references "sub_categories"("id"), foreign key("created_by") references "users"("id"), foreign key("updated_by") references "users"("id"));
INSERT INTO "products" VALUES(1,1,3,1,'Eveniet libero tempore tenetur in.','Dolorem eum id ducimus est optio libero quidem ex. Blanditiis impedit nulla cumque est aut. Temporibus velit aut recusandae. Porro voluptatem qui repellendus magnam et vero laudantium quod.',4414017709.64,8,'eveniet-libero-tempore-tenetur-in','2015-07-29 15:22:23','2015-07-29 15:22:23',1,1,NULL);
INSERT INTO "products" VALUES(2,1,7,2,'Dolorem consequatur odio non vitae.','Voluptas delectus sint dolorem ut assumenda est. A dignissimos voluptatum incidunt at quos repellat. Dicta fugiat est optio repellendus mollitia quia.',5707598140.77,4,'dolorem-consequatur-odio-non-vitae','2015-07-29 15:22:24','2015-07-29 15:22:24',1,1,NULL);
INSERT INTO "products" VALUES(3,1,4,3,'Ut ut non impedit.','Repellat quia sint cupiditate qui. Dolorem quis velit occaecati minima doloribus et omnis. Voluptates sit non numquam sunt.',4027969083.47,4,'ut-ut-non-impedit','2015-07-29 15:22:24','2015-07-29 15:22:24',1,1,NULL);
INSERT INTO "products" VALUES(4,1,5,4,'Voluptatum quis fuga id aliquid.','Dolores laborum reiciendis aperiam qui delectus numquam recusandae et. Aut aperiam earum velit modi officia. Qui recusandae natus sit voluptates voluptate et.',9811974131.38,6,'voluptatum-quis-fuga-id-aliquid','2015-07-29 15:22:24','2015-07-29 15:22:24',1,1,NULL);
INSERT INTO "products" VALUES(5,1,5,5,'Autem dolores labore non iste est modi.','Est assumenda aut dolorem soluta quo voluptatem suscipit. Et et esse consectetur laudantium sit alias ex. Culpa voluptas ipsa vero dolorum.',7882864978.94,9,'autem-dolores-labore-non-iste-est-modi','2015-07-29 15:22:25','2015-07-29 15:22:25',1,1,NULL);
INSERT INTO "products" VALUES(6,1,6,6,'Amet repellendus eum consequatur qui.','Aut consequatur voluptas et. Est et modi quisquam ut vel ex. Dolores aut dolor id ducimus eligendi natus.',851475148.06,6,'amet-repellendus-eum-consequatur-qui','2015-07-29 15:22:25','2015-07-29 15:22:25',1,1,NULL);
INSERT INTO "products" VALUES(7,1,1,1,'Consectetur delectus minima optio ut ut fuga.','Laborum voluptatem molestias quas rem mollitia sequi quos cumque. Voluptate eveniet velit inventore tempore fugit rerum nam. Maxime quibusdam eveniet corrupti qui temporibus quam.',432712177.65,8,'consectetur-delectus-minima-optio-ut-ut-fuga','2015-07-29 15:22:25','2015-07-29 15:22:26',1,1,NULL);
CREATE TABLE "promo_types" ("id" integer not null primary key autoincrement, "description" varchar not null, "created_by" integer not null, "updated_by" integer not null, "created_at" datetime not null, "updated_at" datetime not null, foreign key("created_by") references "users"("id"), foreign key("updated_by") references "users"("id"));
INSERT INTO "promo_types" VALUES(1,'Producto sin imagen',1,1,'2015-07-29 15:22:43','2015-07-29 15:22:43');
INSERT INTO "promo_types" VALUES(2,'1:1 300x300',1,1,'2015-07-29 15:22:44','2015-07-29 15:22:44');
INSERT INTO "promo_types" VALUES(3,'4:1 1200x300',1,1,'2015-07-29 15:22:44','2015-07-29 15:22:44');
INSERT INTO "promo_types" VALUES(4,'4:3 640x480',1,1,'2015-07-29 15:22:44','2015-07-29 15:22:44');
INSERT INTO "promo_types" VALUES(5,'12:5 1200x500',1,1,'2015-07-29 15:22:44','2015-07-29 15:22:44');
INSERT INTO "promo_types" VALUES(6,'13:5 1300x500',1,1,'2015-07-29 15:22:44','2015-07-29 15:22:44');
INSERT INTO "promo_types" VALUES(7,'16:9 1280x720',1,1,'2015-07-29 15:22:44','2015-07-29 15:22:44');
INSERT INTO "promo_types" VALUES(8,'verano',1,1,'2015-07-29 15:22:45','2015-07-29 15:22:45');
INSERT INTO "promo_types" VALUES(9,'otoño',1,1,'2015-07-29 15:22:45','2015-07-29 15:22:45');
INSERT INTO "promo_types" VALUES(10,'invierno',1,1,'2015-07-29 15:22:45','2015-07-29 15:22:45');
INSERT INTO "promo_types" VALUES(11,'primavera',1,1,'2015-07-29 15:22:45','2015-07-29 15:22:45');
CREATE TABLE "promotions" ("id" integer not null primary key autoincrement, "promo_type_id" integer not null, "title" varchar not null, "slug" varchar not null, "percentage" integer null, "static" integer null, "begins" date not null, "ends" date not null, "created_by" integer not null, "updated_by" integer not null, "created_at" datetime not null, "updated_at" datetime not null, foreign key("promo_type_id") references "promo_types"("id"), foreign key("created_by") references "users"("id"), foreign key("updated_by") references "users"("id"));
INSERT INTO "promotions" VALUES(1,11,'Lleva 2, paga 3!','lleva-2-paga-3',10,100,'2011-07-29','2016-07-29',1,1,'2015-07-29 15:22:45','2015-07-29 15:22:45');
CREATE TABLE "product_promotion" ("product_id" integer not null, "promotion_id" integer not null, foreign key("product_id") references "products"("id") on delete cascade, foreign key("promotion_id") references "promotions"("id") on delete cascade);
INSERT INTO "product_promotion" VALUES(1,1);
CREATE TABLE "files" ("id" integer not null primary key autoincrement, "fileable_id" integer not null, "fileable_type" varchar not null, "path" varchar not null, "mime" varchar not null, "created_at" datetime not null, "updated_at" datetime not null, "created_by" integer not null, "updated_by" integer not null, foreign key("created_by") references "users"("id"), foreign key("updated_by") references "users"("id"));
INSERT INTO "files" VALUES(1,1,'App\Feature','products/1/201507290307072626-OOBCbl8CdflBNKPLBuHD.pdf','application/pdf','2015-07-29 15:22:26','2015-07-29 15:22:26',1,1);
INSERT INTO "files" VALUES(2,2,'App\Feature','products/1/201507290307072727-eCYPRgJzYoYycDPnyLx3.pdf','application/pdf','2015-07-29 15:22:27','2015-07-29 15:22:27',1,1);
INSERT INTO "files" VALUES(3,3,'App\Feature','products/2/201507290307072727-42iPJw5Sh87vNPmdWpJI.pdf','application/pdf','2015-07-29 15:22:27','2015-07-29 15:22:27',1,1);
INSERT INTO "files" VALUES(4,4,'App\Feature','products/2/201507290307072828-5STGc3SPWI7otCFRfHle.pdf','application/pdf','2015-07-29 15:22:28','2015-07-29 15:22:28',1,1);
INSERT INTO "files" VALUES(5,5,'App\Feature','products/3/201507290307072828-EFQTtvvcEAPQtQpkykiq.pdf','application/pdf','2015-07-29 15:22:28','2015-07-29 15:22:28',1,1);
INSERT INTO "files" VALUES(6,6,'App\Feature','products/3/201507290307072929-piExy2yQFO8vbZ7pz3Sk.pdf','application/pdf','2015-07-29 15:22:29','2015-07-29 15:22:29',1,1);
INSERT INTO "files" VALUES(7,7,'App\Feature','products/4/201507290307072929-zpG9vyy9JdC3HxduPxXa.pdf','application/pdf','2015-07-29 15:22:29','2015-07-29 15:22:29',1,1);
INSERT INTO "files" VALUES(8,8,'App\Feature','products/4/201507290307073030-9d0NhUQmHa5cuPwvJaqx.pdf','application/pdf','2015-07-29 15:22:30','2015-07-29 15:22:30',1,1);
INSERT INTO "files" VALUES(9,9,'App\Feature','products/5/201507290307073030-krOttSeVJd9S2U7erK2H.pdf','application/pdf','2015-07-29 15:22:30','2015-07-29 15:22:30',1,1);
INSERT INTO "files" VALUES(10,10,'App\Feature','products/5/201507290307073131-t9322EPWjo4MdLwr20PA.pdf','application/pdf','2015-07-29 15:22:31','2015-07-29 15:22:31',1,1);
INSERT INTO "files" VALUES(11,11,'App\Feature','products/6/201507290307073131-SRr7RjIoMDLMxbva7TS7.pdf','application/pdf','2015-07-29 15:22:31','2015-07-29 15:22:31',1,1);
INSERT INTO "files" VALUES(12,12,'App\Feature','products/6/201507290307073232-6NVoBcww0NWWX3APLp1K.pdf','application/pdf','2015-07-29 15:22:32','2015-07-29 15:22:32',1,1);
INSERT INTO "files" VALUES(13,13,'App\Feature','products/7/201507290307073232-YXV3HNf6vPV6gZAYITo2.pdf','application/pdf','2015-07-29 15:22:32','2015-07-29 15:22:32',1,1);
INSERT INTO "files" VALUES(14,14,'App\Feature','products/7/201507290307073333-GuHI5mJERU5AdJdHBk5R.pdf','application/pdf','2015-07-29 15:22:33','2015-07-29 15:22:33',1,1);
INSERT INTO "files" VALUES(15,1,'App\Product','products/1/201507290307074141-1B9BfMmOOlO3uQSBxZ3N.pdf','application/pdf','2015-07-29 15:22:41','2015-07-29 15:22:41',1,1);
INSERT INTO "files" VALUES(16,2,'App\Product','products/2/201507290307074141-cRcTpxsHmSEQhf5Wp9PP.pdf','application/pdf','2015-07-29 15:22:41','2015-07-29 15:22:41',1,1);
INSERT INTO "files" VALUES(17,3,'App\Product','products/3/201507290307074242-mSsxpHHMXi6fx51Vh0CU.pdf','application/pdf','2015-07-29 15:22:42','2015-07-29 15:22:42',1,1);
INSERT INTO "files" VALUES(18,4,'App\Product','products/4/201507290307074242-hSz6BAegYI9L96TaN3JD.pdf','application/pdf','2015-07-29 15:22:42','2015-07-29 15:22:42',1,1);
INSERT INTO "files" VALUES(19,5,'App\Product','products/5/201507290307074242-Rq3Ij1YhSmWR4l1dkrvk.pdf','application/pdf','2015-07-29 15:22:42','2015-07-29 15:22:42',1,1);
INSERT INTO "files" VALUES(20,6,'App\Product','products/6/201507290307074343-DTtTgELhCjhKfAxAELHN.pdf','application/pdf','2015-07-29 15:22:43','2015-07-29 15:22:43',1,1);
INSERT INTO "files" VALUES(21,7,'App\Product','products/7/201507290307074343-N3L7d9z5CsQxFf0EMU7I.pdf','application/pdf','2015-07-29 15:22:43','2015-07-29 15:22:43',1,1);
CREATE TABLE "images" ("id" integer not null primary key autoincrement, "imageable_id" integer not null, "imageable_type" varchar not null, "path" varchar not null, "mime" varchar not null, "alt" varchar not null, "created_at" datetime not null, "updated_at" datetime not null, "created_by" integer not null, "updated_by" integer not null, foreign key("created_by") references "users"("id"), foreign key("updated_by") references "users"("id"));
INSERT INTO "images" VALUES(1,1,'App\Maker','makers/1/201507290307072020-PIa6pBkAnRWNcXBAk9GO.gif','image/gif','orbiagro.com.ve subastas compra y venta: muro-y-mares','2015-07-29 15:22:20','2015-07-29 15:22:20',1,1);
INSERT INTO "images" VALUES(2,2,'App\Maker','makers/2/201507290307072121-EnPrLK1W4DZd1bZ5tN3M.gif','image/gif','orbiagro.com.ve subastas compra y venta: olivas-y-aguilar-s-de-h','2015-07-29 15:22:21','2015-07-29 15:22:21',1,1);
INSERT INTO "images" VALUES(3,3,'App\Maker','makers/3/201507290307072121-Pc7bH14heFE7Jsft5hYA.gif','image/gif','orbiagro.com.ve subastas compra y venta: vaca-y-garcia','2015-07-29 15:22:21','2015-07-29 15:22:21',1,1);
INSERT INTO "images" VALUES(4,4,'App\Maker','makers/4/201507290307072222-EFLxJt6EEjCPZ1sxkHcX.gif','image/gif','orbiagro.com.ve subastas compra y venta: luevano-y-luna-e-hija','2015-07-29 15:22:22','2015-07-29 15:22:22',1,1);
INSERT INTO "images" VALUES(5,5,'App\Maker','makers/5/201507290307072222-ygECwIExYb44ZlkMAlnd.gif','image/gif','orbiagro.com.ve subastas compra y venta: correa-caro','2015-07-29 15:22:22','2015-07-29 15:22:22',1,1);
INSERT INTO "images" VALUES(6,6,'App\Maker','makers/6/201507290307072323-LkWHP5m4rzkOPdbldtCQ.gif','image/gif','orbiagro.com.ve subastas compra y venta: andreu-de-riera-s-de-h','2015-07-29 15:22:23','2015-07-29 15:22:23',1,1);
INSERT INTO "images" VALUES(7,7,'App\Maker','makers/7/201507290307072323-J5UtnILrzAdOe4lft9TQ.gif','image/gif','orbiagro.com.ve subastas compra y venta: valero-y-cobo-e-hijo','2015-07-29 15:22:23','2015-07-29 15:22:23',1,1);
INSERT INTO "images" VALUES(8,1,'App\Feature','products/1/201507290307072626-34bpoU0zVWlYvQxeEJ72.gif','image/gif','orbiagro.com.ve subastas compra y venta: tester','2015-07-29 15:22:26','2015-07-29 15:22:26',1,1);
INSERT INTO "images" VALUES(9,2,'App\Feature','products/1/201507290307072727-pXBxvv8G1ClAY1cscNAW.gif','image/gif','orbiagro.com.ve subastas compra y venta: tester','2015-07-29 15:22:27','2015-07-29 15:22:27',1,1);
INSERT INTO "images" VALUES(10,3,'App\Feature','products/2/201507290307072727-V5SFqhSAq5adqN6Omz8T.gif','image/gif','orbiagro.com.ve subastas compra y venta: tester','2015-07-29 15:22:27','2015-07-29 15:22:27',1,1);
INSERT INTO "images" VALUES(11,4,'App\Feature','products/2/201507290307072828-9XtNobVGSJBPKoVvKghq.gif','image/gif','orbiagro.com.ve subastas compra y venta: tester','2015-07-29 15:22:28','2015-07-29 15:22:28',1,1);
INSERT INTO "images" VALUES(12,5,'App\Feature','products/3/201507290307072828-HUUppWe5oxxWUqZC1HuL.gif','image/gif','orbiagro.com.ve subastas compra y venta: tester','2015-07-29 15:22:28','2015-07-29 15:22:28',1,1);
INSERT INTO "images" VALUES(13,6,'App\Feature','products/3/201507290307072929-K8rVy8wjtbjKbzmBmnFW.gif','image/gif','orbiagro.com.ve subastas compra y venta: tester','2015-07-29 15:22:29','2015-07-29 15:22:29',1,1);
INSERT INTO "images" VALUES(14,7,'App\Feature','products/4/201507290307072929-kPnk29TBIVDvfNEs2Kaf.gif','image/gif','orbiagro.com.ve subastas compra y venta: tester','2015-07-29 15:22:29','2015-07-29 15:22:29',1,1);
INSERT INTO "images" VALUES(15,8,'App\Feature','products/4/201507290307073030-2gCeEAUVoBRrBdOQCNhX.gif','image/gif','orbiagro.com.ve subastas compra y venta: tester','2015-07-29 15:22:30','2015-07-29 15:22:30',1,1);
INSERT INTO "images" VALUES(16,9,'App\Feature','products/5/201507290307073030-gQptOXg7MCp6MhLdoVD5.gif','image/gif','orbiagro.com.ve subastas compra y venta: tester','2015-07-29 15:22:30','2015-07-29 15:22:30',1,1);
INSERT INTO "images" VALUES(17,10,'App\Feature','products/5/201507290307073131-lzeXzxSeZ4XawvHKhMxx.gif','image/gif','orbiagro.com.ve subastas compra y venta: tester','2015-07-29 15:22:31','2015-07-29 15:22:31',1,1);
INSERT INTO "images" VALUES(18,11,'App\Feature','products/6/201507290307073131-udTjbyUYqU9AavA2ddic.gif','image/gif','orbiagro.com.ve subastas compra y venta: tester','2015-07-29 15:22:31','2015-07-29 15:22:31',1,1);
INSERT INTO "images" VALUES(19,12,'App\Feature','products/6/201507290307073232-tZ1JSvZlcKwssyDqYLTH.gif','image/gif','orbiagro.com.ve subastas compra y venta: tester','2015-07-29 15:22:32','2015-07-29 15:22:32',1,1);
INSERT INTO "images" VALUES(20,13,'App\Feature','products/7/201507290307073232-OzmuSmoGbSfaTw9Scl0J.gif','image/gif','orbiagro.com.ve subastas compra y venta: tester','2015-07-29 15:22:32','2015-07-29 15:22:32',1,1);
INSERT INTO "images" VALUES(21,14,'App\Feature','products/7/201507290307073232-0CwB7uFaYloW6I9FG1UV.gif','image/gif','orbiagro.com.ve subastas compra y venta: tester','2015-07-29 15:22:32','2015-07-29 15:22:32',1,1);
INSERT INTO "images" VALUES(22,1,'App\Product','products/1/201507290307074141-kfm8GcQj4x9eAo2irnQB.gif','image/gif','orbiagro.com.ve subastas compra y venta: eveniet-libero-tempore-tenetur-in','2015-07-29 15:22:41','2015-07-29 15:22:41',1,1);
INSERT INTO "images" VALUES(23,2,'App\Product','products/2/201507290307074141-ZEmwKnrjtMNyJSDWGr3G.gif','image/gif','orbiagro.com.ve subastas compra y venta: dolorem-consequatur-odio-non-vitae','2015-07-29 15:22:41','2015-07-29 15:22:41',1,1);
INSERT INTO "images" VALUES(24,3,'App\Product','products/3/201507290307074242-gaLgiZGq7oQi2rL92VMk.gif','image/gif','orbiagro.com.ve subastas compra y venta: ut-ut-non-impedit','2015-07-29 15:22:42','2015-07-29 15:22:42',1,1);
INSERT INTO "images" VALUES(25,4,'App\Product','products/4/201507290307074242-kiS08pXqgE1nPDaOXXqF.gif','image/gif','orbiagro.com.ve subastas compra y venta: voluptatum-quis-fuga-id-aliquid','2015-07-29 15:22:42','2015-07-29 15:22:42',1,1);
INSERT INTO "images" VALUES(26,5,'App\Product','products/5/201507290307074242-7dmOTzb82CKY6Vds1hkh.gif','image/gif','orbiagro.com.ve subastas compra y venta: autem-dolores-labore-non-iste-est-modi','2015-07-29 15:22:42','2015-07-29 15:22:42',1,1);
INSERT INTO "images" VALUES(27,6,'App\Product','products/6/201507290307074343-O5HkIZYDwgfjsO236Tki.gif','image/gif','orbiagro.com.ve subastas compra y venta: amet-repellendus-eum-consequatur-qui','2015-07-29 15:22:43','2015-07-29 15:22:43',1,1);
INSERT INTO "images" VALUES(28,7,'App\Product','products/7/201507290307074343-MKZqiR5MNVqaTUCJ3Ok2.gif','image/gif','orbiagro.com.ve subastas compra y venta: consectetur-delectus-minima-optio-ut-ut-fuga','2015-07-29 15:22:43','2015-07-29 15:22:43',1,1);
INSERT INTO "images" VALUES(29,1,'App\Promotion','promos/1/201507290307074646-jmDgqSUj8FiEm0bnbltE.gif','image/gif','orbiagro.com.ve subastas compra y venta: lleva-2-paga-3','2015-07-29 15:22:46','2015-07-29 15:22:46',1,1);
INSERT INTO "images" VALUES(30,1,'App\Category','category/1/201507290307074646-T3SmGN9pSiS7juN20Ls9.gif','image/gif','orbiagro.com.ve subastas compra y venta: ','2015-07-29 15:22:46','2015-07-29 15:22:46',1,1);
INSERT INTO "images" VALUES(31,2,'App\Category','category/2/201507290307074646-NARMlmpmprsjV43MOMYM.gif','image/gif','orbiagro.com.ve subastas compra y venta: ','2015-07-29 15:22:46','2015-07-29 15:22:46',1,1);
INSERT INTO "images" VALUES(32,1,'App\SubCategory','sub-category/1/201507290307074646-GelmevGQnCsGwG2BMF1K.gif','image/gif','orbiagro.com.ve subastas compra y venta: ','2015-07-29 15:22:46','2015-07-29 15:22:46',1,1);
INSERT INTO "images" VALUES(33,2,'App\SubCategory','sub-category/2/201507290307074646-qw7HOmeBas5h2XUcFx9k.gif','image/gif','orbiagro.com.ve subastas compra y venta: ','2015-07-29 15:22:46','2015-07-29 15:22:46',1,1);
INSERT INTO "images" VALUES(34,3,'App\SubCategory','sub-category/3/201507290307074747-0owLOmRoj1gYQ2I1Cpdl.gif','image/gif','orbiagro.com.ve subastas compra y venta: ','2015-07-29 15:22:47','2015-07-29 15:22:47',1,1);
INSERT INTO "images" VALUES(35,4,'App\SubCategory','sub-category/4/201507290307074747-tStnuTX0C0B6g99009o8.gif','image/gif','orbiagro.com.ve subastas compra y venta: ','2015-07-29 15:22:47','2015-07-29 15:22:47',1,1);
INSERT INTO "images" VALUES(36,5,'App\SubCategory','sub-category/5/201507290307074747-PaOUps0B9zJ9Jb7Og2HY.gif','image/gif','orbiagro.com.ve subastas compra y venta: ','2015-07-29 15:22:47','2015-07-29 15:22:47',1,1);
INSERT INTO "images" VALUES(37,6,'App\SubCategory','sub-category/6/201507290307074747-dWZtisS9mySctpDyydbe.gif','image/gif','orbiagro.com.ve subastas compra y venta: ','2015-07-29 15:22:47','2015-07-29 15:22:47',1,1);
INSERT INTO "images" VALUES(38,7,'App\SubCategory','sub-category/7/201507290307074747-F6BJr5wnovgEr4ojXJKT.gif','image/gif','orbiagro.com.ve subastas compra y venta: ','2015-07-29 15:22:47','2015-07-29 15:22:47',1,1);
CREATE TABLE "characteristics" ("id" integer not null primary key autoincrement, "product_id" integer not null, "height" integer null, "width" integer null, "depth" integer null, "weight" integer null, "units" integer null, "created_at" datetime not null, "updated_at" datetime not null, "created_by" integer not null, "updated_by" integer not null, foreign key("product_id") references "products"("id") on delete cascade, foreign key("created_by") references "users"("id"), foreign key("updated_by") references "users"("id"));
INSERT INTO "characteristics" VALUES(1,1,1,1,1,1,1,'2015-07-29 15:22:33','2015-07-29 15:22:33',1,1);
INSERT INTO "characteristics" VALUES(2,2,1,1,1,1,1,'2015-07-29 15:22:33','2015-07-29 15:22:33',1,1);
INSERT INTO "characteristics" VALUES(3,3,1,1,1,1,1,'2015-07-29 15:22:33','2015-07-29 15:22:33',1,1);
INSERT INTO "characteristics" VALUES(4,4,1,1,1,1,1,'2015-07-29 15:22:33','2015-07-29 15:22:33',1,1);
INSERT INTO "characteristics" VALUES(5,5,1,1,1,1,1,'2015-07-29 15:22:34','2015-07-29 15:22:34',1,1);
INSERT INTO "characteristics" VALUES(6,6,1,1,1,1,1,'2015-07-29 15:22:34','2015-07-29 15:22:34',1,1);
INSERT INTO "characteristics" VALUES(7,7,1,1,1,1,1,'2015-07-29 15:22:34','2015-07-29 15:22:34',1,1);
CREATE TABLE "features" ("id" integer not null primary key autoincrement, "product_id" integer not null, "title" varchar not null, "description" varchar not null, "created_at" datetime not null, "updated_at" datetime not null, "created_by" integer not null, "updated_by" integer not null, foreign key("product_id") references "products"("id") on delete cascade, foreign key("created_by") references "users"("id"), foreign key("updated_by") references "users"("id"));
INSERT INTO "features" VALUES(1,1,'tester','tester','2015-07-29 15:22:26','2015-07-29 15:22:26',1,1);
INSERT INTO "features" VALUES(2,1,'tester','tester','2015-07-29 15:22:27','2015-07-29 15:22:27',1,1);
INSERT INTO "features" VALUES(3,2,'tester','tester','2015-07-29 15:22:27','2015-07-29 15:22:27',1,1);
INSERT INTO "features" VALUES(4,2,'tester','tester','2015-07-29 15:22:27','2015-07-29 15:22:27',1,1);
INSERT INTO "features" VALUES(5,3,'tester','tester','2015-07-29 15:22:28','2015-07-29 15:22:28',1,1);
INSERT INTO "features" VALUES(6,3,'tester','tester','2015-07-29 15:22:29','2015-07-29 15:22:29',1,1);
INSERT INTO "features" VALUES(7,4,'tester','tester','2015-07-29 15:22:29','2015-07-29 15:22:29',1,1);
INSERT INTO "features" VALUES(8,4,'tester','tester','2015-07-29 15:22:29','2015-07-29 15:22:29',1,1);
INSERT INTO "features" VALUES(9,5,'tester','tester','2015-07-29 15:22:30','2015-07-29 15:22:30',1,1);
INSERT INTO "features" VALUES(10,5,'tester','tester','2015-07-29 15:22:30','2015-07-29 15:22:30',1,1);
INSERT INTO "features" VALUES(11,6,'tester','tester','2015-07-29 15:22:31','2015-07-29 15:22:31',1,1);
INSERT INTO "features" VALUES(12,6,'tester','tester','2015-07-29 15:22:31','2015-07-29 15:22:31',1,1);
INSERT INTO "features" VALUES(13,7,'tester','tester','2015-07-29 15:22:32','2015-07-29 15:22:32',1,1);
INSERT INTO "features" VALUES(14,7,'tester','tester','2015-07-29 15:22:32','2015-07-29 15:22:32',1,1);
CREATE TABLE "mechanical_infos" ("id" integer not null primary key autoincrement, "product_id" integer not null, "motor" varchar null, "motor_serial" varchar null, "model" varchar null, "cylinders" integer null, "horsepower" integer null, "mileage" integer null, "traction" integer null, "lift" integer null, "created_at" datetime not null, "updated_at" datetime not null, "created_by" integer not null, "updated_by" integer not null, foreign key("product_id") references "products"("id") on delete cascade, foreign key("created_by") references "users"("id"), foreign key("updated_by") references "users"("id"));
INSERT INTO "mechanical_infos" VALUES(1,1,'1','1','1',1,1,1,1,1,'2015-07-29 15:22:35','2015-07-29 15:22:35',1,1);
INSERT INTO "mechanical_infos" VALUES(2,2,'1','1','1',1,1,1,1,1,'2015-07-29 15:22:35','2015-07-29 15:22:35',1,1);
INSERT INTO "mechanical_infos" VALUES(3,3,'1','1','1',1,1,1,1,1,'2015-07-29 15:22:35','2015-07-29 15:22:35',1,1);
INSERT INTO "mechanical_infos" VALUES(4,4,'1','1','1',1,1,1,1,1,'2015-07-29 15:22:36','2015-07-29 15:22:36',1,1);
INSERT INTO "mechanical_infos" VALUES(5,5,'1','1','1',1,1,1,1,1,'2015-07-29 15:22:36','2015-07-29 15:22:36',1,1);
INSERT INTO "mechanical_infos" VALUES(6,6,'1','1','1',1,1,1,1,1,'2015-07-29 15:22:36','2015-07-29 15:22:36',1,1);
INSERT INTO "mechanical_infos" VALUES(7,7,'1','1','1',1,1,1,1,1,'2015-07-29 15:22:36','2015-07-29 15:22:36',1,1);
CREATE TABLE "nutritionals" ("id" integer not null primary key autoincrement, "product_id" integer not null, "due" date null, "created_at" datetime not null, "updated_at" datetime not null, "created_by" integer not null, "updated_by" integer not null, foreign key("product_id") references "products"("id") on delete cascade, foreign key("created_by") references "users"("id"), foreign key("updated_by") references "users"("id"));
INSERT INTO "nutritionals" VALUES(1,1,'1999-09-09','2015-07-29 15:22:34','2015-07-29 15:22:34',1,1);
INSERT INTO "nutritionals" VALUES(2,2,'1999-09-09','2015-07-29 15:22:34','2015-07-29 15:22:34',1,1);
INSERT INTO "nutritionals" VALUES(3,3,'1999-09-09','2015-07-29 15:22:34','2015-07-29 15:22:34',1,1);
INSERT INTO "nutritionals" VALUES(4,4,'1999-09-09','2015-07-29 15:22:34','2015-07-29 15:22:34',1,1);
INSERT INTO "nutritionals" VALUES(5,5,'1999-09-09','2015-07-29 15:22:35','2015-07-29 15:22:35',1,1);
INSERT INTO "nutritionals" VALUES(6,6,'1999-09-09','2015-07-29 15:22:35','2015-07-29 15:22:35',1,1);
INSERT INTO "nutritionals" VALUES(7,7,'1999-09-09','2015-07-29 15:22:35','2015-07-29 15:22:35',1,1);
CREATE TABLE "visits" ("id" integer not null primary key autoincrement, "user_id" integer null, "visitable_id" integer not null, "visitable_type" varchar not null, "total" integer not null, "created_by" integer not null, "updated_by" integer not null, "created_at" datetime not null, "updated_at" datetime not null, foreign key("user_id") references "users"("id") on delete set null, foreign key("created_by") references "users"("id"), foreign key("updated_by") references "users"("id"));
INSERT INTO "visits" VALUES(1,1,1,'App\Product',1,1,1,'2015-07-29 15:22:41','2015-07-29 15:22:41');
CREATE TABLE "banks" ("id" integer not null primary key autoincrement, "description" varchar not null, "created_by" integer not null, "updated_by" integer not null, "created_at" datetime not null, "updated_at" datetime not null, foreign key("created_by") references "users"("id"), foreign key("updated_by") references "users"("id"));
INSERT INTO "banks" VALUES(1,'Sin Banco Asociado',1,1,'2015-07-29 15:22:37','2015-07-29 15:22:37');
INSERT INTO "banks" VALUES(2,'Banco Morales y Mesa S. de H.',1,1,'2015-07-29 15:22:37','2015-07-29 15:22:37');
INSERT INTO "banks" VALUES(3,'Banco Global Cedillo-Burgos',1,1,'2015-07-29 15:22:37','2015-07-29 15:22:37');
INSERT INTO "banks" VALUES(4,'Banco Lerma de Cruz',1,1,'2015-07-29 15:22:37','2015-07-29 15:22:37');
INSERT INTO "banks" VALUES(5,'Banco Guillen de Espinosa',1,1,'2015-07-29 15:22:37','2015-07-29 15:22:37');
INSERT INTO "banks" VALUES(6,'Banco Girón de Llamas',1,1,'2015-07-29 15:22:37','2015-07-29 15:22:37');
INSERT INTO "banks" VALUES(7,'Banco Gestora Bautista y Asoc.',1,1,'2015-07-29 15:22:38','2015-07-29 15:22:38');
INSERT INTO "banks" VALUES(8,'Banco Asociación Gonzales SRL',1,1,'2015-07-29 15:22:38','2015-07-29 15:22:38');
INSERT INTO "banks" VALUES(9,'Banco Hernandes y Bustamante e Hijo',1,1,'2015-07-29 15:22:38','2015-07-29 15:22:38');
INSERT INTO "banks" VALUES(10,'Banco Nieto y Tamez e Hijo',1,1,'2015-07-29 15:22:38','2015-07-29 15:22:38');
INSERT INTO "banks" VALUES(11,'Banco Roldan y Casas e Hijos',1,1,'2015-07-29 15:22:38','2015-07-29 15:22:38');
CREATE TABLE "card_types" ("id" integer not null primary key autoincrement, "description" varchar not null, "created_by" integer not null, "updated_by" integer not null, "created_at" datetime not null, "updated_at" datetime not null, foreign key("created_by") references "users"("id"), foreign key("updated_by") references "users"("id"));
INSERT INTO "card_types" VALUES(1,'Visa',1,1,'2015-07-29 15:22:38','2015-07-29 15:22:38');
INSERT INTO "card_types" VALUES(2,'MasterCard',1,1,'2015-07-29 15:22:39','2015-07-29 15:22:39');
INSERT INTO "card_types" VALUES(3,'American Express',1,1,'2015-07-29 15:22:39','2015-07-29 15:22:39');
INSERT INTO "card_types" VALUES(4,'Discover Card',1,1,'2015-07-29 15:22:39','2015-07-29 15:22:39');
INSERT INTO "card_types" VALUES(5,'Debito',1,1,'2015-07-29 15:22:39','2015-07-29 15:22:39');
INSERT INTO "card_types" VALUES(6,'Sin Tarjeta Asociada',1,1,'2015-07-29 15:22:39','2015-07-29 15:22:39');
CREATE TABLE "billings" ("id" integer not null primary key autoincrement, "user_id" integer not null, "bank_id" integer null, "card_type_id" integer null, "card_number" varchar null, "bank_account" varchar null, "expiration" varchar null, "comments" varchar null, "created_at" datetime not null, "updated_at" datetime not null, "created_by" integer not null, "updated_by" integer not null, foreign key("user_id") references "users"("id") on delete cascade, foreign key("bank_id") references "banks"("id"), foreign key("card_type_id") references "card_types"("id"), foreign key("created_by") references "users"("id"), foreign key("updated_by") references "users"("id"));
INSERT INTO "billings" VALUES(1,1,1,6,'5336396875107811','ES8162501494689016662246','08/15','Fugiat atque id asperiores omnis error id sed. Et molestiae sunt consequatur sunt. Nesciunt nisi sed possimus ut voluptatem. Ipsa dignissimos assumenda est quia dolor.','2015-07-29 15:22:39','2015-07-29 15:22:39',1,1);
INSERT INTO "billings" VALUES(2,2,1,6,'4716653162029378','ES9515585545188871215647','11/17','Dolor dolor iste cum ab nostrum. Voluptatem ea nemo a. Repudiandae in officia et quia rerum repellendus nam praesentium. Sunt ex non quia praesentium voluptas.','2015-07-29 15:22:40','2015-07-29 15:22:40',2,2);
CREATE TABLE "maker_sub_category" ("maker_id" integer not null, "sub_category_id" integer not null, foreign key("maker_id") references "makers"("id"), foreign key("sub_category_id") references "sub_categories"("id"));
INSERT INTO "maker_sub_category" VALUES(1,1);
INSERT INTO "maker_sub_category" VALUES(2,2);
INSERT INTO "maker_sub_category" VALUES(3,3);
INSERT INTO "maker_sub_category" VALUES(4,4);
INSERT INTO "maker_sub_category" VALUES(5,5);
INSERT INTO "maker_sub_category" VALUES(6,6);
INSERT INTO "maker_sub_category" VALUES(7,7);
CREATE TABLE "product_user" ("product_id" integer not null, "user_id" integer not null, "quantity" integer not null, "created_at" datetime not null, "updated_at" datetime not null, foreign key("product_id") references "products"("id") on delete cascade, foreign key("user_id") references "users"("id") on delete cascade);
INSERT INTO "product_user" VALUES(1,1,3,'2015-07-29 15:22:40','2015-07-29 15:22:40');
INSERT INTO "product_user" VALUES(2,1,3,'2015-07-29 15:22:40','2015-07-29 15:22:40');
INSERT INTO "product_user" VALUES(3,1,3,'2015-07-29 15:22:40','2015-07-29 15:22:40');
INSERT INTO "product_user" VALUES(4,1,1,'2015-07-29 15:22:40','2015-07-29 15:22:40');
INSERT INTO "product_user" VALUES(5,1,4,'2015-07-29 15:22:40','2015-07-29 15:22:40');
INSERT INTO "product_user" VALUES(6,1,2,'2015-07-29 15:22:40','2015-07-29 15:22:40');
INSERT INTO "product_user" VALUES(7,1,4,'2015-07-29 15:22:41','2015-07-29 15:22:41');
CREATE TABLE "map_details" ("id" integer not null primary key autoincrement, "direction_id" integer not null, "latitude" float not null, "longitude" float not null, "zoom" integer not null, "created_by" integer not null, "updated_by" integer not null, "created_at" datetime not null, "updated_at" datetime not null, foreign key("direction_id") references "directions"("id") on delete cascade, foreign key("created_by") references "users"("id"), foreign key("updated_by") references "users"("id"));
INSERT INTO "map_details" VALUES(1,10,10.492315,-66.932899,12,1,1,'2015-07-29 15:22:26','2015-07-29 15:22:26');
CREATE TABLE "user_confirmations" ("id" integer not null primary key autoincrement, "user_id" integer not null, "data" varchar null, foreign key("user_id") references "users"("id") on delete cascade);
CREATE TABLE "providers" ("id" integer not null primary key autoincrement, "name" varchar not null, "slug" varchar not null, "url" varchar null, "contact_name" varchar null, "contact_title" varchar null, "contact_email" varchar null, "contact_phone_1" varchar null, "contact_phone_2" varchar null, "contact_phone_3" varchar null, "contact_phone_4" varchar null, "email" varchar null, "phone_1" varchar null, "phone_2" varchar null, "phone_3" varchar null, "phone_4" varchar null, "trust" varchar null, "created_by" integer not null, "updated_by" integer not null, "created_at" datetime not null, "updated_at" datetime not null, foreign key("created_by") references "users"("id"), foreign key("updated_by") references "users"("id"));
CREATE TABLE "product_provider" ("product_id" integer not null, "provider_id" integer not null, "sku" varchar null, foreign key("product_id") references "products"("id") on delete cascade, foreign key("provider_id") references "providers"("id"));
DELETE FROM sqlite_sequence;
INSERT INTO "sqlite_sequence" VALUES('profiles',3);
INSERT INTO "sqlite_sequence" VALUES('users',2);
INSERT INTO "sqlite_sequence" VALUES('genders',2);
INSERT INTO "sqlite_sequence" VALUES('nationalities',2);
INSERT INTO "sqlite_sequence" VALUES('states',1);
INSERT INTO "sqlite_sequence" VALUES('towns',1);
INSERT INTO "sqlite_sequence" VALUES('parishes',1);
INSERT INTO "sqlite_sequence" VALUES('people',2);
INSERT INTO "sqlite_sequence" VALUES('directions',10);
INSERT INTO "sqlite_sequence" VALUES('categories',2);
INSERT INTO "sqlite_sequence" VALUES('sub_categories',7);
INSERT INTO "sqlite_sequence" VALUES('makers',7);
INSERT INTO "sqlite_sequence" VALUES('images',38);
INSERT INTO "sqlite_sequence" VALUES('products',7);
INSERT INTO "sqlite_sequence" VALUES('map_details',1);
INSERT INTO "sqlite_sequence" VALUES('features',14);
INSERT INTO "sqlite_sequence" VALUES('files',21);
INSERT INTO "sqlite_sequence" VALUES('characteristics',7);
INSERT INTO "sqlite_sequence" VALUES('nutritionals',7);
INSERT INTO "sqlite_sequence" VALUES('mechanical_infos',7);
INSERT INTO "sqlite_sequence" VALUES('banks',11);
INSERT INTO "sqlite_sequence" VALUES('card_types',6);
INSERT INTO "sqlite_sequence" VALUES('billings',2);
INSERT INTO "sqlite_sequence" VALUES('visits',1);
INSERT INTO "sqlite_sequence" VALUES('promo_types',11);
INSERT INTO "sqlite_sequence" VALUES('promotions',1);
CREATE UNIQUE INDEX users_name_unique on "users" ("name");
CREATE UNIQUE INDEX users_email_unique on "users" ("email");
CREATE INDEX password_resets_email_index on "password_resets" ("email");
CREATE INDEX password_resets_token_index on "password_resets" ("token");
CREATE UNIQUE INDEX profiles_description_unique on "profiles" ("description");
CREATE UNIQUE INDEX genders_description_unique on "genders" ("description");
CREATE UNIQUE INDEX states_description_unique on "states" ("description");
CREATE UNIQUE INDEX nationalities_description_unique on "nationalities" ("description");
CREATE UNIQUE INDEX people_identity_card_unique on "people" ("identity_card");
CREATE UNIQUE INDEX makers_name_unique on "makers" ("name");
CREATE UNIQUE INDEX categories_description_unique on "categories" ("description");
CREATE UNIQUE INDEX sub_categories_description_unique on "sub_categories" ("description");
CREATE UNIQUE INDEX promo_types_description_unique on "promo_types" ("description");
CREATE UNIQUE INDEX banks_description_unique on "banks" ("description");
CREATE UNIQUE INDEX card_types_description_unique on "card_types" ("description");
CREATE INDEX product_user_product_id_index on "product_user" ("product_id");
CREATE INDEX product_user_user_id_index on "product_user" ("user_id");
CREATE INDEX user_confirmations_user_id_index on "user_confirmations" ("user_id");
CREATE UNIQUE INDEX providers_name_unique on "providers" ("name");
COMMIT;
