PRAGMA foreign_keys=OFF;
BEGIN TRANSACTION;
CREATE TABLE "migrations" ("migration" varchar not null, "batch" integer not null);
INSERT INTO "migrations" VALUES('2014_10_12_000000_create_users_table',1);
INSERT INTO "migrations" VALUES('2014_10_12_100000_create_password_resets_table',1);
INSERT INTO "migrations" VALUES('2015_03_10_140153_create_genders_table',1);
INSERT INTO "migrations" VALUES('2015_03_10_142938_create_states_table',1);
INSERT INTO "migrations" VALUES('2015_03_10_154237_create_towns_table',1);
INSERT INTO "migrations" VALUES('2015_03_10_154410_create_parishes_table',1);
INSERT INTO "migrations" VALUES('2015_03_10_154455_create_directions_table',1);
INSERT INTO "migrations" VALUES('2015_03_10_154557_create_profiles_table',1);
INSERT INTO "migrations" VALUES('2015_03_10_173459_create_nationalities_table',1);
INSERT INTO "migrations" VALUES('2015_03_10_173503_create_people_table',1);
INSERT INTO "migrations" VALUES('2015_03_13_193841_create_makers_table',1);
INSERT INTO "migrations" VALUES('2015_03_13_194526_create_categories_table',1);
INSERT INTO "migrations" VALUES('2015_03_13_195124_create_sub_categories_table',1);
INSERT INTO "migrations" VALUES('2015_03_13_202223_create_products_table',1);
INSERT INTO "migrations" VALUES('2015_03_13_205446_create_promotions_table',1);
INSERT INTO "migrations" VALUES('2015_03_13_205519_create_product_promotion_table',1);
INSERT INTO "migrations" VALUES('2015_03_13_205737_create_files_table',1);
INSERT INTO "migrations" VALUES('2015_03_13_212413_create_images_table',1);
INSERT INTO "migrations" VALUES('2015_03_13_212630_create_characteristics_table',1);
INSERT INTO "migrations" VALUES('2015_03_13_214205_create_features_table',1);
INSERT INTO "migrations" VALUES('2015_03_13_214850_create_mechanical_infos_table',1);
INSERT INTO "migrations" VALUES('2015_03_13_215620_create_nutritionals_table',1);
INSERT INTO "migrations" VALUES('2015_03_13_220817_create_visits_table',1);
INSERT INTO "migrations" VALUES('2015_03_13_221555_create_banks_table',1);
INSERT INTO "migrations" VALUES('2015_03_13_221616_create_card_types_table',1);
INSERT INTO "migrations" VALUES('2015_03_13_221820_create_billings_table',1);
INSERT INTO "migrations" VALUES('2015_03_13_234614_create_maker_sub_category',1);
INSERT INTO "migrations" VALUES('2015_03_14_000527_create_product_sub_category_table',1);
INSERT INTO "migrations" VALUES('2015_03_17_200518_create_product_user_pivot_table',1);
CREATE TABLE "users" ("id" integer not null primary key autoincrement, "profile_id" integer not null, "name" varchar not null, "email" varchar not null, "password" varchar not null, "remember_token" varchar null, "created_at" datetime not null, "updated_at" datetime not null, "deleted_at" datetime null);
INSERT INTO "users" VALUES(1,1,'tester','tester@tester.com','$2y$10$0yjH1bwazZeR9SRG8M5Nl.IuKCfRiYKi2ACvhHCyDpoASiF8kLniG',NULL,'current_timestampt','current_timestampt',NULL);
CREATE TABLE "password_resets" ("email" varchar not null, "token" varchar not null, "created_at" datetime not null);
CREATE TABLE "genders" ("id" integer not null primary key autoincrement, "description" varchar not null, "created_at" datetime not null, "updated_at" datetime not null);
INSERT INTO "genders" VALUES(1,'Masculino','2015-03-19 20:57:22','2015-03-19 20:57:22');
INSERT INTO "genders" VALUES(2,'Femenino','2015-03-19 20:57:22','2015-03-19 20:57:22');
CREATE TABLE "states" ("id" integer not null primary key autoincrement, "description" varchar not null, "created_at" datetime not null, "updated_at" datetime not null);
INSERT INTO "states" VALUES(1,'Distrito Capital','2015-03-20 01:27:22','2015-03-20 01:27:22');
CREATE TABLE "towns" ("id" integer not null primary key autoincrement, "state_id" integer not null, "description" varchar not null, "created_at" datetime not null, "updated_at" datetime not null, foreign key("state_id") references "states"("id"));
INSERT INTO "towns" VALUES(1,1,'Libertador','2015-03-20 01:27:22','2015-03-20 01:27:22');
CREATE TABLE "parishes" ("id" integer not null primary key autoincrement, "town_id" integer not null, "description" varchar not null, "created_at" datetime not null, "updated_at" datetime not null, foreign key("town_id") references "towns"("id"));
INSERT INTO "parishes" VALUES(1,1,'Altagracia','2015-03-20 01:27:22','2015-03-20 01:27:22');
CREATE TABLE "directions" ("id" integer not null primary key autoincrement, "directionable_id" integer not null, "directionable_type" varchar not null, "parish_id" integer not null, "details" varchar null, "created_at" datetime not null, "updated_at" datetime not null, "created_by" integer not null, "updated_by" integer not null, "deleted_at" datetime null, foreign key("parish_id") references "parishes"("id"), foreign key("created_by") references "users"("id"), foreign key("updated_by") references "users"("id"));
INSERT INTO "directions" VALUES(1,1,'App\Person',1,'Calle del tester.','2015-03-19 20:57:22','2015-03-19 20:57:22',1,1,NULL);
INSERT INTO "directions" VALUES(2,1,'App\Product',1,'Paseo Regalado, 76, Bajo 9º','2015-03-19 20:57:23','2015-03-19 20:57:23',1,1,NULL);
INSERT INTO "directions" VALUES(3,2,'App\Product',1,'Paseo Zepeda, 5, 0º','2015-03-19 20:57:23','2015-03-19 20:57:23',1,1,NULL);
INSERT INTO "directions" VALUES(4,3,'App\Product',1,'Ruela Mesa, 51, 6º F','2015-03-19 20:57:23','2015-03-19 20:57:23',1,1,NULL);
INSERT INTO "directions" VALUES(5,4,'App\Product',1,'Ronda Solorzano, 92, 6º B','2015-03-19 20:57:23','2015-03-19 20:57:23',1,1,NULL);
INSERT INTO "directions" VALUES(6,5,'App\Product',1,'Ronda Peláez, 959, 2º','2015-03-19 20:57:23','2015-03-19 20:57:23',1,1,NULL);
INSERT INTO "directions" VALUES(7,6,'App\Product',1,'Praza Rosas, 10, Bajos','2015-03-19 20:57:23','2015-03-19 20:57:23',1,1,NULL);
INSERT INTO "directions" VALUES(8,7,'App\Product',1,'Camino Antón, 0, 33º F','2015-03-19 20:57:23','2015-03-19 20:57:23',1,1,NULL);
INSERT INTO "directions" VALUES(9,8,'App\Product',1,'Calle Naranjo, 530, 6º 1º','2015-03-19 20:57:23','2015-03-19 20:57:23',1,1,NULL);
CREATE TABLE "profiles" ("id" integer not null primary key autoincrement, "description" varchar not null, "created_at" datetime not null, "updated_at" datetime not null);
INSERT INTO "profiles" VALUES(1,'Administrador','2015-03-19 20:57:22','2015-03-19 20:57:22');
INSERT INTO "profiles" VALUES(2,'Usuario','2015-03-19 20:57:22','2015-03-19 20:57:22');
INSERT INTO "profiles" VALUES(3,'Desactivado','2015-03-19 20:57:22','2015-03-19 20:57:22');
CREATE TABLE "nationalities" ("id" integer not null primary key autoincrement, "description" varchar not null, "created_at" datetime not null, "updated_at" datetime not null);
INSERT INTO "nationalities" VALUES(1,'Venezolano','2015-03-19 20:57:22','2015-03-19 20:57:22');
INSERT INTO "nationalities" VALUES(2,'Extrangero','2015-03-19 20:57:22','2015-03-19 20:57:22');
CREATE TABLE "people" ("id" integer not null primary key autoincrement, "user_id" integer not null, "gender_id" integer not null, "nationality_id" integer not null, "first_name" varchar not null, "last_name" varchar null, "first_surname" varchar not null, "last_surname" varchar null, "identity_card" varchar not null, "phone" varchar null, "birth_date" date null, "created_at" datetime not null, "updated_at" datetime not null, foreign key("user_id") references "users"("id") on delete cascade, foreign key("gender_id") references "genders"("id"), foreign key("nationality_id") references "nationalities"("id"));
INSERT INTO "people" VALUES(1,1,1,1,'tester',NULL,'tester',NULL,'10000001','+58-(212)-111-2233','1999-09-09','current_timestampt','current_timestampt');
CREATE TABLE "makers" ("id" integer not null primary key autoincrement, "name" varchar not null, "slug" varchar not null, "domain" varchar null, "url" varchar null, "logo_path" varchar null, "logo_alt" varchar null, "created_at" datetime not null, "updated_at" datetime not null);
INSERT INTO "makers" VALUES(1,'Batista-Véliz SA','batista-veliz-sa','acuna.com','https://www.espinoza.org/modi-voluptatum-voluptas-qui-incidunt-molestias-dignissimos-consectetur',NULL,NULL,'2015-03-19 20:57:23','2015-03-19 20:57:23');
INSERT INTO "makers" VALUES(2,'Viajes Cavazos','viajes-cavazos','tamez.org','https://www.padron.com/est-iste-rerum-rerum-sint-ut-officia',NULL,NULL,'2015-03-19 20:57:23','2015-03-19 20:57:23');
INSERT INTO "makers" VALUES(3,'Rodríguez de Reyes SA','rodriguez-de-reyes-sa','salazar.com.es','http://alfonso.net/aliquid-sint-iure-vel-ea-ut.html',NULL,NULL,'2015-03-19 20:57:23','2015-03-19 20:57:23');
INSERT INTO "makers" VALUES(4,'Soler, Aguilera y Andreu SA','soler-aguilera-y-andreu-sa','casillas.net','http://corporacion.es/',NULL,NULL,'2015-03-19 20:57:23','2015-03-19 20:57:23');
INSERT INTO "makers" VALUES(5,'De la fuente-Concepción','de-la-fuente-concepcion','valdes.org','http://de.net/maiores-et-reprehenderit-vel-quae-reiciendis',NULL,NULL,'2015-03-19 20:57:23','2015-03-19 20:57:23');
INSERT INTO "makers" VALUES(6,'Fonseca, Segovia y Rosales SRL','fonseca-segovia-y-rosales-srl','castellano.es','http://empresa.com/',NULL,NULL,'2015-03-19 20:57:23','2015-03-19 20:57:23');
INSERT INTO "makers" VALUES(7,'Villalobos-Villegas SA','villalobos-villegas-sa','curiel.es','https://www.blasco.com.es/velit-id-non-ut-maiores',NULL,NULL,'2015-03-19 20:57:23','2015-03-19 20:57:23');
INSERT INTO "makers" VALUES(8,'Mendoza de Gimeno','mendoza-de-gimeno','air.org','http://zelaya.org/autem-ipsam-qui-rerum-quis.html',NULL,NULL,'2015-03-19 20:57:23','2015-03-19 20:57:23');
INSERT INTO "makers" VALUES(9,'Global Armenta','global-armenta','ballesterosalarcon.com.es','https://www.vila.com/deleniti-temporibus-quia-et-est',NULL,NULL,'2015-03-19 20:57:23','2015-03-19 20:57:23');
INSERT INTO "makers" VALUES(10,'Peláez-Santacruz e Hijo','pelaez-santacruz-e-hijo','pascual.com','http://guzman.es/ut-nisi-beatae-unde-fuga-vel-dolor.html',NULL,NULL,'2015-03-19 20:57:23','2015-03-19 20:57:23');
INSERT INTO "makers" VALUES(11,'Centro Orellana','centro-orellana','godoybenavidez.com.es','https://www.quezada.com/porro-soluta-distinctio-dolores-ad-unde-ducimus-delectus',NULL,NULL,'2015-03-19 20:57:23','2015-03-19 20:57:23');
INSERT INTO "makers" VALUES(12,'Ramón y Martos','ramon-y-martos','monroy.es','http://www.mora.es/non-laudantium-voluptatem-et',NULL,NULL,'2015-03-19 20:57:23','2015-03-19 20:57:23');
INSERT INTO "makers" VALUES(13,'Empresa De la fuente-Navarrete','empresa-de-la-fuente-navarrete','air.com','http://www.zamora.com.es/',NULL,NULL,'2015-03-19 20:57:23','2015-03-19 20:57:23');
INSERT INTO "makers" VALUES(14,'Giménez, Barraza y Raya e Hija','gimenez-barraza-y-raya-e-hija','botellomaya.com','http://www.canales.net/sit-quo-molestias-ut-dignissimos-distinctio-nemo-et-nam',NULL,NULL,'2015-03-19 20:57:23','2015-03-19 20:57:23');
CREATE TABLE "categories" ("id" integer not null primary key autoincrement, "description" varchar not null, "slug" varchar not null, "created_at" datetime not null, "updated_at" datetime not null);
INSERT INTO "categories" VALUES(1,'Productos Agro-Industriales','productos-agro-industriales','2015-03-19 20:57:22','2015-03-19 20:57:22');
INSERT INTO "categories" VALUES(2,'Productos Alimenticios','productos-alimenticios','2015-03-19 20:57:22','2015-03-19 20:57:22');
CREATE TABLE "sub_categories" ("id" integer not null primary key autoincrement, "category_id" integer not null, "description" varchar not null, "slug" varchar not null, "created_at" datetime not null, "updated_at" datetime not null, foreign key("category_id") references "categories"("id") on delete cascade);
INSERT INTO "sub_categories" VALUES(1,1,'Maquinaria Pesada','maquinaria-pesada','2015-03-19 20:57:22','2015-03-19 20:57:22');
INSERT INTO "sub_categories" VALUES(2,1,'Tractores','tractores','2015-03-19 20:57:22','2015-03-19 20:57:22');
INSERT INTO "sub_categories" VALUES(3,1,'Maquinaria Ligera','maquinaria-ligera','2015-03-19 20:57:22','2015-03-19 20:57:22');
INSERT INTO "sub_categories" VALUES(4,2,'Chocolate','chocolate','2015-03-19 20:57:22','2015-03-19 20:57:22');
INSERT INTO "sub_categories" VALUES(5,2,'Arroz','arroz','2015-03-19 20:57:22','2015-03-19 20:57:22');
INSERT INTO "sub_categories" VALUES(6,2,'Avena','avena','2015-03-19 20:57:22','2015-03-19 20:57:22');
INSERT INTO "sub_categories" VALUES(7,2,'Soya','soya','2015-03-19 20:57:22','2015-03-19 20:57:22');
CREATE TABLE "products" ("id" integer not null primary key autoincrement, "user_id" integer not null, "maker_id" integer not null, "title" varchar not null, "description" text not null, "price" float not null, "quantity" integer not null, "slug" varchar not null, "created_at" datetime not null, "updated_at" datetime not null, "created_by" integer not null, "updated_by" integer not null, "deleted_at" datetime null, foreign key("user_id") references "users"("id") on delete cascade, foreign key("maker_id") references "makers"("id"), foreign key("created_by") references "users"("id"), foreign key("updated_by") references "users"("id"));
INSERT INTO "products" VALUES(1,1,4,'Sit laudantium omnis vitae consequatur doloremque.','Eos delectus tempora voluptates voluptatum. Alias fuga ipsum quo et et eos. Corporis velit quam officiis at.',6407967853.44,12,'sit-laudantium-omnis-vitae-consequatur-doloremque','2015-03-19 20:57:23','2015-03-19 20:57:23',1,1,NULL);
INSERT INTO "products" VALUES(2,1,6,'Cumque veniam illum qui aut.','Officiis numquam eos omnis harum aspernatur odio. Quidem iure ut ducimus commodi amet. Temporibus voluptatibus vero fuga a.',6845598017.39,7,'cumque-veniam-illum-qui-aut','2015-03-19 20:57:23','2015-03-19 20:57:23',1,1,NULL);
INSERT INTO "products" VALUES(3,1,3,'Ut exercitationem hic reiciendis.','Assumenda sint accusantium dolores velit quo ut eum. Aut sint adipisci repellendus quo. Et sunt dolor quis mollitia nihil et blanditiis beatae.',629806700.96,18,'ut-exercitationem-hic-reiciendis','2015-03-19 20:57:23','2015-03-19 20:57:23',1,1,NULL);
INSERT INTO "products" VALUES(4,1,3,'Fugiat unde aspernatur ullam debitis.','Dolores dicta fugiat cumque assumenda occaecati exercitationem. Veritatis aspernatur dolor et fugit molestiae ut. Sed porro voluptas ipsam quod.',3872995853.71,5,'fugiat-unde-aspernatur-ullam-debitis','2015-03-19 20:57:23','2015-03-19 20:57:23',1,1,NULL);
INSERT INTO "products" VALUES(5,1,1,'Voluptas sequi rem ipsa.','Sit odio facilis accusamus sint. Distinctio reiciendis rerum velit nam tenetur et.',6711504075.63,4,'voluptas-sequi-rem-ipsa','2015-03-19 20:57:23','2015-03-19 20:57:23',1,1,NULL);
INSERT INTO "products" VALUES(6,1,10,'Quasi cupiditate cum laborum.','Quam sit necessitatibus est animi debitis. Reprehenderit sunt eius temporibus non et libero. Voluptatibus et ut suscipit autem. Nemo non assumenda porro vero id neque. Maiores ullam est qui cumque.',9588231316.94,8,'quasi-cupiditate-cum-laborum','2015-03-19 20:57:23','2015-03-19 20:57:23',1,1,NULL);
INSERT INTO "products" VALUES(7,1,1,'Soluta odio omnis omnis fuga et.','Quia quae esse ut repellendus qui ut aliquam. Quisquam maxime laborum labore dolor velit. Nihil vel possimus exercitationem. Et amet ea iusto necessitatibus dolorem beatae quia eligendi.',6649183787.95,14,'soluta-odio-omnis-omnis-fuga-et','2015-03-19 20:57:23','2015-03-19 20:57:23',1,1,NULL);
INSERT INTO "products" VALUES(8,1,1,'Perferendis nobis inventore iste voluptatibus ut expedita.','Ullam non nostrum officiis laborum mollitia corporis cum porro. Explicabo temporibus quae aut cumque. Velit aut est voluptate aliquam eaque rem.',1922286360.05,6,'perferendis-nobis-inventore-iste-voluptatibus-ut-expedita','2015-03-19 20:57:23','2015-03-19 20:57:23',1,1,NULL);
CREATE TABLE "promotions" ("id" integer not null primary key autoincrement, "title" varchar not null, "slug" varchar not null, "percentage" integer null, "static" integer null, "begins" date not null, "ends" date not null, "created_at" datetime not null, "updated_at" datetime not null);
INSERT INTO "promotions" VALUES(1,'Lleva 2, paga 3!','lleva-2-paga-3',NULL,NULL,'2011-03-19','2016-03-19','2015-03-19 20:57:26','2015-03-19 20:57:26');
CREATE TABLE "product_promotion" ("product_id" integer not null, "promotion_id" integer not null, foreign key("product_id") references "products"("id"), foreign key("promotion_id") references "promotions"("id"));
INSERT INTO "product_promotion" VALUES(1,1);
CREATE TABLE "files" ("id" integer not null primary key autoincrement, "fileable_id" integer not null, "fileable_type" varchar not null, "path" varchar not null, "mime" varchar not null, "created_at" datetime not null, "updated_at" datetime not null, "created_by" integer not null, "updated_by" integer not null, foreign key("created_by") references "users"("id"), foreign key("updated_by") references "users"("id"));
INSERT INTO "files" VALUES(1,1,'App\Feature','products/1/201503190803032424-vRohQB0M3nTmzdRav9wu.pdf','application/pdf','2015-03-19 20:57:24','2015-03-19 20:57:24',1,1);
INSERT INTO "files" VALUES(2,2,'App\Feature','products/1/201503190803032424-R1nyHIseiAGqRSffocaQ.pdf','application/pdf','2015-03-19 20:57:24','2015-03-19 20:57:24',1,1);
INSERT INTO "files" VALUES(3,3,'App\Feature','products/1/201503190803032424-5ubVFztwD0V3e2zKGEFb.pdf','application/pdf','2015-03-19 20:57:24','2015-03-19 20:57:24',1,1);
INSERT INTO "files" VALUES(4,4,'App\Feature','products/1/201503190803032424-8dskekE3C68X6FFPHV5j.pdf','application/pdf','2015-03-19 20:57:24','2015-03-19 20:57:24',1,1);
INSERT INTO "files" VALUES(5,5,'App\Feature','products/1/201503190803032424-0uim4ma6squXT1FWQ1AU.pdf','application/pdf','2015-03-19 20:57:24','2015-03-19 20:57:24',1,1);
INSERT INTO "files" VALUES(6,6,'App\Feature','products/2/201503190803032424-MwKBq4Tq3X1AVqUSRx4H.pdf','application/pdf','2015-03-19 20:57:24','2015-03-19 20:57:24',1,1);
INSERT INTO "files" VALUES(7,7,'App\Feature','products/2/201503190803032424-5qxy30fH1lq6WTYTrzBw.pdf','application/pdf','2015-03-19 20:57:24','2015-03-19 20:57:24',1,1);
INSERT INTO "files" VALUES(8,8,'App\Feature','products/2/201503190803032424-BhMYtsoSQlj9qesuM8iB.pdf','application/pdf','2015-03-19 20:57:24','2015-03-19 20:57:24',1,1);
INSERT INTO "files" VALUES(9,9,'App\Feature','products/2/201503190803032424-JPThaduamFhY1QCwNLdf.pdf','application/pdf','2015-03-19 20:57:24','2015-03-19 20:57:24',1,1);
INSERT INTO "files" VALUES(10,10,'App\Feature','products/2/201503190803032424-oYUuxoopBWcuKUztzWJq.pdf','application/pdf','2015-03-19 20:57:24','2015-03-19 20:57:24',1,1);
INSERT INTO "files" VALUES(11,11,'App\Feature','products/3/201503190803032424-VE4pSVhBYYKj5GyNN8cV.pdf','application/pdf','2015-03-19 20:57:24','2015-03-19 20:57:24',1,1);
INSERT INTO "files" VALUES(12,12,'App\Feature','products/3/201503190803032424-NABhVQqxYK2XRmabjHEW.pdf','application/pdf','2015-03-19 20:57:24','2015-03-19 20:57:24',1,1);
INSERT INTO "files" VALUES(13,13,'App\Feature','products/3/201503190803032424-q93Y624G389GAxfUOwrn.pdf','application/pdf','2015-03-19 20:57:24','2015-03-19 20:57:24',1,1);
INSERT INTO "files" VALUES(14,14,'App\Feature','products/3/201503190803032424-3lJE3LdmBahteB8Ote75.pdf','application/pdf','2015-03-19 20:57:24','2015-03-19 20:57:24',1,1);
INSERT INTO "files" VALUES(15,15,'App\Feature','products/3/201503190803032424-HduuWUDXI7xTrh3cax1s.pdf','application/pdf','2015-03-19 20:57:24','2015-03-19 20:57:24',1,1);
INSERT INTO "files" VALUES(16,16,'App\Feature','products/4/201503190803032424-SfQAmreVgCJDWos3XHPD.pdf','application/pdf','2015-03-19 20:57:24','2015-03-19 20:57:24',1,1);
INSERT INTO "files" VALUES(17,17,'App\Feature','products/4/201503190803032424-ktCK0jTmw6A7jz0Z9W3D.pdf','application/pdf','2015-03-19 20:57:24','2015-03-19 20:57:24',1,1);
INSERT INTO "files" VALUES(18,18,'App\Feature','products/4/201503190803032525-kXY2hXjOM2cXBwbtjwHL.pdf','application/pdf','2015-03-19 20:57:25','2015-03-19 20:57:25',1,1);
INSERT INTO "files" VALUES(19,19,'App\Feature','products/4/201503190803032525-Jjm8ldvvf9QDrrK2Ppuh.pdf','application/pdf','2015-03-19 20:57:25','2015-03-19 20:57:25',1,1);
INSERT INTO "files" VALUES(20,20,'App\Feature','products/4/201503190803032525-rgkxABkE3HKQhEVz36JL.pdf','application/pdf','2015-03-19 20:57:25','2015-03-19 20:57:25',1,1);
INSERT INTO "files" VALUES(21,21,'App\Feature','products/5/201503190803032525-y9JoKh2BORyAi9wX1jac.pdf','application/pdf','2015-03-19 20:57:25','2015-03-19 20:57:25',1,1);
INSERT INTO "files" VALUES(22,22,'App\Feature','products/5/201503190803032525-OV2TV9S2au4o5CZe9r9j.pdf','application/pdf','2015-03-19 20:57:25','2015-03-19 20:57:25',1,1);
INSERT INTO "files" VALUES(23,23,'App\Feature','products/5/201503190803032525-Q5swwuXLL0gQpAdOFvsZ.pdf','application/pdf','2015-03-19 20:57:25','2015-03-19 20:57:25',1,1);
INSERT INTO "files" VALUES(24,24,'App\Feature','products/5/201503190803032525-6pZ2FPBDMiHegmDhU1bS.pdf','application/pdf','2015-03-19 20:57:25','2015-03-19 20:57:25',1,1);
INSERT INTO "files" VALUES(25,25,'App\Feature','products/5/201503190803032525-sPHYnwUFeZc0CrVeZBcl.pdf','application/pdf','2015-03-19 20:57:25','2015-03-19 20:57:25',1,1);
INSERT INTO "files" VALUES(26,26,'App\Feature','products/6/201503190803032525-wjzbhb3Uwswk4vvJAqiA.pdf','application/pdf','2015-03-19 20:57:25','2015-03-19 20:57:25',1,1);
INSERT INTO "files" VALUES(27,27,'App\Feature','products/6/201503190803032525-eZjXreML9nJ2FuQaTgUu.pdf','application/pdf','2015-03-19 20:57:25','2015-03-19 20:57:25',1,1);
INSERT INTO "files" VALUES(28,28,'App\Feature','products/6/201503190803032525-VO3a64dVXWPwhaOayCYr.pdf','application/pdf','2015-03-19 20:57:25','2015-03-19 20:57:25',1,1);
INSERT INTO "files" VALUES(29,29,'App\Feature','products/6/201503190803032525-Z59pVxp1rz7rsHZ8VMJv.pdf','application/pdf','2015-03-19 20:57:25','2015-03-19 20:57:25',1,1);
INSERT INTO "files" VALUES(30,30,'App\Feature','products/6/201503190803032525-kUAMUBCGXF04bPCylWlr.pdf','application/pdf','2015-03-19 20:57:25','2015-03-19 20:57:25',1,1);
INSERT INTO "files" VALUES(31,31,'App\Feature','products/7/201503190803032525-PXrllhRelu6eeloedY0x.pdf','application/pdf','2015-03-19 20:57:25','2015-03-19 20:57:25',1,1);
INSERT INTO "files" VALUES(32,32,'App\Feature','products/7/201503190803032525-Lq8LVPfkdEAfHnVknWWj.pdf','application/pdf','2015-03-19 20:57:25','2015-03-19 20:57:25',1,1);
INSERT INTO "files" VALUES(33,33,'App\Feature','products/7/201503190803032525-jAUZwMsIUI4ClSE7Hp9L.pdf','application/pdf','2015-03-19 20:57:25','2015-03-19 20:57:25',1,1);
INSERT INTO "files" VALUES(34,34,'App\Feature','products/7/201503190803032525-PxtOupzwrc74B5QD07wO.pdf','application/pdf','2015-03-19 20:57:25','2015-03-19 20:57:25',1,1);
INSERT INTO "files" VALUES(35,35,'App\Feature','products/7/201503190803032525-NSsrid2ZtNH6htZJQ6BG.pdf','application/pdf','2015-03-19 20:57:25','2015-03-19 20:57:25',1,1);
INSERT INTO "files" VALUES(36,36,'App\Feature','products/8/201503190803032525-ut1X3PH6iT2XBaX0L2d2.pdf','application/pdf','2015-03-19 20:57:25','2015-03-19 20:57:25',1,1);
INSERT INTO "files" VALUES(37,37,'App\Feature','products/8/201503190803032525-SaoHgpslnwAZ9lKeHceZ.pdf','application/pdf','2015-03-19 20:57:25','2015-03-19 20:57:25',1,1);
INSERT INTO "files" VALUES(38,38,'App\Feature','products/8/201503190803032525-ABkddE4OmSvFno0JjsjB.pdf','application/pdf','2015-03-19 20:57:25','2015-03-19 20:57:25',1,1);
INSERT INTO "files" VALUES(39,39,'App\Feature','products/8/201503190803032626-LyflRuurSaEBCy2WPTpr.pdf','application/pdf','2015-03-19 20:57:26','2015-03-19 20:57:26',1,1);
INSERT INTO "files" VALUES(40,40,'App\Feature','products/8/201503190803032626-uIpv8LfczjCOeYl5YvVr.pdf','application/pdf','2015-03-19 20:57:26','2015-03-19 20:57:26',1,1);
INSERT INTO "files" VALUES(41,1,'App\Product','products/1/201503190803032626-RJ4hO9A6d057N7jS4GRl.pdf','application/pdf','2015-03-19 20:57:26','2015-03-19 20:57:26',1,1);
INSERT INTO "files" VALUES(42,2,'App\Product','products/2/201503190803032626-gOeaGUMwmuPH3E3FucoQ.pdf','application/pdf','2015-03-19 20:57:26','2015-03-19 20:57:26',1,1);
INSERT INTO "files" VALUES(43,3,'App\Product','products/3/201503190803032626-CEjUXGpy0kMLak40wzoS.pdf','application/pdf','2015-03-19 20:57:26','2015-03-19 20:57:26',1,1);
INSERT INTO "files" VALUES(44,4,'App\Product','products/4/201503190803032626-cMGez7Nse0ITz15CDFBd.pdf','application/pdf','2015-03-19 20:57:26','2015-03-19 20:57:26',1,1);
INSERT INTO "files" VALUES(45,5,'App\Product','products/5/201503190803032626-9uRIxLRg8sXb3L1XB2GH.pdf','application/pdf','2015-03-19 20:57:26','2015-03-19 20:57:26',1,1);
INSERT INTO "files" VALUES(46,6,'App\Product','products/6/201503190803032626-ZvgMX6afei7rRY1wv7iX.pdf','application/pdf','2015-03-19 20:57:26','2015-03-19 20:57:26',1,1);
INSERT INTO "files" VALUES(47,7,'App\Product','products/7/201503190803032626-zbxQ8AUZIiYrIRAheF7w.pdf','application/pdf','2015-03-19 20:57:26','2015-03-19 20:57:26',1,1);
INSERT INTO "files" VALUES(48,8,'App\Product','products/8/201503190803032626-FPbLEePaoVKcYwqQPIFI.pdf','application/pdf','2015-03-19 20:57:26','2015-03-19 20:57:26',1,1);
CREATE TABLE "images" ("id" integer not null primary key autoincrement, "imageable_id" integer not null, "imageable_type" varchar not null, "path" varchar not null, "mime" varchar not null, "alt" varchar not null, "created_at" datetime not null, "updated_at" datetime not null, "created_by" integer not null, "updated_by" integer not null, foreign key("created_by") references "users"("id"), foreign key("updated_by") references "users"("id"));
INSERT INTO "images" VALUES(1,1,'App\Maker','makers/1/201503190803032323-GoPtk5GF7vmCSnuE4lga.gif','image/gif','orbiagro.com.ve subastas compra y venta: batista-veliz-sa','2015-03-19 20:57:23','2015-03-19 20:57:23',1,1);
INSERT INTO "images" VALUES(2,2,'App\Maker','makers/2/201503190803032323-gyItddnS2YeUYkNEJMzO.gif','image/gif','orbiagro.com.ve subastas compra y venta: viajes-cavazos','2015-03-19 20:57:23','2015-03-19 20:57:23',1,1);
INSERT INTO "images" VALUES(3,3,'App\Maker','makers/3/201503190803032323-2JSLO3dvvEp44fdNML8Y.gif','image/gif','orbiagro.com.ve subastas compra y venta: rodriguez-de-reyes-sa','2015-03-19 20:57:23','2015-03-19 20:57:23',1,1);
INSERT INTO "images" VALUES(4,4,'App\Maker','makers/4/201503190803032323-ci1WUtjOp8ej4yZSvHfO.gif','image/gif','orbiagro.com.ve subastas compra y venta: soler-aguilera-y-andreu-sa','2015-03-19 20:57:23','2015-03-19 20:57:23',1,1);
INSERT INTO "images" VALUES(5,5,'App\Maker','makers/5/201503190803032323-UPmUeKvN3ZeCyLAqT9hM.gif','image/gif','orbiagro.com.ve subastas compra y venta: de-la-fuente-concepcion','2015-03-19 20:57:23','2015-03-19 20:57:23',1,1);
INSERT INTO "images" VALUES(6,6,'App\Maker','makers/6/201503190803032323-tovmFginkzqX8r6lAuli.gif','image/gif','orbiagro.com.ve subastas compra y venta: fonseca-segovia-y-rosales-srl','2015-03-19 20:57:23','2015-03-19 20:57:23',1,1);
INSERT INTO "images" VALUES(7,7,'App\Maker','makers/7/201503190803032323-lNkdsYLKEP1s1bnIvuyB.gif','image/gif','orbiagro.com.ve subastas compra y venta: villalobos-villegas-sa','2015-03-19 20:57:23','2015-03-19 20:57:23',1,1);
INSERT INTO "images" VALUES(8,8,'App\Maker','makers/8/201503190803032323-kbAbXmnKvCUKZSgkbRx5.gif','image/gif','orbiagro.com.ve subastas compra y venta: mendoza-de-gimeno','2015-03-19 20:57:23','2015-03-19 20:57:23',1,1);
INSERT INTO "images" VALUES(9,9,'App\Maker','makers/9/201503190803032323-I3rv3AqQdCNnNDpANwx5.gif','image/gif','orbiagro.com.ve subastas compra y venta: global-armenta','2015-03-19 20:57:23','2015-03-19 20:57:23',1,1);
INSERT INTO "images" VALUES(10,10,'App\Maker','makers/10/201503190803032323-mS7oItYcGVUwtkCaE32N.gif','image/gif','orbiagro.com.ve subastas compra y venta: pelaez-santacruz-e-hijo','2015-03-19 20:57:23','2015-03-19 20:57:23',1,1);
INSERT INTO "images" VALUES(11,11,'App\Maker','makers/11/201503190803032323-9X1ccVPqGcIPwOdnK1nO.gif','image/gif','orbiagro.com.ve subastas compra y venta: centro-orellana','2015-03-19 20:57:23','2015-03-19 20:57:23',1,1);
INSERT INTO "images" VALUES(12,12,'App\Maker','makers/12/201503190803032323-oFxwqAKEbCxD4rSZRlb1.gif','image/gif','orbiagro.com.ve subastas compra y venta: ramon-y-martos','2015-03-19 20:57:23','2015-03-19 20:57:23',1,1);
INSERT INTO "images" VALUES(13,13,'App\Maker','makers/13/201503190803032323-wQzbRIGFkmF67Ii5F9G3.gif','image/gif','orbiagro.com.ve subastas compra y venta: empresa-de-la-fuente-navarrete','2015-03-19 20:57:23','2015-03-19 20:57:23',1,1);
INSERT INTO "images" VALUES(14,14,'App\Maker','makers/14/201503190803032323-wGt4a4Cz8fiZwPUykWiu.gif','image/gif','orbiagro.com.ve subastas compra y venta: gimenez-barraza-y-raya-e-hija','2015-03-19 20:57:23','2015-03-19 20:57:23',1,1);
INSERT INTO "images" VALUES(15,1,'App\Feature','products/1/201503190803032424-orWDQ02atUUL6ZUO7CpC.gif','image/gif','orbiagro.com.ve subastas compra y venta: tester','2015-03-19 20:57:24','2015-03-19 20:57:24',1,1);
INSERT INTO "images" VALUES(16,2,'App\Feature','products/1/201503190803032424-lCHavccPQVpB6VpdFlzb.gif','image/gif','orbiagro.com.ve subastas compra y venta: tester','2015-03-19 20:57:24','2015-03-19 20:57:24',1,1);
INSERT INTO "images" VALUES(17,3,'App\Feature','products/1/201503190803032424-THnFR3dE64spcWJT0pd0.gif','image/gif','orbiagro.com.ve subastas compra y venta: tester','2015-03-19 20:57:24','2015-03-19 20:57:24',1,1);
INSERT INTO "images" VALUES(18,4,'App\Feature','products/1/201503190803032424-gSLWq3BxESoR80db3uCz.gif','image/gif','orbiagro.com.ve subastas compra y venta: tester','2015-03-19 20:57:24','2015-03-19 20:57:24',1,1);
INSERT INTO "images" VALUES(19,5,'App\Feature','products/1/201503190803032424-H1RTKOKqOu83a10I0435.gif','image/gif','orbiagro.com.ve subastas compra y venta: tester','2015-03-19 20:57:24','2015-03-19 20:57:24',1,1);
INSERT INTO "images" VALUES(20,6,'App\Feature','products/2/201503190803032424-94irqFNTqF2P6J9zauNz.gif','image/gif','orbiagro.com.ve subastas compra y venta: tester','2015-03-19 20:57:24','2015-03-19 20:57:24',1,1);
INSERT INTO "images" VALUES(21,7,'App\Feature','products/2/201503190803032424-gHl8PDHcYUodji9VAVUe.gif','image/gif','orbiagro.com.ve subastas compra y venta: tester','2015-03-19 20:57:24','2015-03-19 20:57:24',1,1);
INSERT INTO "images" VALUES(22,8,'App\Feature','products/2/201503190803032424-rKkDheyhaFLyv7YndV4X.gif','image/gif','orbiagro.com.ve subastas compra y venta: tester','2015-03-19 20:57:24','2015-03-19 20:57:24',1,1);
INSERT INTO "images" VALUES(23,9,'App\Feature','products/2/201503190803032424-7r6oi8rlC1VsVhvSdpnc.gif','image/gif','orbiagro.com.ve subastas compra y venta: tester','2015-03-19 20:57:24','2015-03-19 20:57:24',1,1);
INSERT INTO "images" VALUES(24,10,'App\Feature','products/2/201503190803032424-3hyd10umbvjlIJVXkpFS.gif','image/gif','orbiagro.com.ve subastas compra y venta: tester','2015-03-19 20:57:24','2015-03-19 20:57:24',1,1);
INSERT INTO "images" VALUES(25,11,'App\Feature','products/3/201503190803032424-Psl5PryJxo1bNKqhoSz8.gif','image/gif','orbiagro.com.ve subastas compra y venta: tester','2015-03-19 20:57:24','2015-03-19 20:57:24',1,1);
INSERT INTO "images" VALUES(26,12,'App\Feature','products/3/201503190803032424-rHHHzCuP3EmwxSQBRf7F.gif','image/gif','orbiagro.com.ve subastas compra y venta: tester','2015-03-19 20:57:24','2015-03-19 20:57:24',1,1);
INSERT INTO "images" VALUES(27,13,'App\Feature','products/3/201503190803032424-7sVu56g9QYgoApamwbzf.gif','image/gif','orbiagro.com.ve subastas compra y venta: tester','2015-03-19 20:57:24','2015-03-19 20:57:24',1,1);
INSERT INTO "images" VALUES(28,14,'App\Feature','products/3/201503190803032424-A1zCDDTCyQt2MxHIjyPH.gif','image/gif','orbiagro.com.ve subastas compra y venta: tester','2015-03-19 20:57:24','2015-03-19 20:57:24',1,1);
INSERT INTO "images" VALUES(29,15,'App\Feature','products/3/201503190803032424-1VLaf988SceAspOT8psA.gif','image/gif','orbiagro.com.ve subastas compra y venta: tester','2015-03-19 20:57:24','2015-03-19 20:57:24',1,1);
INSERT INTO "images" VALUES(30,16,'App\Feature','products/4/201503190803032424-EcfdRLFHlE7EtVoJ9cIn.gif','image/gif','orbiagro.com.ve subastas compra y venta: tester','2015-03-19 20:57:24','2015-03-19 20:57:24',1,1);
INSERT INTO "images" VALUES(31,17,'App\Feature','products/4/201503190803032424-CD0a4t6h4ydQr0aA8ekp.gif','image/gif','orbiagro.com.ve subastas compra y venta: tester','2015-03-19 20:57:24','2015-03-19 20:57:24',1,1);
INSERT INTO "images" VALUES(32,18,'App\Feature','products/4/201503190803032424-XttzuiKUnhWYowiq6tzX.gif','image/gif','orbiagro.com.ve subastas compra y venta: tester','2015-03-19 20:57:25','2015-03-19 20:57:25',1,1);
INSERT INTO "images" VALUES(33,19,'App\Feature','products/4/201503190803032525-EybdWYiuWBJ3GNMoUuGt.gif','image/gif','orbiagro.com.ve subastas compra y venta: tester','2015-03-19 20:57:25','2015-03-19 20:57:25',1,1);
INSERT INTO "images" VALUES(34,20,'App\Feature','products/4/201503190803032525-WYfTxHNvtrc3IIBBbSjz.gif','image/gif','orbiagro.com.ve subastas compra y venta: tester','2015-03-19 20:57:25','2015-03-19 20:57:25',1,1);
INSERT INTO "images" VALUES(35,21,'App\Feature','products/5/201503190803032525-vanXsoETHp4YG1CyRWpo.gif','image/gif','orbiagro.com.ve subastas compra y venta: tester','2015-03-19 20:57:25','2015-03-19 20:57:25',1,1);
INSERT INTO "images" VALUES(36,22,'App\Feature','products/5/201503190803032525-h7vDpshq1CBk1ebgwACu.gif','image/gif','orbiagro.com.ve subastas compra y venta: tester','2015-03-19 20:57:25','2015-03-19 20:57:25',1,1);
INSERT INTO "images" VALUES(37,23,'App\Feature','products/5/201503190803032525-5f2ZxNl4JJNA1dpxejOL.gif','image/gif','orbiagro.com.ve subastas compra y venta: tester','2015-03-19 20:57:25','2015-03-19 20:57:25',1,1);
INSERT INTO "images" VALUES(38,24,'App\Feature','products/5/201503190803032525-fEFT3fotdLzjRJJkPxCN.gif','image/gif','orbiagro.com.ve subastas compra y venta: tester','2015-03-19 20:57:25','2015-03-19 20:57:25',1,1);
INSERT INTO "images" VALUES(39,25,'App\Feature','products/5/201503190803032525-TFqrpmi7RT8EJC4saU4o.gif','image/gif','orbiagro.com.ve subastas compra y venta: tester','2015-03-19 20:57:25','2015-03-19 20:57:25',1,1);
INSERT INTO "images" VALUES(40,26,'App\Feature','products/6/201503190803032525-RB38rYa6iG7iRGyZ92BF.gif','image/gif','orbiagro.com.ve subastas compra y venta: tester','2015-03-19 20:57:25','2015-03-19 20:57:25',1,1);
INSERT INTO "images" VALUES(41,27,'App\Feature','products/6/201503190803032525-4xGKerXBjPm2tfOuUzDE.gif','image/gif','orbiagro.com.ve subastas compra y venta: tester','2015-03-19 20:57:25','2015-03-19 20:57:25',1,1);
INSERT INTO "images" VALUES(42,28,'App\Feature','products/6/201503190803032525-Yp83ireLU90g8XGw2z2I.gif','image/gif','orbiagro.com.ve subastas compra y venta: tester','2015-03-19 20:57:25','2015-03-19 20:57:25',1,1);
INSERT INTO "images" VALUES(43,29,'App\Feature','products/6/201503190803032525-xdPoPyEOjAAtPp7qopeN.gif','image/gif','orbiagro.com.ve subastas compra y venta: tester','2015-03-19 20:57:25','2015-03-19 20:57:25',1,1);
INSERT INTO "images" VALUES(44,30,'App\Feature','products/6/201503190803032525-4wSiM04EaADAn9IRbLSk.gif','image/gif','orbiagro.com.ve subastas compra y venta: tester','2015-03-19 20:57:25','2015-03-19 20:57:25',1,1);
INSERT INTO "images" VALUES(45,31,'App\Feature','products/7/201503190803032525-45XkWw2QDKmQeAW7MV01.gif','image/gif','orbiagro.com.ve subastas compra y venta: tester','2015-03-19 20:57:25','2015-03-19 20:57:25',1,1);
INSERT INTO "images" VALUES(46,32,'App\Feature','products/7/201503190803032525-ilxrmk7Lf8ZC8Jb26rnS.gif','image/gif','orbiagro.com.ve subastas compra y venta: tester','2015-03-19 20:57:25','2015-03-19 20:57:25',1,1);
INSERT INTO "images" VALUES(47,33,'App\Feature','products/7/201503190803032525-gws6b2Me8hzJyU2v3ORC.gif','image/gif','orbiagro.com.ve subastas compra y venta: tester','2015-03-19 20:57:25','2015-03-19 20:57:25',1,1);
INSERT INTO "images" VALUES(48,34,'App\Feature','products/7/201503190803032525-UvzTs8FaKsWAnfOan427.gif','image/gif','orbiagro.com.ve subastas compra y venta: tester','2015-03-19 20:57:25','2015-03-19 20:57:25',1,1);
INSERT INTO "images" VALUES(49,35,'App\Feature','products/7/201503190803032525-pOs5P6iCQFoSjbA5R2k6.gif','image/gif','orbiagro.com.ve subastas compra y venta: tester','2015-03-19 20:57:25','2015-03-19 20:57:25',1,1);
INSERT INTO "images" VALUES(50,36,'App\Feature','products/8/201503190803032525-Is72f8DZxu1a0dHoCn89.gif','image/gif','orbiagro.com.ve subastas compra y venta: tester','2015-03-19 20:57:25','2015-03-19 20:57:25',1,1);
INSERT INTO "images" VALUES(51,37,'App\Feature','products/8/201503190803032525-Yq47MoQlfzLT5BNb8I1g.gif','image/gif','orbiagro.com.ve subastas compra y venta: tester','2015-03-19 20:57:25','2015-03-19 20:57:25',1,1);
INSERT INTO "images" VALUES(52,38,'App\Feature','products/8/201503190803032525-XygyqMfIwF45T6HT5K9e.gif','image/gif','orbiagro.com.ve subastas compra y venta: tester','2015-03-19 20:57:25','2015-03-19 20:57:25',1,1);
INSERT INTO "images" VALUES(53,39,'App\Feature','products/8/201503190803032626-3K5T1RW7O7N6j82OtkhM.gif','image/gif','orbiagro.com.ve subastas compra y venta: tester','2015-03-19 20:57:26','2015-03-19 20:57:26',1,1);
INSERT INTO "images" VALUES(54,40,'App\Feature','products/8/201503190803032626-uw5rYVUz2jWnr2drTERV.gif','image/gif','orbiagro.com.ve subastas compra y venta: tester','2015-03-19 20:57:26','2015-03-19 20:57:26',1,1);
INSERT INTO "images" VALUES(55,1,'App\Product','products/1/201503190803032626-9VHt85JAnwWRfgtEHTGl.gif','image/gif','orbiagro.com.ve subastas compra y venta: sit-laudantium-omnis-vitae-consequatur-doloremque','2015-03-19 20:57:26','2015-03-19 20:57:26',1,1);
INSERT INTO "images" VALUES(56,2,'App\Product','products/2/201503190803032626-DhNTgD14BX6SCLUu7bWf.gif','image/gif','orbiagro.com.ve subastas compra y venta: cumque-veniam-illum-qui-aut','2015-03-19 20:57:26','2015-03-19 20:57:26',1,1);
INSERT INTO "images" VALUES(57,3,'App\Product','products/3/201503190803032626-G83ecf5MnCznfD0aPote.gif','image/gif','orbiagro.com.ve subastas compra y venta: ut-exercitationem-hic-reiciendis','2015-03-19 20:57:26','2015-03-19 20:57:26',1,1);
INSERT INTO "images" VALUES(58,4,'App\Product','products/4/201503190803032626-1yV4QiSmtZhBa8lhFoDL.gif','image/gif','orbiagro.com.ve subastas compra y venta: fugiat-unde-aspernatur-ullam-debitis','2015-03-19 20:57:26','2015-03-19 20:57:26',1,1);
INSERT INTO "images" VALUES(59,5,'App\Product','products/5/201503190803032626-Nkl6RknjCMdsviWb4WW2.gif','image/gif','orbiagro.com.ve subastas compra y venta: voluptas-sequi-rem-ipsa','2015-03-19 20:57:26','2015-03-19 20:57:26',1,1);
INSERT INTO "images" VALUES(60,6,'App\Product','products/6/201503190803032626-msCnQf850EjOHEOLOy3G.gif','image/gif','orbiagro.com.ve subastas compra y venta: quasi-cupiditate-cum-laborum','2015-03-19 20:57:26','2015-03-19 20:57:26',1,1);
INSERT INTO "images" VALUES(61,7,'App\Product','products/7/201503190803032626-retL51CL6tg87V6tasxC.gif','image/gif','orbiagro.com.ve subastas compra y venta: soluta-odio-omnis-omnis-fuga-et','2015-03-19 20:57:26','2015-03-19 20:57:26',1,1);
INSERT INTO "images" VALUES(62,8,'App\Product','products/8/201503190803032626-l4GUnEzXMlZIXwpJrVOP.gif','image/gif','orbiagro.com.ve subastas compra y venta: perferendis-nobis-inventore-iste-voluptatibus-ut-expedita','2015-03-19 20:57:26','2015-03-19 20:57:26',1,1);
CREATE TABLE "characteristics" ("id" integer not null primary key autoincrement, "product_id" integer not null, "height" integer null, "width" integer null, "depth" integer null, "weight" integer null, "units" integer null, "created_at" datetime not null, "updated_at" datetime not null, "created_by" integer not null, "updated_by" integer not null, foreign key("product_id") references "products"("id"), foreign key("created_by") references "users"("id"), foreign key("updated_by") references "users"("id"));
INSERT INTO "characteristics" VALUES(1,1,1,1,1,1,1,'2015-03-19 20:57:26','2015-03-19 20:57:26',1,1);
INSERT INTO "characteristics" VALUES(2,2,1,1,1,1,1,'2015-03-19 20:57:26','2015-03-19 20:57:26',1,1);
INSERT INTO "characteristics" VALUES(3,3,1,1,1,1,1,'2015-03-19 20:57:26','2015-03-19 20:57:26',1,1);
INSERT INTO "characteristics" VALUES(4,4,1,1,1,1,1,'2015-03-19 20:57:26','2015-03-19 20:57:26',1,1);
INSERT INTO "characteristics" VALUES(5,5,1,1,1,1,1,'2015-03-19 20:57:26','2015-03-19 20:57:26',1,1);
INSERT INTO "characteristics" VALUES(6,6,1,1,1,1,1,'2015-03-19 20:57:26','2015-03-19 20:57:26',1,1);
INSERT INTO "characteristics" VALUES(7,7,1,1,1,1,1,'2015-03-19 20:57:26','2015-03-19 20:57:26',1,1);
INSERT INTO "characteristics" VALUES(8,8,1,1,1,1,1,'2015-03-19 20:57:26','2015-03-19 20:57:26',1,1);
CREATE TABLE "features" ("id" integer not null primary key autoincrement, "product_id" integer not null, "title" varchar not null, "description" varchar not null, "created_at" datetime not null, "updated_at" datetime not null, "created_by" integer not null, "updated_by" integer not null, foreign key("product_id") references "products"("id"), foreign key("created_by") references "users"("id"), foreign key("updated_by") references "users"("id"));
INSERT INTO "features" VALUES(1,1,'tester','tester','2015-03-19 20:57:24','2015-03-19 20:57:24',1,1);
INSERT INTO "features" VALUES(2,1,'tester','tester','2015-03-19 20:57:24','2015-03-19 20:57:24',1,1);
INSERT INTO "features" VALUES(3,1,'tester','tester','2015-03-19 20:57:24','2015-03-19 20:57:24',1,1);
INSERT INTO "features" VALUES(4,1,'tester','tester','2015-03-19 20:57:24','2015-03-19 20:57:24',1,1);
INSERT INTO "features" VALUES(5,1,'tester','tester','2015-03-19 20:57:24','2015-03-19 20:57:24',1,1);
INSERT INTO "features" VALUES(6,2,'tester','tester','2015-03-19 20:57:24','2015-03-19 20:57:24',1,1);
INSERT INTO "features" VALUES(7,2,'tester','tester','2015-03-19 20:57:24','2015-03-19 20:57:24',1,1);
INSERT INTO "features" VALUES(8,2,'tester','tester','2015-03-19 20:57:24','2015-03-19 20:57:24',1,1);
INSERT INTO "features" VALUES(9,2,'tester','tester','2015-03-19 20:57:24','2015-03-19 20:57:24',1,1);
INSERT INTO "features" VALUES(10,2,'tester','tester','2015-03-19 20:57:24','2015-03-19 20:57:24',1,1);
INSERT INTO "features" VALUES(11,3,'tester','tester','2015-03-19 20:57:24','2015-03-19 20:57:24',1,1);
INSERT INTO "features" VALUES(12,3,'tester','tester','2015-03-19 20:57:24','2015-03-19 20:57:24',1,1);
INSERT INTO "features" VALUES(13,3,'tester','tester','2015-03-19 20:57:24','2015-03-19 20:57:24',1,1);
INSERT INTO "features" VALUES(14,3,'tester','tester','2015-03-19 20:57:24','2015-03-19 20:57:24',1,1);
INSERT INTO "features" VALUES(15,3,'tester','tester','2015-03-19 20:57:24','2015-03-19 20:57:24',1,1);
INSERT INTO "features" VALUES(16,4,'tester','tester','2015-03-19 20:57:24','2015-03-19 20:57:24',1,1);
INSERT INTO "features" VALUES(17,4,'tester','tester','2015-03-19 20:57:24','2015-03-19 20:57:24',1,1);
INSERT INTO "features" VALUES(18,4,'tester','tester','2015-03-19 20:57:24','2015-03-19 20:57:24',1,1);
INSERT INTO "features" VALUES(19,4,'tester','tester','2015-03-19 20:57:25','2015-03-19 20:57:25',1,1);
INSERT INTO "features" VALUES(20,4,'tester','tester','2015-03-19 20:57:25','2015-03-19 20:57:25',1,1);
INSERT INTO "features" VALUES(21,5,'tester','tester','2015-03-19 20:57:25','2015-03-19 20:57:25',1,1);
INSERT INTO "features" VALUES(22,5,'tester','tester','2015-03-19 20:57:25','2015-03-19 20:57:25',1,1);
INSERT INTO "features" VALUES(23,5,'tester','tester','2015-03-19 20:57:25','2015-03-19 20:57:25',1,1);
INSERT INTO "features" VALUES(24,5,'tester','tester','2015-03-19 20:57:25','2015-03-19 20:57:25',1,1);
INSERT INTO "features" VALUES(25,5,'tester','tester','2015-03-19 20:57:25','2015-03-19 20:57:25',1,1);
INSERT INTO "features" VALUES(26,6,'tester','tester','2015-03-19 20:57:25','2015-03-19 20:57:25',1,1);
INSERT INTO "features" VALUES(27,6,'tester','tester','2015-03-19 20:57:25','2015-03-19 20:57:25',1,1);
INSERT INTO "features" VALUES(28,6,'tester','tester','2015-03-19 20:57:25','2015-03-19 20:57:25',1,1);
INSERT INTO "features" VALUES(29,6,'tester','tester','2015-03-19 20:57:25','2015-03-19 20:57:25',1,1);
INSERT INTO "features" VALUES(30,6,'tester','tester','2015-03-19 20:57:25','2015-03-19 20:57:25',1,1);
INSERT INTO "features" VALUES(31,7,'tester','tester','2015-03-19 20:57:25','2015-03-19 20:57:25',1,1);
INSERT INTO "features" VALUES(32,7,'tester','tester','2015-03-19 20:57:25','2015-03-19 20:57:25',1,1);
INSERT INTO "features" VALUES(33,7,'tester','tester','2015-03-19 20:57:25','2015-03-19 20:57:25',1,1);
INSERT INTO "features" VALUES(34,7,'tester','tester','2015-03-19 20:57:25','2015-03-19 20:57:25',1,1);
INSERT INTO "features" VALUES(35,7,'tester','tester','2015-03-19 20:57:25','2015-03-19 20:57:25',1,1);
INSERT INTO "features" VALUES(36,8,'tester','tester','2015-03-19 20:57:25','2015-03-19 20:57:25',1,1);
INSERT INTO "features" VALUES(37,8,'tester','tester','2015-03-19 20:57:25','2015-03-19 20:57:25',1,1);
INSERT INTO "features" VALUES(38,8,'tester','tester','2015-03-19 20:57:25','2015-03-19 20:57:25',1,1);
INSERT INTO "features" VALUES(39,8,'tester','tester','2015-03-19 20:57:25','2015-03-19 20:57:25',1,1);
INSERT INTO "features" VALUES(40,8,'tester','tester','2015-03-19 20:57:26','2015-03-19 20:57:26',1,1);
CREATE TABLE "mechanical_infos" ("id" integer not null primary key autoincrement, "product_id" integer not null, "motor" varchar null, "motor_serial" varchar null, "model" varchar null, "cylinders" integer null, "horsepower" integer null, "mileage" integer null, "traction" integer null, "lift" integer null, "created_at" datetime not null, "updated_at" datetime not null, "created_by" integer not null, "updated_by" integer not null, foreign key("product_id") references "products"("id"), foreign key("created_by") references "users"("id"), foreign key("updated_by") references "users"("id"));
INSERT INTO "mechanical_infos" VALUES(1,1,'1','1','1',1,1,1,1,1,'2015-03-19 20:57:26','2015-03-19 20:57:26',1,1);
INSERT INTO "mechanical_infos" VALUES(2,2,'1','1','1',1,1,1,1,1,'2015-03-19 20:57:26','2015-03-19 20:57:26',1,1);
INSERT INTO "mechanical_infos" VALUES(3,3,'1','1','1',1,1,1,1,1,'2015-03-19 20:57:26','2015-03-19 20:57:26',1,1);
INSERT INTO "mechanical_infos" VALUES(4,4,'1','1','1',1,1,1,1,1,'2015-03-19 20:57:26','2015-03-19 20:57:26',1,1);
INSERT INTO "mechanical_infos" VALUES(5,5,'1','1','1',1,1,1,1,1,'2015-03-19 20:57:26','2015-03-19 20:57:26',1,1);
INSERT INTO "mechanical_infos" VALUES(6,6,'1','1','1',1,1,1,1,1,'2015-03-19 20:57:26','2015-03-19 20:57:26',1,1);
INSERT INTO "mechanical_infos" VALUES(7,7,'1','1','1',1,1,1,1,1,'2015-03-19 20:57:26','2015-03-19 20:57:26',1,1);
INSERT INTO "mechanical_infos" VALUES(8,8,'1','1','1',1,1,1,1,1,'2015-03-19 20:57:26','2015-03-19 20:57:26',1,1);
CREATE TABLE "nutritionals" ("id" integer not null primary key autoincrement, "product_id" integer not null, "due" date null, "created_at" datetime not null, "updated_at" datetime not null, "created_by" integer not null, "updated_by" integer not null, foreign key("product_id") references "products"("id"), foreign key("created_by") references "users"("id"), foreign key("updated_by") references "users"("id"));
INSERT INTO "nutritionals" VALUES(1,1,'1999-09-09','2015-03-19 20:57:26','2015-03-19 20:57:26',1,1);
INSERT INTO "nutritionals" VALUES(2,2,'1999-09-09','2015-03-19 20:57:26','2015-03-19 20:57:26',1,1);
INSERT INTO "nutritionals" VALUES(3,3,'1999-09-09','2015-03-19 20:57:26','2015-03-19 20:57:26',1,1);
INSERT INTO "nutritionals" VALUES(4,4,'1999-09-09','2015-03-19 20:57:26','2015-03-19 20:57:26',1,1);
INSERT INTO "nutritionals" VALUES(5,5,'1999-09-09','2015-03-19 20:57:26','2015-03-19 20:57:26',1,1);
INSERT INTO "nutritionals" VALUES(6,6,'1999-09-09','2015-03-19 20:57:26','2015-03-19 20:57:26',1,1);
INSERT INTO "nutritionals" VALUES(7,7,'1999-09-09','2015-03-19 20:57:26','2015-03-19 20:57:26',1,1);
INSERT INTO "nutritionals" VALUES(8,8,'1999-09-09','2015-03-19 20:57:26','2015-03-19 20:57:26',1,1);
CREATE TABLE "visits" ("id" integer not null primary key autoincrement, "user_id" integer not null, "visitable_id" integer not null, "visitable_type" varchar not null, "total" integer not null, "created_at" datetime not null, "updated_at" datetime not null, foreign key("user_id") references "users"("id") on delete cascade);
INSERT INTO "visits" VALUES(1,1,1,'App\Product',1,'2015-03-19 20:57:26','2015-03-19 20:57:26');
CREATE TABLE "banks" ("id" integer not null primary key autoincrement, "description" varchar not null, "created_at" datetime not null, "updated_at" datetime not null);
INSERT INTO "banks" VALUES(1,'Sin Banco Asociado','2015-03-19 20:57:26','2015-03-19 20:57:26');
INSERT INTO "banks" VALUES(2,'Banco Santiago de Enríquez y Flia.','2015-03-19 20:57:26','2015-03-19 20:57:26');
INSERT INTO "banks" VALUES(3,'Banco Jaimes, Alonso y Rodrígez y Flia.','2015-03-19 20:57:26','2015-03-19 20:57:26');
INSERT INTO "banks" VALUES(4,'Banco Espinosa-Rentería y Flia.','2015-03-19 20:57:26','2015-03-19 20:57:26');
INSERT INTO "banks" VALUES(5,'Banco Varela de Vigil','2015-03-19 20:57:26','2015-03-19 20:57:26');
INSERT INTO "banks" VALUES(6,'Banco Pons-Anaya y Asoc.','2015-03-19 20:57:26','2015-03-19 20:57:26');
INSERT INTO "banks" VALUES(7,'Banco Centro Conde SA','2015-03-19 20:57:26','2015-03-19 20:57:26');
INSERT INTO "banks" VALUES(8,'Banco Zúñiga-Espinoza e Hijo','2015-03-19 20:57:26','2015-03-19 20:57:26');
INSERT INTO "banks" VALUES(9,'Banco Guzmán y Lozano y Flia.','2015-03-19 20:57:26','2015-03-19 20:57:26');
INSERT INTO "banks" VALUES(10,'Banco Air Requena y Asoc.','2015-03-19 20:57:26','2015-03-19 20:57:26');
INSERT INTO "banks" VALUES(11,'Banco Asensio-de Jesús','2015-03-19 20:57:26','2015-03-19 20:57:26');
CREATE TABLE "card_types" ("id" integer not null primary key autoincrement, "description" varchar not null, "created_at" datetime not null, "updated_at" datetime not null);
INSERT INTO "card_types" VALUES(1,'Visa','2015-03-19 20:57:26','2015-03-19 20:57:26');
INSERT INTO "card_types" VALUES(2,'MasterCard','2015-03-19 20:57:26','2015-03-19 20:57:26');
INSERT INTO "card_types" VALUES(3,'American Express','2015-03-19 20:57:26','2015-03-19 20:57:26');
INSERT INTO "card_types" VALUES(4,'Discover Card','2015-03-19 20:57:26','2015-03-19 20:57:26');
INSERT INTO "card_types" VALUES(5,'Debito','2015-03-19 20:57:26','2015-03-19 20:57:26');
INSERT INTO "card_types" VALUES(6,'Sin Tarjeta Asociada','2015-03-19 20:57:26','2015-03-19 20:57:26');
CREATE TABLE "billings" ("id" integer not null primary key autoincrement, "user_id" integer not null, "bank_id" integer null, "card_type_id" integer null, "card_number" varchar null, "bank_account" varchar null, "expiration" varchar null, "comments" varchar null, "created_at" datetime not null, "updated_at" datetime not null, "created_by" integer not null, "updated_by" integer not null, foreign key("user_id") references "users"("id") on delete cascade, foreign key("bank_id") references "banks"("id"), foreign key("card_type_id") references "card_types"("id"), foreign key("created_by") references "users"("id"), foreign key("updated_by") references "users"("id"));
INSERT INTO "billings" VALUES(1,1,1,6,'4556555425671054','ES5081392024000431251756','10/16','Non mollitia blanditiis laborum facilis qui. Alias officia blanditiis reprehenderit quod. Impedit vel atque labore et. Debitis voluptatem est architecto quod omnis praesentium.','2015-03-19 20:57:26','2015-03-19 20:57:26',1,1);
CREATE TABLE "maker_sub_category" ("maker_id" integer not null, "sub_category_id" integer not null, foreign key("maker_id") references "makers"("id"), foreign key("sub_category_id") references "sub_categories"("id"));
INSERT INTO "maker_sub_category" VALUES(1,1);
INSERT INTO "maker_sub_category" VALUES(2,1);
INSERT INTO "maker_sub_category" VALUES(3,2);
INSERT INTO "maker_sub_category" VALUES(4,2);
INSERT INTO "maker_sub_category" VALUES(5,3);
INSERT INTO "maker_sub_category" VALUES(6,3);
INSERT INTO "maker_sub_category" VALUES(7,4);
INSERT INTO "maker_sub_category" VALUES(8,4);
INSERT INTO "maker_sub_category" VALUES(9,5);
INSERT INTO "maker_sub_category" VALUES(10,5);
INSERT INTO "maker_sub_category" VALUES(11,6);
INSERT INTO "maker_sub_category" VALUES(12,6);
INSERT INTO "maker_sub_category" VALUES(13,7);
INSERT INTO "maker_sub_category" VALUES(14,7);
CREATE TABLE "product_sub_category" ("product_id" integer not null, "sub_category_id" integer not null, foreign key("product_id") references "products"("id"), foreign key("sub_category_id") references "sub_categories"("id"));
INSERT INTO "product_sub_category" VALUES(1,1);
INSERT INTO "product_sub_category" VALUES(2,2);
INSERT INTO "product_sub_category" VALUES(3,3);
INSERT INTO "product_sub_category" VALUES(4,4);
INSERT INTO "product_sub_category" VALUES(5,5);
INSERT INTO "product_sub_category" VALUES(6,6);
INSERT INTO "product_sub_category" VALUES(7,7);
INSERT INTO "product_sub_category" VALUES(8,1);
CREATE TABLE "product_user" ("product_id" integer not null, "user_id" integer not null, "quantity" integer not null, "created_at" datetime not null, "updated_at" datetime not null, foreign key("product_id") references "products"("id") on delete cascade, foreign key("user_id") references "users"("id") on delete cascade);
INSERT INTO "product_user" VALUES(1,1,1,'2015-03-19 20:57:26','2015-03-19 20:57:26');
INSERT INTO "product_user" VALUES(2,1,3,'2015-03-19 20:57:26','2015-03-19 20:57:26');
INSERT INTO "product_user" VALUES(3,1,2,'2015-03-19 20:57:26','2015-03-19 20:57:26');
INSERT INTO "product_user" VALUES(4,1,1,'2015-03-19 20:57:26','2015-03-19 20:57:26');
INSERT INTO "product_user" VALUES(5,1,1,'2015-03-19 20:57:26','2015-03-19 20:57:26');
INSERT INTO "product_user" VALUES(6,1,5,'2015-03-19 20:57:26','2015-03-19 20:57:26');
INSERT INTO "product_user" VALUES(7,1,4,'2015-03-19 20:57:26','2015-03-19 20:57:26');
INSERT INTO "product_user" VALUES(8,1,5,'2015-03-19 20:57:26','2015-03-19 20:57:26');
DELETE FROM sqlite_sequence;
INSERT INTO "sqlite_sequence" VALUES('profiles',3);
INSERT INTO "sqlite_sequence" VALUES('genders',2);
INSERT INTO "sqlite_sequence" VALUES('nationalities',2);
INSERT INTO "sqlite_sequence" VALUES('states',1);
INSERT INTO "sqlite_sequence" VALUES('towns',1);
INSERT INTO "sqlite_sequence" VALUES('parishes',1);
INSERT INTO "sqlite_sequence" VALUES('users',1);
INSERT INTO "sqlite_sequence" VALUES('people',1);
INSERT INTO "sqlite_sequence" VALUES('directions',9);
INSERT INTO "sqlite_sequence" VALUES('categories',2);
INSERT INTO "sqlite_sequence" VALUES('sub_categories',7);
INSERT INTO "sqlite_sequence" VALUES('makers',14);
INSERT INTO "sqlite_sequence" VALUES('images',62);
INSERT INTO "sqlite_sequence" VALUES('products',8);
INSERT INTO "sqlite_sequence" VALUES('features',40);
INSERT INTO "sqlite_sequence" VALUES('files',48);
INSERT INTO "sqlite_sequence" VALUES('characteristics',8);
INSERT INTO "sqlite_sequence" VALUES('nutritionals',8);
INSERT INTO "sqlite_sequence" VALUES('mechanical_infos',8);
INSERT INTO "sqlite_sequence" VALUES('banks',11);
INSERT INTO "sqlite_sequence" VALUES('card_types',6);
INSERT INTO "sqlite_sequence" VALUES('billings',1);
INSERT INTO "sqlite_sequence" VALUES('visits',1);
INSERT INTO "sqlite_sequence" VALUES('promotions',1);
CREATE UNIQUE INDEX users_email_unique on "users" ("email");
CREATE INDEX password_resets_email_index on "password_resets" ("email");
CREATE INDEX password_resets_token_index on "password_resets" ("token");
CREATE INDEX product_user_product_id_index on "product_user" ("product_id");
CREATE INDEX product_user_user_id_index on "product_user" ("user_id");
COMMIT;
