PRAGMA foreign_keys=OFF;
BEGIN TRANSACTION;
CREATE TABLE "migrations" ("migration" varchar not null, "batch" integer not null);
INSERT INTO "migrations" VALUES('2014_10_12_000000_create_users_table',1);
INSERT INTO "migrations" VALUES('2014_10_12_100000_create_password_resets_table',1);
INSERT INTO "migrations" VALUES('2015_03_10_140153_create_genders_table',1);
INSERT INTO "migrations" VALUES('2015_03_10_142938_create_states_table',1);
INSERT INTO "migrations" VALUES('2015_03_10_154237_create_towns_table',1);
INSERT INTO "migrations" VALUES('2015_03_10_154410_create_parishes_table',1);
INSERT INTO "migrations" VALUES('2015_03_10_154455_create_directions_table',1);
INSERT INTO "migrations" VALUES('2015_03_10_154557_create_profiles_table',1);
INSERT INTO "migrations" VALUES('2015_03_10_173459_create_nationalities_table',1);
INSERT INTO "migrations" VALUES('2015_03_10_173503_create_people_table',1);
INSERT INTO "migrations" VALUES('2015_03_13_193841_create_makers_table',1);
INSERT INTO "migrations" VALUES('2015_03_13_194526_create_categories_table',1);
INSERT INTO "migrations" VALUES('2015_03_13_195124_create_sub_categories_table',1);
INSERT INTO "migrations" VALUES('2015_03_13_202223_create_products_table',1);
INSERT INTO "migrations" VALUES('2015_03_13_205446_create_promotions_table',1);
INSERT INTO "migrations" VALUES('2015_03_13_205519_create_product_promotion_table',1);
INSERT INTO "migrations" VALUES('2015_03_13_205737_create_files_table',1);
INSERT INTO "migrations" VALUES('2015_03_13_212413_create_images_table',1);
INSERT INTO "migrations" VALUES('2015_03_13_212630_create_characteristics_table',1);
INSERT INTO "migrations" VALUES('2015_03_13_214205_create_features_table',1);
INSERT INTO "migrations" VALUES('2015_03_13_214850_create_mechanical_infos_table',1);
INSERT INTO "migrations" VALUES('2015_03_13_215620_create_nutritionals_table',1);
INSERT INTO "migrations" VALUES('2015_03_13_220817_create_visits_table',1);
INSERT INTO "migrations" VALUES('2015_03_13_221555_create_banks_table',1);
INSERT INTO "migrations" VALUES('2015_03_13_221616_create_card_types_table',1);
INSERT INTO "migrations" VALUES('2015_03_13_221820_create_billings_table',1);
INSERT INTO "migrations" VALUES('2015_03_13_234614_create_maker_sub_category',1);
INSERT INTO "migrations" VALUES('2015_03_14_000527_create_product_sub_category_table',1);
INSERT INTO "migrations" VALUES('2015_03_17_200518_create_product_user_pivot_table',1);
CREATE TABLE "users" ("id" integer not null primary key autoincrement, "profile_id" integer not null, "name" varchar not null, "email" varchar not null, "password" varchar not null, "remember_token" varchar null, "created_at" datetime not null, "updated_at" datetime not null, "deleted_at" datetime null);
INSERT INTO "users" VALUES(1,1,'tester','tester@tester.com','$2y$10$v7SJrCewWNDRLAYyomePTe8ZZoBJDGWuKyGpTTc.Wny.fSMuydJzK',NULL,'current_timestampt','current_timestampt',NULL);
CREATE TABLE "password_resets" ("email" varchar not null, "token" varchar not null, "created_at" datetime not null);
CREATE TABLE "genders" ("id" integer not null primary key autoincrement, "description" varchar not null, "created_at" datetime not null, "updated_at" datetime not null);
INSERT INTO "genders" VALUES(1,'Masculino','2015-03-19 12:39:41','2015-03-19 12:39:41');
INSERT INTO "genders" VALUES(2,'Femenino','2015-03-19 12:39:41','2015-03-19 12:39:41');
CREATE TABLE "states" ("id" integer not null primary key autoincrement, "description" varchar not null, "created_at" datetime not null, "updated_at" datetime not null);
INSERT INTO "states" VALUES(1,'Distrito Capital','2015-03-19 17:09:41','2015-03-19 17:09:41');
CREATE TABLE "towns" ("id" integer not null primary key autoincrement, "state_id" integer not null, "description" varchar not null, "created_at" datetime not null, "updated_at" datetime not null, foreign key("state_id") references "states"("id"));
INSERT INTO "towns" VALUES(1,1,'Libertador','2015-03-19 17:09:41','2015-03-19 17:09:41');
CREATE TABLE "parishes" ("id" integer not null primary key autoincrement, "town_id" integer not null, "description" varchar not null, "created_at" datetime not null, "updated_at" datetime not null, foreign key("town_id") references "towns"("id"));
INSERT INTO "parishes" VALUES(1,1,'Altagracia','2015-03-19 17:09:41','2015-03-19 17:09:41');
CREATE TABLE "directions" ("id" integer not null primary key autoincrement, "directionable_id" integer not null, "directionable_type" varchar not null, "parish_id" integer not null, "details" varchar null, "created_at" datetime not null, "updated_at" datetime not null, "created_by" integer not null, "updated_by" integer not null, "deleted_at" datetime null, foreign key("parish_id") references "parishes"("id"), foreign key("created_by") references "users"("id"), foreign key("updated_by") references "users"("id"));
INSERT INTO "directions" VALUES(1,1,'App\Person',1,'Calle del tester.','2015-03-19 12:39:41','2015-03-19 12:39:41',1,1,NULL);
INSERT INTO "directions" VALUES(2,1,'App\Product',1,'Camiño Lomeli, 973, 4º E','2015-03-19 12:39:42','2015-03-19 12:39:42',1,1,NULL);
INSERT INTO "directions" VALUES(3,2,'App\Product',1,'Praza Elena, 601, 9º F','2015-03-19 12:39:42','2015-03-19 12:39:42',1,1,NULL);
INSERT INTO "directions" VALUES(4,3,'App\Product',1,'Passeig Anna, 37, 7º A','2015-03-19 12:39:42','2015-03-19 12:39:42',1,1,NULL);
INSERT INTO "directions" VALUES(5,4,'App\Product',1,'Paseo Raul, 48, Bajos','2015-03-19 12:39:42','2015-03-19 12:39:42',1,1,NULL);
INSERT INTO "directions" VALUES(6,5,'App\Product',1,'Avenida Cesar, 4, 61º B','2015-03-19 12:39:42','2015-03-19 12:39:42',1,1,NULL);
INSERT INTO "directions" VALUES(7,6,'App\Product',1,'Camiño Barajas, 7, 18º F','2015-03-19 12:39:42','2015-03-19 12:39:42',1,1,NULL);
INSERT INTO "directions" VALUES(8,7,'App\Product',1,'Praza Guillem, 61, 51º E','2015-03-19 12:39:42','2015-03-19 12:39:42',1,1,NULL);
CREATE TABLE "profiles" ("id" integer not null primary key autoincrement, "description" varchar not null, "created_at" datetime not null, "updated_at" datetime not null);
INSERT INTO "profiles" VALUES(1,'Administrador','2015-03-19 12:39:41','2015-03-19 12:39:41');
INSERT INTO "profiles" VALUES(2,'Usuario','2015-03-19 12:39:41','2015-03-19 12:39:41');
INSERT INTO "profiles" VALUES(3,'Desactivado','2015-03-19 12:39:41','2015-03-19 12:39:41');
CREATE TABLE "nationalities" ("id" integer not null primary key autoincrement, "description" varchar not null, "created_at" datetime not null, "updated_at" datetime not null);
INSERT INTO "nationalities" VALUES(1,'Venezolano','2015-03-19 12:39:41','2015-03-19 12:39:41');
INSERT INTO "nationalities" VALUES(2,'Extrangero','2015-03-19 12:39:41','2015-03-19 12:39:41');
CREATE TABLE "people" ("id" integer not null primary key autoincrement, "user_id" integer not null, "gender_id" integer not null, "nationality_id" integer not null, "first_name" varchar not null, "last_name" varchar null, "first_surname" varchar not null, "last_surname" varchar null, "identity_card" varchar not null, "phone" varchar null, "birth_date" date null, "created_at" datetime not null, "updated_at" datetime not null, foreign key("user_id") references "users"("id") on delete cascade, foreign key("gender_id") references "genders"("id"), foreign key("nationality_id") references "nationalities"("id"));
INSERT INTO "people" VALUES(1,1,1,1,'tester',NULL,'tester',NULL,'10000001','+58-(212)-111-2233','1999-09-09','current_timestampt','current_timestampt');
CREATE TABLE "makers" ("id" integer not null primary key autoincrement, "name" varchar not null, "slug" varchar not null, "domain" varchar null, "url" varchar null, "logo_path" varchar null, "logo_alt" varchar null, "created_at" datetime not null, "updated_at" datetime not null);
INSERT INTO "makers" VALUES(1,'Leal-Carrion','leal-carrion','asociacion.com','http://bahena.com/quaerat-sequi-ratione-sit-pariatur',NULL,NULL,'2015-03-19 12:39:41','2015-03-19 12:39:41');
INSERT INTO "makers" VALUES(2,'Grupo Santos y Asoc.','grupo-santos-y-asoc','burgos.es','http://www.laureano.es/eligendi-omnis-explicabo-ut-dolore-omnis-reiciendis-repellendus.html',NULL,NULL,'2015-03-19 12:39:42','2015-03-19 12:39:42');
INSERT INTO "makers" VALUES(3,'Sepúlveda, Ceballos y Tello SA','sepulveda-ceballos-y-tello-sa','corporacion.org','http://www.global.es/unde-soluta-et-voluptas.html',NULL,NULL,'2015-03-19 12:39:42','2015-03-19 12:39:42');
INSERT INTO "makers" VALUES(4,'Asociación Segovia','asociacion-segovia','gestora.org','http://www.caballero.net/',NULL,NULL,'2015-03-19 12:39:42','2015-03-19 12:39:42');
INSERT INTO "makers" VALUES(5,'Gestora Luján e Hijo','gestora-lujan-e-hijo','murilloplaza.org','http://www.altamirano.es/optio-animi-et-aspernatur-veritatis-et-est-et-repudiandae',NULL,NULL,'2015-03-19 12:39:42','2015-03-19 12:39:42');
INSERT INTO "makers" VALUES(6,'Mireles y Granado e Hijo','mireles-y-granado-e-hijo','global.es','http://www.grupo.com/',NULL,NULL,'2015-03-19 12:39:42','2015-03-19 12:39:42');
INSERT INTO "makers" VALUES(7,'Collazo de Casado y Asoc.','collazo-de-casado-y-asoc','centro.es','http://barrerabermejo.com/qui-quis-id-recusandae-doloribus',NULL,NULL,'2015-03-19 12:39:42','2015-03-19 12:39:42');
INSERT INTO "makers" VALUES(8,'Benítez de Escalante SA','benitez-de-escalante-sa','peralta.org','http://www.iglesiasvaladez.org/',NULL,NULL,'2015-03-19 12:39:42','2015-03-19 12:39:42');
INSERT INTO "makers" VALUES(9,'Asociación Cepeda','asociacion-cepeda','verdugo.com','http://bautista.org/nam-magni-facilis-aspernatur-quaerat-exercitationem-eaque-est.html',NULL,NULL,'2015-03-19 12:39:42','2015-03-19 12:39:42');
INSERT INTO "makers" VALUES(10,'Velázquez, Quiroz y Bétancourt e Hijos','velazquez-quiroz-y-betancourt-e-hijos','ponce.org','http://montenegro.net/voluptatum-velit-labore-consectetur-et-tempore-repellendus-voluptatum',NULL,NULL,'2015-03-19 12:39:42','2015-03-19 12:39:42');
INSERT INTO "makers" VALUES(11,'Abad de Corrales y Flia.','abad-de-corrales-y-flia','lovatoarce.es','http://asociacion.com/ut-deleniti-maiores-quia-id.html',NULL,NULL,'2015-03-19 12:39:42','2015-03-19 12:39:42');
INSERT INTO "makers" VALUES(12,'Martínez de Luján e Hija','martinez-de-lujan-e-hija','enriquez.net','http://villalba.com/sed-sit-voluptas-quo-quis',NULL,NULL,'2015-03-19 12:39:42','2015-03-19 12:39:42');
INSERT INTO "makers" VALUES(13,'Olmos-Llorente y Flia.','olmos-llorente-y-flia','corporacion.com','https://diez.org/iusto-laborum-voluptas-necessitatibus.html',NULL,NULL,'2015-03-19 12:39:42','2015-03-19 12:39:42');
INSERT INTO "makers" VALUES(14,'Aguilar de Requena e Hijo','aguilar-de-requena-e-hijo','rodrigo.es','http://gestora.com/asperiores-quia-quaerat-eos-optio-et',NULL,NULL,'2015-03-19 12:39:42','2015-03-19 12:39:42');
CREATE TABLE "categories" ("id" integer not null primary key autoincrement, "description" varchar not null, "slug" varchar not null, "created_at" datetime not null, "updated_at" datetime not null);
INSERT INTO "categories" VALUES(1,'Productos Agro-Industriales','productos-agro-industriales','2015-03-19 12:39:41','2015-03-19 12:39:41');
INSERT INTO "categories" VALUES(2,'Productos Alimenticios','productos-alimenticios','2015-03-19 12:39:41','2015-03-19 12:39:41');
CREATE TABLE "sub_categories" ("id" integer not null primary key autoincrement, "category_id" integer not null, "description" varchar not null, "slug" varchar not null, "created_at" datetime not null, "updated_at" datetime not null, foreign key("category_id") references "categories"("id") on delete cascade);
INSERT INTO "sub_categories" VALUES(1,1,'Maquinaria Pesada','maquinaria-pesada','2015-03-19 12:39:41','2015-03-19 12:39:41');
INSERT INTO "sub_categories" VALUES(2,1,'Tractores','tractores','2015-03-19 12:39:41','2015-03-19 12:39:41');
INSERT INTO "sub_categories" VALUES(3,1,'Maquinaria Ligera','maquinaria-ligera','2015-03-19 12:39:41','2015-03-19 12:39:41');
INSERT INTO "sub_categories" VALUES(4,2,'Chocolate','chocolate','2015-03-19 12:39:41','2015-03-19 12:39:41');
INSERT INTO "sub_categories" VALUES(5,2,'Arroz','arroz','2015-03-19 12:39:41','2015-03-19 12:39:41');
INSERT INTO "sub_categories" VALUES(6,2,'Avena','avena','2015-03-19 12:39:41','2015-03-19 12:39:41');
INSERT INTO "sub_categories" VALUES(7,2,'Soya','soya','2015-03-19 12:39:41','2015-03-19 12:39:41');
CREATE TABLE "products" ("id" integer not null primary key autoincrement, "user_id" integer not null, "maker_id" integer not null, "title" varchar not null, "description" text not null, "price" float not null, "quantity" integer not null, "slug" varchar not null, "created_at" datetime not null, "updated_at" datetime not null, "created_by" integer not null, "updated_by" integer not null, "deleted_at" datetime null, foreign key("user_id") references "users"("id") on delete cascade, foreign key("maker_id") references "makers"("id"), foreign key("created_by") references "users"("id"), foreign key("updated_by") references "users"("id"));
INSERT INTO "products" VALUES(1,1,10,'Sit natus qui in rerum.','Quod et atque voluptas eos sed et magni. Aut similique modi dicta. Corrupti dolores et corporis sapiente et voluptatem. Nostrum nesciunt aut voluptas et aspernatur eos.',4681228118.9,11,'1','2015-03-19 12:39:42','2015-03-19 12:39:42',1,1,NULL);
INSERT INTO "products" VALUES(2,1,11,'Sit repellendus adipisci dignissimos soluta enim et.','Numquam enim sunt vero sed sit impedit enim ut. Ipsum minus voluptate illum molestiae provident. Qui aut dolores et quibusdam ad. Natus accusantium aliquid eligendi.',9714829434.53,16,'1','2015-03-19 12:39:42','2015-03-19 12:39:42',1,1,NULL);
INSERT INTO "products" VALUES(3,1,3,'Perspiciatis nesciunt eius quas ut maxime.','Est nisi earum nisi quas. Cupiditate provident repellat ea qui. Porro ex dolores laboriosam a dolorem quibusdam necessitatibus iure. Soluta et iure et voluptas est quo.',3474750874.03,12,'1','2015-03-19 12:39:42','2015-03-19 12:39:42',1,1,NULL);
INSERT INTO "products" VALUES(4,1,12,'Vel nihil asperiores nesciunt.','Vel molestiae quia aut et. Ut voluptatem rerum alias maiores rem deserunt et voluptatibus. Soluta nobis at omnis magni sed aperiam sit.',6223717539.56,18,'1','2015-03-19 12:39:42','2015-03-19 12:39:42',1,1,NULL);
INSERT INTO "products" VALUES(5,1,8,'Distinctio ex est molestiae rerum earum.','Doloribus quo nulla facilis corrupti animi et beatae. Libero odio quis voluptatem eius quis. Voluptas neque dolor quis corrupti minima. Adipisci asperiores ratione libero quae dolorem.',9097839638.83,20,'1','2015-03-19 12:39:42','2015-03-19 12:39:42',1,1,NULL);
INSERT INTO "products" VALUES(6,1,7,'Eligendi libero ad sed laborum.','Quam tempore sed aut eos ducimus. Consequatur laborum vero qui sed doloribus dolorem. Sed praesentium ad consequatur natus autem ut. Quia dolores aspernatur impedit doloremque.',9481726893.49,13,'1','2015-03-19 12:39:42','2015-03-19 12:39:42',1,1,NULL);
INSERT INTO "products" VALUES(7,1,7,'Velit recusandae accusamus rerum ut.','Et autem quia et atque sapiente nesciunt. Omnis ad placeat corporis vel. Suscipit odit esse incidunt corrupti consequatur qui. Et nam est nihil dolor eos. Consectetur pariatur dolore minima.',6822777974.23,13,'1','2015-03-19 12:39:42','2015-03-19 12:39:42',1,1,NULL);
CREATE TABLE "promotions" ("id" integer not null primary key autoincrement, "title" varchar not null, "slug" varchar not null, "percentage" integer null, "static" integer null, "begins" date not null, "ends" date not null, "created_at" datetime not null, "updated_at" datetime not null);
INSERT INTO "promotions" VALUES(1,'Lleva 2, paga 3!','lleva-2-paga-3',10,100,'2011-03-19','2016-03-19','2015-03-19 12:39:45','2015-03-19 12:39:45');
CREATE TABLE "product_promotion" ("product_id" integer not null, "promotion_id" integer not null, foreign key("product_id") references "products"("id"), foreign key("promotion_id") references "promotions"("id"));
INSERT INTO "product_promotion" VALUES(1,1);
CREATE TABLE "files" ("id" integer not null primary key autoincrement, "fileable_id" integer not null, "fileable_type" varchar not null, "path" varchar not null, "mime" varchar not null, "created_at" datetime not null, "updated_at" datetime not null, "created_by" integer not null, "updated_by" integer not null, foreign key("created_by") references "users"("id"), foreign key("updated_by") references "users"("id"));
INSERT INTO "files" VALUES(1,1,'App\Feature','products/1/201503191203034343-wXwULoZQYt3waqZccP30.pdf','application/pdf','2015-03-19 12:39:43','2015-03-19 12:39:43',1,1);
INSERT INTO "files" VALUES(2,2,'App\Feature','products/1/201503191203034343-2nmAZqemmYAePI0rt15S.pdf','application/pdf','2015-03-19 12:39:43','2015-03-19 12:39:43',1,1);
INSERT INTO "files" VALUES(3,3,'App\Feature','products/1/201503191203034343-MVqBClTz8wwM0xK7Yfjh.pdf','application/pdf','2015-03-19 12:39:43','2015-03-19 12:39:43',1,1);
INSERT INTO "files" VALUES(4,4,'App\Feature','products/1/201503191203034343-3QMf04dBSBoqynVhKUOg.pdf','application/pdf','2015-03-19 12:39:43','2015-03-19 12:39:43',1,1);
INSERT INTO "files" VALUES(5,5,'App\Feature','products/1/201503191203034343-I0pnpjvt6nVjoKwdcBsx.pdf','application/pdf','2015-03-19 12:39:43','2015-03-19 12:39:43',1,1);
INSERT INTO "files" VALUES(6,6,'App\Feature','products/2/201503191203034343-wv4Zid1q20ACQqnlQDPW.pdf','application/pdf','2015-03-19 12:39:43','2015-03-19 12:39:43',1,1);
INSERT INTO "files" VALUES(7,7,'App\Feature','products/2/201503191203034343-MehrHw3sjgcw30Ovx4rR.pdf','application/pdf','2015-03-19 12:39:43','2015-03-19 12:39:43',1,1);
INSERT INTO "files" VALUES(8,8,'App\Feature','products/2/201503191203034343-xV8Z4FyOzfZaP6krYxjF.pdf','application/pdf','2015-03-19 12:39:43','2015-03-19 12:39:43',1,1);
INSERT INTO "files" VALUES(9,9,'App\Feature','products/2/201503191203034343-ExBdl1TuFUsO8a5JJihe.pdf','application/pdf','2015-03-19 12:39:43','2015-03-19 12:39:43',1,1);
INSERT INTO "files" VALUES(10,10,'App\Feature','products/2/201503191203034343-81fGZwFh8RlN638T8D2g.pdf','application/pdf','2015-03-19 12:39:43','2015-03-19 12:39:43',1,1);
INSERT INTO "files" VALUES(11,11,'App\Feature','products/3/201503191203034343-ZYy8LpT0Xxf9bUj6WPNK.pdf','application/pdf','2015-03-19 12:39:43','2015-03-19 12:39:43',1,1);
INSERT INTO "files" VALUES(12,12,'App\Feature','products/3/201503191203034343-8v8Tt76rsRDKIhXoCCFY.pdf','application/pdf','2015-03-19 12:39:43','2015-03-19 12:39:43',1,1);
INSERT INTO "files" VALUES(13,13,'App\Feature','products/3/201503191203034343-3k2fLGgQKgIdv8xjoiMB.pdf','application/pdf','2015-03-19 12:39:43','2015-03-19 12:39:43',1,1);
INSERT INTO "files" VALUES(14,14,'App\Feature','products/3/201503191203034343-MBKf6sQRjTi9o9VuFtiG.pdf','application/pdf','2015-03-19 12:39:43','2015-03-19 12:39:43',1,1);
INSERT INTO "files" VALUES(15,15,'App\Feature','products/3/201503191203034343-yxNJ7VtOBiz4bPB6cPmm.pdf','application/pdf','2015-03-19 12:39:43','2015-03-19 12:39:43',1,1);
INSERT INTO "files" VALUES(16,16,'App\Feature','products/4/201503191203034444-gGXdE7izfv02SzmffWHE.pdf','application/pdf','2015-03-19 12:39:44','2015-03-19 12:39:44',1,1);
INSERT INTO "files" VALUES(17,17,'App\Feature','products/4/201503191203034444-DPhWbTavb7RoDQ6rWeUD.pdf','application/pdf','2015-03-19 12:39:44','2015-03-19 12:39:44',1,1);
INSERT INTO "files" VALUES(18,18,'App\Feature','products/4/201503191203034444-LkRqRDFUHrlmn09oNdWW.pdf','application/pdf','2015-03-19 12:39:44','2015-03-19 12:39:44',1,1);
INSERT INTO "files" VALUES(19,19,'App\Feature','products/4/201503191203034444-yjk7ze0bn3Ekv28aFaZJ.pdf','application/pdf','2015-03-19 12:39:44','2015-03-19 12:39:44',1,1);
INSERT INTO "files" VALUES(20,20,'App\Feature','products/4/201503191203034444-cBWoOUkS8zSffhiqYtDe.pdf','application/pdf','2015-03-19 12:39:44','2015-03-19 12:39:44',1,1);
INSERT INTO "files" VALUES(21,21,'App\Feature','products/5/201503191203034444-hRW5ubCeTNIqZjPlQote.pdf','application/pdf','2015-03-19 12:39:44','2015-03-19 12:39:44',1,1);
INSERT INTO "files" VALUES(22,22,'App\Feature','products/5/201503191203034444-0TlwTcGTNOZfEqJoaslY.pdf','application/pdf','2015-03-19 12:39:44','2015-03-19 12:39:44',1,1);
INSERT INTO "files" VALUES(23,23,'App\Feature','products/5/201503191203034444-PhEOnGNTPniXwCGBUfzP.pdf','application/pdf','2015-03-19 12:39:44','2015-03-19 12:39:44',1,1);
INSERT INTO "files" VALUES(24,24,'App\Feature','products/5/201503191203034444-IRVYcDJJnhwltK2ZyJTH.pdf','application/pdf','2015-03-19 12:39:44','2015-03-19 12:39:44',1,1);
INSERT INTO "files" VALUES(25,25,'App\Feature','products/5/201503191203034444-qyThE4i6QBrrV0B8UbKf.pdf','application/pdf','2015-03-19 12:39:44','2015-03-19 12:39:44',1,1);
INSERT INTO "files" VALUES(26,26,'App\Feature','products/6/201503191203034444-PrUVEPeilcrSqz1ut0ai.pdf','application/pdf','2015-03-19 12:39:44','2015-03-19 12:39:44',1,1);
INSERT INTO "files" VALUES(27,27,'App\Feature','products/6/201503191203034444-2fin8KHwUubQilI2wrEg.pdf','application/pdf','2015-03-19 12:39:44','2015-03-19 12:39:44',1,1);
INSERT INTO "files" VALUES(28,28,'App\Feature','products/6/201503191203034444-nof4TXWGaHxShEkp1dbe.pdf','application/pdf','2015-03-19 12:39:44','2015-03-19 12:39:44',1,1);
INSERT INTO "files" VALUES(29,29,'App\Feature','products/6/201503191203034444-1jNCUzvfbzmqmqnNNBwH.pdf','application/pdf','2015-03-19 12:39:44','2015-03-19 12:39:44',1,1);
INSERT INTO "files" VALUES(30,30,'App\Feature','products/6/201503191203034444-ukfVp6nxBpOpCtr7Hzuc.pdf','application/pdf','2015-03-19 12:39:44','2015-03-19 12:39:44',1,1);
INSERT INTO "files" VALUES(31,31,'App\Feature','products/7/201503191203034444-FaBo5zhs7pX31ozXBzPE.pdf','application/pdf','2015-03-19 12:39:44','2015-03-19 12:39:44',1,1);
INSERT INTO "files" VALUES(32,32,'App\Feature','products/7/201503191203034444-Tr2cLEmP29ODR8gSH6ZZ.pdf','application/pdf','2015-03-19 12:39:44','2015-03-19 12:39:44',1,1);
INSERT INTO "files" VALUES(33,33,'App\Feature','products/7/201503191203034444-WT5PGsRx6F5ek0Huwkkz.pdf','application/pdf','2015-03-19 12:39:44','2015-03-19 12:39:44',1,1);
INSERT INTO "files" VALUES(34,34,'App\Feature','products/7/201503191203034444-BAbqEq26wJYKBlrfIVLW.pdf','application/pdf','2015-03-19 12:39:44','2015-03-19 12:39:44',1,1);
INSERT INTO "files" VALUES(35,35,'App\Feature','products/7/201503191203034444-Bntcyp5ZKApo2FVbStMe.pdf','application/pdf','2015-03-19 12:39:44','2015-03-19 12:39:44',1,1);
INSERT INTO "files" VALUES(36,1,'App\Product','products/1/201503191203034545-cod2mOTKBX68G0c1i7ii.pdf','application/pdf','2015-03-19 12:39:45','2015-03-19 12:39:45',1,1);
INSERT INTO "files" VALUES(37,2,'App\Product','products/2/201503191203034545-iRsVybgWjUml0RhQaI8G.pdf','application/pdf','2015-03-19 12:39:45','2015-03-19 12:39:45',1,1);
INSERT INTO "files" VALUES(38,3,'App\Product','products/3/201503191203034545-H5Rhbr4feOvF1qnzjIgb.pdf','application/pdf','2015-03-19 12:39:45','2015-03-19 12:39:45',1,1);
INSERT INTO "files" VALUES(39,4,'App\Product','products/4/201503191203034545-i7o3qeJB2auxIydrxL3q.pdf','application/pdf','2015-03-19 12:39:45','2015-03-19 12:39:45',1,1);
INSERT INTO "files" VALUES(40,5,'App\Product','products/5/201503191203034545-How7jxeQ6lbyNOHuuSY5.pdf','application/pdf','2015-03-19 12:39:45','2015-03-19 12:39:45',1,1);
INSERT INTO "files" VALUES(41,6,'App\Product','products/6/201503191203034545-CTYwk9b6JxegfsVV5uMj.pdf','application/pdf','2015-03-19 12:39:45','2015-03-19 12:39:45',1,1);
INSERT INTO "files" VALUES(42,7,'App\Product','products/7/201503191203034545-YpvWH0ahNkjq0PZiIlvn.pdf','application/pdf','2015-03-19 12:39:45','2015-03-19 12:39:45',1,1);
CREATE TABLE "images" ("id" integer not null primary key autoincrement, "imageable_id" integer not null, "imageable_type" varchar not null, "path" varchar not null, "mime" varchar not null, "alt" varchar not null, "created_at" datetime not null, "updated_at" datetime not null, "created_by" integer not null, "updated_by" integer not null, foreign key("created_by") references "users"("id"), foreign key("updated_by") references "users"("id"));
INSERT INTO "images" VALUES(1,1,'App\Feature','products/1/201503191203034242-VgZp4jKJf5AHMkRQKcb8.gif','image/gif','orbiagro.com.ve subastas compra y venta: tester','2015-03-19 12:39:43','2015-03-19 12:39:43',1,1);
INSERT INTO "images" VALUES(2,2,'App\Feature','products/1/201503191203034343-CJhFpMdNus44iwV8SSBH.gif','image/gif','orbiagro.com.ve subastas compra y venta: tester','2015-03-19 12:39:43','2015-03-19 12:39:43',1,1);
INSERT INTO "images" VALUES(3,3,'App\Feature','products/1/201503191203034343-OzhxERDj65fz13wQo6Ua.gif','image/gif','orbiagro.com.ve subastas compra y venta: tester','2015-03-19 12:39:43','2015-03-19 12:39:43',1,1);
INSERT INTO "images" VALUES(4,4,'App\Feature','products/1/201503191203034343-ZmWQvJiDAB0HWJqYrXnD.gif','image/gif','orbiagro.com.ve subastas compra y venta: tester','2015-03-19 12:39:43','2015-03-19 12:39:43',1,1);
INSERT INTO "images" VALUES(5,5,'App\Feature','products/1/201503191203034343-huuQvwzKCSkFZoAvoXra.gif','image/gif','orbiagro.com.ve subastas compra y venta: tester','2015-03-19 12:39:43','2015-03-19 12:39:43',1,1);
INSERT INTO "images" VALUES(6,6,'App\Feature','products/2/201503191203034343-pI32QiBd1hXl0fhH8osu.gif','image/gif','orbiagro.com.ve subastas compra y venta: tester','2015-03-19 12:39:43','2015-03-19 12:39:43',1,1);
INSERT INTO "images" VALUES(7,7,'App\Feature','products/2/201503191203034343-k0dg1CIa2fVNSV36PKdx.gif','image/gif','orbiagro.com.ve subastas compra y venta: tester','2015-03-19 12:39:43','2015-03-19 12:39:43',1,1);
INSERT INTO "images" VALUES(8,8,'App\Feature','products/2/201503191203034343-8pVO8vhRea99jgY5BJ5m.gif','image/gif','orbiagro.com.ve subastas compra y venta: tester','2015-03-19 12:39:43','2015-03-19 12:39:43',1,1);
INSERT INTO "images" VALUES(9,9,'App\Feature','products/2/201503191203034343-A1AziuIUzjCjaentdozE.gif','image/gif','orbiagro.com.ve subastas compra y venta: tester','2015-03-19 12:39:43','2015-03-19 12:39:43',1,1);
INSERT INTO "images" VALUES(10,10,'App\Feature','products/2/201503191203034343-zAfEcQGX5LWhJNO4duH1.gif','image/gif','orbiagro.com.ve subastas compra y venta: tester','2015-03-19 12:39:43','2015-03-19 12:39:43',1,1);
INSERT INTO "images" VALUES(11,11,'App\Feature','products/3/201503191203034343-Os27pbgQT3Jbv3iNnQe3.gif','image/gif','orbiagro.com.ve subastas compra y venta: tester','2015-03-19 12:39:43','2015-03-19 12:39:43',1,1);
INSERT INTO "images" VALUES(12,12,'App\Feature','products/3/201503191203034343-KxTGnkPnb392May2GfiX.gif','image/gif','orbiagro.com.ve subastas compra y venta: tester','2015-03-19 12:39:43','2015-03-19 12:39:43',1,1);
INSERT INTO "images" VALUES(13,13,'App\Feature','products/3/201503191203034343-s6XeTVuE37nkpIROmYRa.gif','image/gif','orbiagro.com.ve subastas compra y venta: tester','2015-03-19 12:39:43','2015-03-19 12:39:43',1,1);
INSERT INTO "images" VALUES(14,14,'App\Feature','products/3/201503191203034343-EXILGeS1rqotDgE00i3n.gif','image/gif','orbiagro.com.ve subastas compra y venta: tester','2015-03-19 12:39:43','2015-03-19 12:39:43',1,1);
INSERT INTO "images" VALUES(15,15,'App\Feature','products/3/201503191203034343-VJCj4lDl0LtB36GtMjb8.gif','image/gif','orbiagro.com.ve subastas compra y venta: tester','2015-03-19 12:39:43','2015-03-19 12:39:43',1,1);
INSERT INTO "images" VALUES(16,16,'App\Feature','products/4/201503191203034444-19LAL7MWARaxIrpksUTc.gif','image/gif','orbiagro.com.ve subastas compra y venta: tester','2015-03-19 12:39:44','2015-03-19 12:39:44',1,1);
INSERT INTO "images" VALUES(17,17,'App\Feature','products/4/201503191203034444-iAYEpLp3UsTfmzfwGUfV.gif','image/gif','orbiagro.com.ve subastas compra y venta: tester','2015-03-19 12:39:44','2015-03-19 12:39:44',1,1);
INSERT INTO "images" VALUES(18,18,'App\Feature','products/4/201503191203034444-GhIkfK5Jtv59cXwTpsWO.gif','image/gif','orbiagro.com.ve subastas compra y venta: tester','2015-03-19 12:39:44','2015-03-19 12:39:44',1,1);
INSERT INTO "images" VALUES(19,19,'App\Feature','products/4/201503191203034444-XQTdwTSLWWYpnY1MLFYb.gif','image/gif','orbiagro.com.ve subastas compra y venta: tester','2015-03-19 12:39:44','2015-03-19 12:39:44',1,1);
INSERT INTO "images" VALUES(20,20,'App\Feature','products/4/201503191203034444-wiM1Ns76QNUKUterhLqv.gif','image/gif','orbiagro.com.ve subastas compra y venta: tester','2015-03-19 12:39:44','2015-03-19 12:39:44',1,1);
INSERT INTO "images" VALUES(21,21,'App\Feature','products/5/201503191203034444-Aop0vVgPdCEK9VukeCHV.gif','image/gif','orbiagro.com.ve subastas compra y venta: tester','2015-03-19 12:39:44','2015-03-19 12:39:44',1,1);
INSERT INTO "images" VALUES(22,22,'App\Feature','products/5/201503191203034444-xmBfBgcwHyHUDNjZ13JD.gif','image/gif','orbiagro.com.ve subastas compra y venta: tester','2015-03-19 12:39:44','2015-03-19 12:39:44',1,1);
INSERT INTO "images" VALUES(23,23,'App\Feature','products/5/201503191203034444-JB0cv86uEm6KmhI7IWyp.gif','image/gif','orbiagro.com.ve subastas compra y venta: tester','2015-03-19 12:39:44','2015-03-19 12:39:44',1,1);
INSERT INTO "images" VALUES(24,24,'App\Feature','products/5/201503191203034444-eo6zbAd9zYFlxEIPBtGZ.gif','image/gif','orbiagro.com.ve subastas compra y venta: tester','2015-03-19 12:39:44','2015-03-19 12:39:44',1,1);
INSERT INTO "images" VALUES(25,25,'App\Feature','products/5/201503191203034444-OXep2PFhp3Vfz875bZPt.gif','image/gif','orbiagro.com.ve subastas compra y venta: tester','2015-03-19 12:39:44','2015-03-19 12:39:44',1,1);
INSERT INTO "images" VALUES(26,26,'App\Feature','products/6/201503191203034444-dRpu1s8pISdDPgLENCIH.gif','image/gif','orbiagro.com.ve subastas compra y venta: tester','2015-03-19 12:39:44','2015-03-19 12:39:44',1,1);
INSERT INTO "images" VALUES(27,27,'App\Feature','products/6/201503191203034444-Nrntnp7NbBKmjK4Isggr.gif','image/gif','orbiagro.com.ve subastas compra y venta: tester','2015-03-19 12:39:44','2015-03-19 12:39:44',1,1);
INSERT INTO "images" VALUES(28,28,'App\Feature','products/6/201503191203034444-8u2HH7vKBbgE2pKobpvV.gif','image/gif','orbiagro.com.ve subastas compra y venta: tester','2015-03-19 12:39:44','2015-03-19 12:39:44',1,1);
INSERT INTO "images" VALUES(29,29,'App\Feature','products/6/201503191203034444-v6kmfY2oUUkdh3wTewng.gif','image/gif','orbiagro.com.ve subastas compra y venta: tester','2015-03-19 12:39:44','2015-03-19 12:39:44',1,1);
INSERT INTO "images" VALUES(30,30,'App\Feature','products/6/201503191203034444-6a3JncxTymtvSVhfGdTt.gif','image/gif','orbiagro.com.ve subastas compra y venta: tester','2015-03-19 12:39:44','2015-03-19 12:39:44',1,1);
INSERT INTO "images" VALUES(31,31,'App\Feature','products/7/201503191203034444-DMWexNm4h7iLlOrMIyMx.gif','image/gif','orbiagro.com.ve subastas compra y venta: tester','2015-03-19 12:39:44','2015-03-19 12:39:44',1,1);
INSERT INTO "images" VALUES(32,32,'App\Feature','products/7/201503191203034444-4fjdbGrRtYgoDMYmyo8S.gif','image/gif','orbiagro.com.ve subastas compra y venta: tester','2015-03-19 12:39:44','2015-03-19 12:39:44',1,1);
INSERT INTO "images" VALUES(33,33,'App\Feature','products/7/201503191203034444-HZWE1P3xT4dEHSBXy77i.gif','image/gif','orbiagro.com.ve subastas compra y venta: tester','2015-03-19 12:39:44','2015-03-19 12:39:44',1,1);
INSERT INTO "images" VALUES(34,34,'App\Feature','products/7/201503191203034444-frgnnDr9MUR92fRt0fN3.gif','image/gif','orbiagro.com.ve subastas compra y venta: tester','2015-03-19 12:39:44','2015-03-19 12:39:44',1,1);
INSERT INTO "images" VALUES(35,35,'App\Feature','products/7/201503191203034444-bwLlMIox0DfBbG5At4R7.gif','image/gif','orbiagro.com.ve subastas compra y venta: tester','2015-03-19 12:39:44','2015-03-19 12:39:44',1,1);
INSERT INTO "images" VALUES(36,1,'App\Product','products/1/201503191203034545-SWtcNBWjFfkASctpgko0.gif','image/gif','orbiagro.com.ve subastas compra y venta: sit-natus-qui-in-rerum','2015-03-19 12:39:45','2015-03-19 12:39:45',1,1);
INSERT INTO "images" VALUES(37,2,'App\Product','products/2/201503191203034545-SL4myJmADe4vXEHNwg8c.gif','image/gif','orbiagro.com.ve subastas compra y venta: sit-repellendus-adipisci-dignissimos-soluta-enim-et','2015-03-19 12:39:45','2015-03-19 12:39:45',1,1);
INSERT INTO "images" VALUES(38,3,'App\Product','products/3/201503191203034545-fgHlPcOvS2G2pkmLmBFH.gif','image/gif','orbiagro.com.ve subastas compra y venta: perspiciatis-nesciunt-eius-quas-ut-maxime','2015-03-19 12:39:45','2015-03-19 12:39:45',1,1);
INSERT INTO "images" VALUES(39,4,'App\Product','products/4/201503191203034545-mIhhsfS0E1Ek6DstqduR.gif','image/gif','orbiagro.com.ve subastas compra y venta: vel-nihil-asperiores-nesciunt','2015-03-19 12:39:45','2015-03-19 12:39:45',1,1);
INSERT INTO "images" VALUES(40,5,'App\Product','products/5/201503191203034545-aDN7BrGnzCw6P1yYS57B.gif','image/gif','orbiagro.com.ve subastas compra y venta: distinctio-ex-est-molestiae-rerum-earum','2015-03-19 12:39:45','2015-03-19 12:39:45',1,1);
INSERT INTO "images" VALUES(41,6,'App\Product','products/6/201503191203034545-OTrZDcfXFdeNG0JW6qKS.gif','image/gif','orbiagro.com.ve subastas compra y venta: eligendi-libero-ad-sed-laborum','2015-03-19 12:39:45','2015-03-19 12:39:45',1,1);
INSERT INTO "images" VALUES(42,7,'App\Product','products/7/201503191203034545-fWJOF4aP2f5vZPFbhvJm.gif','image/gif','orbiagro.com.ve subastas compra y venta: velit-recusandae-accusamus-rerum-ut','2015-03-19 12:39:45','2015-03-19 12:39:45',1,1);
CREATE TABLE "characteristics" ("id" integer not null primary key autoincrement, "product_id" integer not null, "height" integer null, "width" integer null, "depth" integer null, "weight" integer null, "units" integer null, "created_at" datetime not null, "updated_at" datetime not null, "created_by" integer not null, "updated_by" integer not null, foreign key("product_id") references "products"("id"), foreign key("created_by") references "users"("id"), foreign key("updated_by") references "users"("id"));
INSERT INTO "characteristics" VALUES(1,1,1,1,1,1,1,'2015-03-19 12:39:45','2015-03-19 12:39:45',1,1);
INSERT INTO "characteristics" VALUES(2,2,1,1,1,1,1,'2015-03-19 12:39:45','2015-03-19 12:39:45',1,1);
INSERT INTO "characteristics" VALUES(3,3,1,1,1,1,1,'2015-03-19 12:39:45','2015-03-19 12:39:45',1,1);
INSERT INTO "characteristics" VALUES(4,4,1,1,1,1,1,'2015-03-19 12:39:45','2015-03-19 12:39:45',1,1);
INSERT INTO "characteristics" VALUES(5,5,1,1,1,1,1,'2015-03-19 12:39:45','2015-03-19 12:39:45',1,1);
INSERT INTO "characteristics" VALUES(6,6,1,1,1,1,1,'2015-03-19 12:39:45','2015-03-19 12:39:45',1,1);
INSERT INTO "characteristics" VALUES(7,7,1,1,1,1,1,'2015-03-19 12:39:45','2015-03-19 12:39:45',1,1);
CREATE TABLE "features" ("id" integer not null primary key autoincrement, "product_id" integer not null, "title" varchar not null, "description" varchar not null, "created_at" datetime not null, "updated_at" datetime not null, "created_by" integer not null, "updated_by" integer not null, foreign key("product_id") references "products"("id"), foreign key("created_by") references "users"("id"), foreign key("updated_by") references "users"("id"));
INSERT INTO "features" VALUES(1,1,'tester','tester','2015-03-19 12:39:42','2015-03-19 12:39:42',1,1);
INSERT INTO "features" VALUES(2,1,'tester','tester','2015-03-19 12:39:43','2015-03-19 12:39:43',1,1);
INSERT INTO "features" VALUES(3,1,'tester','tester','2015-03-19 12:39:43','2015-03-19 12:39:43',1,1);
INSERT INTO "features" VALUES(4,1,'tester','tester','2015-03-19 12:39:43','2015-03-19 12:39:43',1,1);
INSERT INTO "features" VALUES(5,1,'tester','tester','2015-03-19 12:39:43','2015-03-19 12:39:43',1,1);
INSERT INTO "features" VALUES(6,2,'tester','tester','2015-03-19 12:39:43','2015-03-19 12:39:43',1,1);
INSERT INTO "features" VALUES(7,2,'tester','tester','2015-03-19 12:39:43','2015-03-19 12:39:43',1,1);
INSERT INTO "features" VALUES(8,2,'tester','tester','2015-03-19 12:39:43','2015-03-19 12:39:43',1,1);
INSERT INTO "features" VALUES(9,2,'tester','tester','2015-03-19 12:39:43','2015-03-19 12:39:43',1,1);
INSERT INTO "features" VALUES(10,2,'tester','tester','2015-03-19 12:39:43','2015-03-19 12:39:43',1,1);
INSERT INTO "features" VALUES(11,3,'tester','tester','2015-03-19 12:39:43','2015-03-19 12:39:43',1,1);
INSERT INTO "features" VALUES(12,3,'tester','tester','2015-03-19 12:39:43','2015-03-19 12:39:43',1,1);
INSERT INTO "features" VALUES(13,3,'tester','tester','2015-03-19 12:39:43','2015-03-19 12:39:43',1,1);
INSERT INTO "features" VALUES(14,3,'tester','tester','2015-03-19 12:39:43','2015-03-19 12:39:43',1,1);
INSERT INTO "features" VALUES(15,3,'tester','tester','2015-03-19 12:39:43','2015-03-19 12:39:43',1,1);
INSERT INTO "features" VALUES(16,4,'tester','tester','2015-03-19 12:39:43','2015-03-19 12:39:43',1,1);
INSERT INTO "features" VALUES(17,4,'tester','tester','2015-03-19 12:39:44','2015-03-19 12:39:44',1,1);
INSERT INTO "features" VALUES(18,4,'tester','tester','2015-03-19 12:39:44','2015-03-19 12:39:44',1,1);
INSERT INTO "features" VALUES(19,4,'tester','tester','2015-03-19 12:39:44','2015-03-19 12:39:44',1,1);
INSERT INTO "features" VALUES(20,4,'tester','tester','2015-03-19 12:39:44','2015-03-19 12:39:44',1,1);
INSERT INTO "features" VALUES(21,5,'tester','tester','2015-03-19 12:39:44','2015-03-19 12:39:44',1,1);
INSERT INTO "features" VALUES(22,5,'tester','tester','2015-03-19 12:39:44','2015-03-19 12:39:44',1,1);
INSERT INTO "features" VALUES(23,5,'tester','tester','2015-03-19 12:39:44','2015-03-19 12:39:44',1,1);
INSERT INTO "features" VALUES(24,5,'tester','tester','2015-03-19 12:39:44','2015-03-19 12:39:44',1,1);
INSERT INTO "features" VALUES(25,5,'tester','tester','2015-03-19 12:39:44','2015-03-19 12:39:44',1,1);
INSERT INTO "features" VALUES(26,6,'tester','tester','2015-03-19 12:39:44','2015-03-19 12:39:44',1,1);
INSERT INTO "features" VALUES(27,6,'tester','tester','2015-03-19 12:39:44','2015-03-19 12:39:44',1,1);
INSERT INTO "features" VALUES(28,6,'tester','tester','2015-03-19 12:39:44','2015-03-19 12:39:44',1,1);
INSERT INTO "features" VALUES(29,6,'tester','tester','2015-03-19 12:39:44','2015-03-19 12:39:44',1,1);
INSERT INTO "features" VALUES(30,6,'tester','tester','2015-03-19 12:39:44','2015-03-19 12:39:44',1,1);
INSERT INTO "features" VALUES(31,7,'tester','tester','2015-03-19 12:39:44','2015-03-19 12:39:44',1,1);
INSERT INTO "features" VALUES(32,7,'tester','tester','2015-03-19 12:39:44','2015-03-19 12:39:44',1,1);
INSERT INTO "features" VALUES(33,7,'tester','tester','2015-03-19 12:39:44','2015-03-19 12:39:44',1,1);
INSERT INTO "features" VALUES(34,7,'tester','tester','2015-03-19 12:39:44','2015-03-19 12:39:44',1,1);
INSERT INTO "features" VALUES(35,7,'tester','tester','2015-03-19 12:39:44','2015-03-19 12:39:44',1,1);
CREATE TABLE "mechanical_infos" ("id" integer not null primary key autoincrement, "product_id" integer not null, "motor" varchar null, "motor_serial" varchar null, "model" varchar null, "cylinders" integer null, "horsepower" integer null, "mileage" integer null, "traction" integer null, "lift" integer null, "created_at" datetime not null, "updated_at" datetime not null, "created_by" integer not null, "updated_by" integer not null, foreign key("product_id") references "products"("id"), foreign key("created_by") references "users"("id"), foreign key("updated_by") references "users"("id"));
INSERT INTO "mechanical_infos" VALUES(1,1,'1','1','1',1,1,1,1,1,'2015-03-19 12:39:45','2015-03-19 12:39:45',1,1);
INSERT INTO "mechanical_infos" VALUES(2,2,'1','1','1',1,1,1,1,1,'2015-03-19 12:39:45','2015-03-19 12:39:45',1,1);
INSERT INTO "mechanical_infos" VALUES(3,3,'1','1','1',1,1,1,1,1,'2015-03-19 12:39:45','2015-03-19 12:39:45',1,1);
INSERT INTO "mechanical_infos" VALUES(4,4,'1','1','1',1,1,1,1,1,'2015-03-19 12:39:45','2015-03-19 12:39:45',1,1);
INSERT INTO "mechanical_infos" VALUES(5,5,'1','1','1',1,1,1,1,1,'2015-03-19 12:39:45','2015-03-19 12:39:45',1,1);
INSERT INTO "mechanical_infos" VALUES(6,6,'1','1','1',1,1,1,1,1,'2015-03-19 12:39:45','2015-03-19 12:39:45',1,1);
INSERT INTO "mechanical_infos" VALUES(7,7,'1','1','1',1,1,1,1,1,'2015-03-19 12:39:45','2015-03-19 12:39:45',1,1);
CREATE TABLE "nutritionals" ("id" integer not null primary key autoincrement, "product_id" integer not null, "due" date null, "created_at" datetime not null, "updated_at" datetime not null, "created_by" integer not null, "updated_by" integer not null, foreign key("product_id") references "products"("id"), foreign key("created_by") references "users"("id"), foreign key("updated_by") references "users"("id"));
INSERT INTO "nutritionals" VALUES(1,1,'1999-09-09','2015-03-19 12:39:45','2015-03-19 12:39:45',1,1);
INSERT INTO "nutritionals" VALUES(2,2,'1999-09-09','2015-03-19 12:39:45','2015-03-19 12:39:45',1,1);
INSERT INTO "nutritionals" VALUES(3,3,'1999-09-09','2015-03-19 12:39:45','2015-03-19 12:39:45',1,1);
INSERT INTO "nutritionals" VALUES(4,4,'1999-09-09','2015-03-19 12:39:45','2015-03-19 12:39:45',1,1);
INSERT INTO "nutritionals" VALUES(5,5,'1999-09-09','2015-03-19 12:39:45','2015-03-19 12:39:45',1,1);
INSERT INTO "nutritionals" VALUES(6,6,'1999-09-09','2015-03-19 12:39:45','2015-03-19 12:39:45',1,1);
INSERT INTO "nutritionals" VALUES(7,7,'1999-09-09','2015-03-19 12:39:45','2015-03-19 12:39:45',1,1);
CREATE TABLE "visits" ("id" integer not null primary key autoincrement, "user_id" integer not null, "visitable_id" integer not null, "visitable_type" varchar not null, "total" integer not null, "created_at" datetime not null, "updated_at" datetime not null, foreign key("user_id") references "users"("id") on delete cascade);
INSERT INTO "visits" VALUES(1,1,1,'App\Product',1,'2015-03-19 12:39:45','2015-03-19 12:39:45');
CREATE TABLE "banks" ("id" integer not null primary key autoincrement, "description" varchar not null, "created_at" datetime not null, "updated_at" datetime not null);
INSERT INTO "banks" VALUES(1,'Sin Banco Asociado','2015-03-19 12:39:45','2015-03-19 12:39:45');
INSERT INTO "banks" VALUES(2,'Banco Yáñez-Feliciano e Hijo','2015-03-19 12:39:45','2015-03-19 12:39:45');
INSERT INTO "banks" VALUES(3,'Banco Mota, Anguiano y Moran e Hijos','2015-03-19 12:39:45','2015-03-19 12:39:45');
INSERT INTO "banks" VALUES(4,'Banco Almonte-Huerta SRL','2015-03-19 12:39:45','2015-03-19 12:39:45');
INSERT INTO "banks" VALUES(5,'Banco Frías y Regalado S. de H.','2015-03-19 12:39:45','2015-03-19 12:39:45');
INSERT INTO "banks" VALUES(6,'Banco Air Cornejo y Asoc.','2015-03-19 12:39:45','2015-03-19 12:39:45');
INSERT INTO "banks" VALUES(7,'Banco Casárez y Rivera','2015-03-19 12:39:45','2015-03-19 12:39:45');
INSERT INTO "banks" VALUES(8,'Banco Gaytán de León','2015-03-19 12:39:45','2015-03-19 12:39:45');
INSERT INTO "banks" VALUES(9,'Banco Solís y Borrego','2015-03-19 12:39:45','2015-03-19 12:39:45');
INSERT INTO "banks" VALUES(10,'Banco Leyva-Lerma','2015-03-19 12:39:45','2015-03-19 12:39:45');
INSERT INTO "banks" VALUES(11,'Banco Zamudio de Martín S. de H.','2015-03-19 12:39:45','2015-03-19 12:39:45');
CREATE TABLE "card_types" ("id" integer not null primary key autoincrement, "description" varchar not null, "created_at" datetime not null, "updated_at" datetime not null);
INSERT INTO "card_types" VALUES(1,'Visa','2015-03-19 12:39:45','2015-03-19 12:39:45');
INSERT INTO "card_types" VALUES(2,'MasterCard','2015-03-19 12:39:45','2015-03-19 12:39:45');
INSERT INTO "card_types" VALUES(3,'American Express','2015-03-19 12:39:45','2015-03-19 12:39:45');
INSERT INTO "card_types" VALUES(4,'Discover Card','2015-03-19 12:39:45','2015-03-19 12:39:45');
INSERT INTO "card_types" VALUES(5,'Debito','2015-03-19 12:39:45','2015-03-19 12:39:45');
CREATE TABLE "billings" ("id" integer not null primary key autoincrement, "user_id" integer not null, "bank_id" integer null, "card_type_id" integer null, "card_number" varchar null, "bank_account" varchar null, "expiration" varchar null, "comments" varchar null, "created_at" datetime not null, "updated_at" datetime not null, "created_by" integer not null, "updated_by" integer not null, foreign key("user_id") references "users"("id") on delete cascade, foreign key("bank_id") references "banks"("id"), foreign key("card_type_id") references "card_types"("id"), foreign key("created_by") references "users"("id"), foreign key("updated_by") references "users"("id"));
INSERT INTO "billings" VALUES(1,1,1,5,'5178128050787181','ES1353900708757967886890','02/16','Minima in eos non vel eum hic nobis. Totam iusto ipsa tenetur aut id nesciunt eligendi. Aut commodi eaque id voluptatum unde. Itaque sed et et cum quibusdam.','2015-03-19 12:39:45','2015-03-19 12:39:45',1,1);
CREATE TABLE "maker_sub_category" ("maker_id" integer not null, "sub_category_id" integer not null, foreign key("maker_id") references "makers"("id"), foreign key("sub_category_id") references "sub_categories"("id"));
INSERT INTO "maker_sub_category" VALUES(1,1);
INSERT INTO "maker_sub_category" VALUES(2,1);
INSERT INTO "maker_sub_category" VALUES(3,2);
INSERT INTO "maker_sub_category" VALUES(4,2);
INSERT INTO "maker_sub_category" VALUES(5,3);
INSERT INTO "maker_sub_category" VALUES(6,3);
INSERT INTO "maker_sub_category" VALUES(7,4);
INSERT INTO "maker_sub_category" VALUES(8,4);
INSERT INTO "maker_sub_category" VALUES(9,5);
INSERT INTO "maker_sub_category" VALUES(10,5);
INSERT INTO "maker_sub_category" VALUES(11,6);
INSERT INTO "maker_sub_category" VALUES(12,6);
INSERT INTO "maker_sub_category" VALUES(13,7);
INSERT INTO "maker_sub_category" VALUES(14,7);
CREATE TABLE "product_sub_category" ("product_id" integer not null, "sub_category_id" integer not null, foreign key("product_id") references "products"("id"), foreign key("sub_category_id") references "sub_categories"("id"));
INSERT INTO "product_sub_category" VALUES(1,1);
INSERT INTO "product_sub_category" VALUES(2,2);
INSERT INTO "product_sub_category" VALUES(3,3);
INSERT INTO "product_sub_category" VALUES(4,4);
INSERT INTO "product_sub_category" VALUES(5,5);
INSERT INTO "product_sub_category" VALUES(6,6);
INSERT INTO "product_sub_category" VALUES(7,7);
CREATE TABLE "product_user" ("product_id" integer not null, "user_id" integer not null, "quantity" integer not null, "created_at" datetime not null, "updated_at" datetime not null, foreign key("product_id") references "products"("id") on delete cascade, foreign key("user_id") references "users"("id") on delete cascade);
INSERT INTO "product_user" VALUES(1,1,2,'2015-03-19 12:39:45','2015-03-19 12:39:45');
INSERT INTO "product_user" VALUES(2,1,5,'2015-03-19 12:39:45','2015-03-19 12:39:45');
INSERT INTO "product_user" VALUES(3,1,1,'2015-03-19 12:39:45','2015-03-19 12:39:45');
INSERT INTO "product_user" VALUES(4,1,2,'2015-03-19 12:39:45','2015-03-19 12:39:45');
INSERT INTO "product_user" VALUES(5,1,5,'2015-03-19 12:39:45','2015-03-19 12:39:45');
INSERT INTO "product_user" VALUES(6,1,4,'2015-03-19 12:39:45','2015-03-19 12:39:45');
INSERT INTO "product_user" VALUES(7,1,1,'2015-03-19 12:39:45','2015-03-19 12:39:45');
DELETE FROM sqlite_sequence;
INSERT INTO "sqlite_sequence" VALUES('profiles',3);
INSERT INTO "sqlite_sequence" VALUES('genders',2);
INSERT INTO "sqlite_sequence" VALUES('nationalities',2);
INSERT INTO "sqlite_sequence" VALUES('states',1);
INSERT INTO "sqlite_sequence" VALUES('towns',1);
INSERT INTO "sqlite_sequence" VALUES('parishes',1);
INSERT INTO "sqlite_sequence" VALUES('users',1);
INSERT INTO "sqlite_sequence" VALUES('people',1);
INSERT INTO "sqlite_sequence" VALUES('directions',8);
INSERT INTO "sqlite_sequence" VALUES('categories',2);
INSERT INTO "sqlite_sequence" VALUES('sub_categories',7);
INSERT INTO "sqlite_sequence" VALUES('makers',14);
INSERT INTO "sqlite_sequence" VALUES('products',7);
INSERT INTO "sqlite_sequence" VALUES('features',35);
INSERT INTO "sqlite_sequence" VALUES('images',42);
INSERT INTO "sqlite_sequence" VALUES('files',42);
INSERT INTO "sqlite_sequence" VALUES('characteristics',7);
INSERT INTO "sqlite_sequence" VALUES('nutritionals',7);
INSERT INTO "sqlite_sequence" VALUES('mechanical_infos',7);
INSERT INTO "sqlite_sequence" VALUES('banks',11);
INSERT INTO "sqlite_sequence" VALUES('card_types',5);
INSERT INTO "sqlite_sequence" VALUES('billings',1);
INSERT INTO "sqlite_sequence" VALUES('visits',1);
INSERT INTO "sqlite_sequence" VALUES('promotions',1);
CREATE UNIQUE INDEX users_email_unique on "users" ("email");
CREATE INDEX password_resets_email_index on "password_resets" ("email");
CREATE INDEX password_resets_token_index on "password_resets" ("token");
CREATE INDEX product_user_product_id_index on "product_user" ("product_id");
CREATE INDEX product_user_user_id_index on "product_user" ("user_id");
COMMIT;
