PRAGMA foreign_keys=OFF;
BEGIN TRANSACTION;
CREATE TABLE "migrations" ("migration" varchar not null, "batch" integer not null);
INSERT INTO "migrations" VALUES('2014_10_12_000000_create_users_table',1);
INSERT INTO "migrations" VALUES('2014_10_12_100000_create_password_resets_table',1);
INSERT INTO "migrations" VALUES('2015_03_10_140153_create_genders_table',1);
INSERT INTO "migrations" VALUES('2015_03_10_142938_create_states_table',1);
INSERT INTO "migrations" VALUES('2015_03_10_154237_create_towns_table',1);
INSERT INTO "migrations" VALUES('2015_03_10_154410_create_parishes_table',1);
INSERT INTO "migrations" VALUES('2015_03_10_154455_create_directions_table',1);
INSERT INTO "migrations" VALUES('2015_03_10_154557_create_profiles_table',1);
INSERT INTO "migrations" VALUES('2015_03_10_173459_create_nationalities_table',1);
INSERT INTO "migrations" VALUES('2015_03_10_173503_create_people_table',1);
INSERT INTO "migrations" VALUES('2015_03_13_193841_create_makers_table',1);
INSERT INTO "migrations" VALUES('2015_03_13_194526_create_categories_table',1);
INSERT INTO "migrations" VALUES('2015_03_13_195124_create_sub_categories_table',1);
INSERT INTO "migrations" VALUES('2015_03_13_202223_create_products_table',1);
INSERT INTO "migrations" VALUES('2015_03_13_205316_create_purchases_table',1);
INSERT INTO "migrations" VALUES('2015_03_13_205446_create_promotions_table',1);
INSERT INTO "migrations" VALUES('2015_03_13_205519_create_product_promotion_table',1);
INSERT INTO "migrations" VALUES('2015_03_13_205737_create_files_table',1);
INSERT INTO "migrations" VALUES('2015_03_13_212413_create_images_table',1);
INSERT INTO "migrations" VALUES('2015_03_13_212630_create_characteristics_table',1);
INSERT INTO "migrations" VALUES('2015_03_13_214205_create_features_table',1);
INSERT INTO "migrations" VALUES('2015_03_13_214850_create_mechanical_infos_table',1);
INSERT INTO "migrations" VALUES('2015_03_13_215620_create_nutritionals_table',1);
INSERT INTO "migrations" VALUES('2015_03_13_220817_create_visits_table',1);
INSERT INTO "migrations" VALUES('2015_03_13_221555_create_banks_table',1);
INSERT INTO "migrations" VALUES('2015_03_13_221616_create_card_types_table',1);
INSERT INTO "migrations" VALUES('2015_03_13_221820_create_billings_table',1);
INSERT INTO "migrations" VALUES('2015_03_13_234614_create_maker_sub_category',1);
INSERT INTO "migrations" VALUES('2015_03_14_000527_create_product_sub_category_table',1);
CREATE TABLE "users" ("id" integer not null primary key autoincrement, "profile_id" integer not null, "name" varchar not null, "email" varchar not null, "password" varchar not null, "remember_token" varchar null, "created_at" datetime not null, "updated_at" datetime not null, "deleted_at" datetime null);
INSERT INTO "users" VALUES(1,1,'tester','tester@tester.com','$2y$10$48WZS1QUpsp0YMT2cMmQWOmj774lvCntzCdgpiXdEOOMur5BgPnIC',NULL,'current_timestampt','current_timestampt',NULL);
CREATE TABLE "password_resets" ("email" varchar not null, "token" varchar not null, "created_at" datetime not null);
CREATE TABLE "genders" ("id" integer not null primary key autoincrement, "description" varchar not null, "created_at" datetime not null, "updated_at" datetime not null);
INSERT INTO "genders" VALUES(1,'Masculino','2015-03-15 16:15:38','2015-03-15 16:15:38');
INSERT INTO "genders" VALUES(2,'Femenino','2015-03-15 16:15:38','2015-03-15 16:15:38');
CREATE TABLE "states" ("id" integer not null primary key autoincrement, "description" varchar not null, "created_at" datetime not null, "updated_at" datetime not null);
INSERT INTO "states" VALUES(1,'Distrito Capital','2015-03-15 20:45:38','2015-03-15 20:45:38');
INSERT INTO "states" VALUES(2,'Anzoátegui','2015-03-15 20:45:38','2015-03-15 20:45:38');
INSERT INTO "states" VALUES(3,'Amazonas','2015-03-15 20:45:38','2015-03-15 20:45:38');
INSERT INTO "states" VALUES(4,'Apure','2015-03-15 20:45:38','2015-03-15 20:45:38');
INSERT INTO "states" VALUES(5,'Aragua','2015-03-15 20:45:38','2015-03-15 20:45:38');
INSERT INTO "states" VALUES(6,'Barinas','2015-03-15 20:45:38','2015-03-15 20:45:38');
INSERT INTO "states" VALUES(7,'Bolívar','2015-03-15 20:45:38','2015-03-15 20:45:38');
INSERT INTO "states" VALUES(8,'Carabobo','2015-03-15 20:45:38','2015-03-15 20:45:38');
INSERT INTO "states" VALUES(9,'Cojedes','2015-03-15 20:45:38','2015-03-15 20:45:38');
INSERT INTO "states" VALUES(10,'Delta Amacuro','2015-03-15 20:45:38','2015-03-15 20:45:38');
INSERT INTO "states" VALUES(11,'Falcón','2015-03-15 20:45:38','2015-03-15 20:45:38');
INSERT INTO "states" VALUES(12,'Guárico','2015-03-15 20:45:38','2015-03-15 20:45:38');
INSERT INTO "states" VALUES(13,'Lara','2015-03-15 20:45:38','2015-03-15 20:45:38');
INSERT INTO "states" VALUES(14,'Mérida','2015-03-15 20:45:38','2015-03-15 20:45:38');
INSERT INTO "states" VALUES(15,'Miranda','2015-03-15 20:45:38','2015-03-15 20:45:38');
INSERT INTO "states" VALUES(16,'Monagas','2015-03-15 20:45:38','2015-03-15 20:45:38');
INSERT INTO "states" VALUES(17,'Nueva Esparta','2015-03-15 20:45:38','2015-03-15 20:45:38');
INSERT INTO "states" VALUES(18,'Portuguesa','2015-03-15 20:45:38','2015-03-15 20:45:38');
INSERT INTO "states" VALUES(19,'Sucre','2015-03-15 20:45:38','2015-03-15 20:45:38');
INSERT INTO "states" VALUES(20,'Táchira','2015-03-15 20:45:38','2015-03-15 20:45:38');
INSERT INTO "states" VALUES(21,'Trujillo','2015-03-15 20:45:38','2015-03-15 20:45:38');
INSERT INTO "states" VALUES(22,'Yaracuy','2015-03-15 20:45:38','2015-03-15 20:45:38');
INSERT INTO "states" VALUES(23,'Vargas','2015-03-15 20:45:38','2015-03-15 20:45:38');
INSERT INTO "states" VALUES(24,'Zulia','2015-03-15 20:45:38','2015-03-15 20:45:38');
CREATE TABLE "towns" ("id" integer not null primary key autoincrement, "state_id" integer not null, "description" varchar not null, "created_at" datetime not null, "updated_at" datetime not null, foreign key("state_id") references "states"("id"));
INSERT INTO "towns" VALUES(1,1,'Libertador','2015-03-15 20:45:38','2015-03-15 20:45:38');
INSERT INTO "towns" VALUES(2,15,'Baruta','2015-03-15 20:45:38','2015-03-15 20:45:38');
INSERT INTO "towns" VALUES(3,15,'Chacao','2015-03-15 20:45:38','2015-03-15 20:45:38');
INSERT INTO "towns" VALUES(4,15,'Sucre','2015-03-15 20:45:38','2015-03-15 20:45:38');
INSERT INTO "towns" VALUES(5,15,'El Hatillo','2015-03-15 20:45:38','2015-03-15 20:45:38');
INSERT INTO "towns" VALUES(6,15,'Acevedo','2015-03-15 20:45:38','2015-03-15 20:45:38');
INSERT INTO "towns" VALUES(7,15,'Andres Bello','2015-03-15 20:45:38','2015-03-15 20:45:38');
INSERT INTO "towns" VALUES(8,15,'Brion','2015-03-15 20:45:38','2015-03-15 20:45:38');
INSERT INTO "towns" VALUES(9,15,'Buroz','2015-03-15 20:45:38','2015-03-15 20:45:38');
INSERT INTO "towns" VALUES(10,15,'Carrizal','2015-03-15 20:45:38','2015-03-15 20:45:38');
INSERT INTO "towns" VALUES(11,15,'Cristobal Rojas','2015-03-15 20:45:38','2015-03-15 20:45:38');
INSERT INTO "towns" VALUES(12,15,'Guacaipuro','2015-03-15 20:45:38','2015-03-15 20:45:38');
INSERT INTO "towns" VALUES(13,15,'Independencia','2015-03-15 20:45:38','2015-03-15 20:45:38');
INSERT INTO "towns" VALUES(14,15,'Lander','2015-03-15 20:45:38','2015-03-15 20:45:38');
INSERT INTO "towns" VALUES(15,15,'Los Salias','2015-03-15 20:45:38','2015-03-15 20:45:38');
INSERT INTO "towns" VALUES(16,15,'Paez','2015-03-15 20:45:38','2015-03-15 20:45:38');
INSERT INTO "towns" VALUES(17,15,'Paz Castillo','2015-03-15 20:45:38','2015-03-15 20:45:38');
INSERT INTO "towns" VALUES(18,15,'Pedro Gual','2015-03-15 20:45:38','2015-03-15 20:45:38');
INSERT INTO "towns" VALUES(19,15,'Plaza','2015-03-15 20:45:38','2015-03-15 20:45:38');
INSERT INTO "towns" VALUES(20,15,'Simon Bolivar','2015-03-15 20:45:38','2015-03-15 20:45:38');
INSERT INTO "towns" VALUES(21,15,'Urdaneta','2015-03-15 20:45:38','2015-03-15 20:45:38');
INSERT INTO "towns" VALUES(22,15,'Zamora','2015-03-15 20:45:38','2015-03-15 20:45:38');
INSERT INTO "towns" VALUES(23,23,'Vargas','2015-03-15 20:45:38','2015-03-15 20:45:38');
INSERT INTO "towns" VALUES(24,12,'Camaguan','2015-03-15 20:45:38','2015-03-15 20:45:38');
INSERT INTO "towns" VALUES(25,12,'Chaguaramas','2015-03-15 20:45:38','2015-03-15 20:45:38');
INSERT INTO "towns" VALUES(26,12,'El Socorro','2015-03-15 20:45:38','2015-03-15 20:45:38');
INSERT INTO "towns" VALUES(27,12,'Francisco de Miranda','2015-03-15 20:45:38','2015-03-15 20:45:38');
INSERT INTO "towns" VALUES(28,12,'Jose Felix Ribas','2015-03-15 20:45:38','2015-03-15 20:45:38');
INSERT INTO "towns" VALUES(29,12,'Jose Tadeo Monagas','2015-03-15 20:45:38','2015-03-15 20:45:38');
INSERT INTO "towns" VALUES(30,12,'Juan German Roscio','2015-03-15 20:45:38','2015-03-15 20:45:38');
INSERT INTO "towns" VALUES(31,12,'Julian Mellado','2015-03-15 20:45:38','2015-03-15 20:45:38');
INSERT INTO "towns" VALUES(32,12,'Las Mercedes del Llano','2015-03-15 20:45:38','2015-03-15 20:45:38');
INSERT INTO "towns" VALUES(33,12,'Leonardo Infante','2015-03-15 20:45:38','2015-03-15 20:45:38');
INSERT INTO "towns" VALUES(34,12,'Ortiz','2015-03-15 20:45:38','2015-03-15 20:45:38');
INSERT INTO "towns" VALUES(35,12,'Pedro Zaraza','2015-03-15 20:45:38','2015-03-15 20:45:38');
INSERT INTO "towns" VALUES(36,12,'San Geronimo de Guayabal','2015-03-15 20:45:38','2015-03-15 20:45:38');
INSERT INTO "towns" VALUES(37,12,'San Jose de Guaribe','2015-03-15 20:45:38','2015-03-15 20:45:38');
INSERT INTO "towns" VALUES(38,12,'Santa Maria de Ipire','2015-03-15 20:45:38','2015-03-15 20:45:38');
INSERT INTO "towns" VALUES(39,5,'Bolivar','2015-03-15 20:45:38','2015-03-15 20:45:38');
INSERT INTO "towns" VALUES(41,5,'Camatagua','2015-03-15 20:45:38','2015-03-15 20:45:38');
INSERT INTO "towns" VALUES(42,5,'Francisco Linares','2015-03-15 20:45:38','2015-03-15 20:45:38');
INSERT INTO "towns" VALUES(43,5,'Giradot','2015-03-15 20:45:38','2015-03-15 20:45:38');
INSERT INTO "towns" VALUES(44,5,'Jose Angel Lamas','2015-03-15 20:45:38','2015-03-15 20:45:38');
INSERT INTO "towns" VALUES(45,5,'Jose Felix Ribas','2015-03-15 20:45:38','2015-03-15 20:45:38');
INSERT INTO "towns" VALUES(46,5,'Jose Revenga','2015-03-15 20:45:38','2015-03-15 20:45:38');
INSERT INTO "towns" VALUES(47,5,'Libertador','2015-03-15 20:45:38','2015-03-15 20:45:38');
INSERT INTO "towns" VALUES(48,5,'Mario Iragorry','2015-03-15 20:45:38','2015-03-15 20:45:38');
INSERT INTO "towns" VALUES(49,5,'Ocumare de la costa','2015-03-15 20:45:38','2015-03-15 20:45:38');
INSERT INTO "towns" VALUES(50,5,'San Casimiro','2015-03-15 20:45:38','2015-03-15 20:45:38');
INSERT INTO "towns" VALUES(51,5,'San Sebastian','2015-03-15 20:45:38','2015-03-15 20:45:38');
INSERT INTO "towns" VALUES(52,5,'Santiago Mariño','2015-03-15 20:45:38','2015-03-15 20:45:38');
INSERT INTO "towns" VALUES(53,5,'Santos Michelena','2015-03-15 20:45:38','2015-03-15 20:45:38');
INSERT INTO "towns" VALUES(54,5,'Sucre','2015-03-15 20:45:38','2015-03-15 20:45:38');
INSERT INTO "towns" VALUES(55,5,'Tovar','2015-03-15 20:45:38','2015-03-15 20:45:38');
INSERT INTO "towns" VALUES(56,5,'Urdaneta','2015-03-15 20:45:38','2015-03-15 20:45:38');
INSERT INTO "towns" VALUES(57,5,'Zamora','2015-03-15 20:45:38','2015-03-15 20:45:38');
INSERT INTO "towns" VALUES(58,8,'Bejuma','2015-03-15 20:45:38','2015-03-15 20:45:38');
INSERT INTO "towns" VALUES(59,8,'Carlos Arevalo','2015-03-15 20:45:38','2015-03-15 20:45:38');
INSERT INTO "towns" VALUES(60,8,'Diego Ibarra','2015-03-15 20:45:38','2015-03-15 20:45:38');
INSERT INTO "towns" VALUES(61,8,'Guacara','2015-03-15 20:45:38','2015-03-15 20:45:38');
INSERT INTO "towns" VALUES(62,8,'Juan Jose Mora','2015-03-15 20:45:38','2015-03-15 20:45:38');
INSERT INTO "towns" VALUES(63,8,'Libertador','2015-03-15 20:45:38','2015-03-15 20:45:38');
INSERT INTO "towns" VALUES(64,8,'Los Guayos','2015-03-15 20:45:38','2015-03-15 20:45:38');
INSERT INTO "towns" VALUES(65,8,'Miranda','2015-03-15 20:45:38','2015-03-15 20:45:38');
INSERT INTO "towns" VALUES(66,8,'Montalban','2015-03-15 20:45:38','2015-03-15 20:45:38');
INSERT INTO "towns" VALUES(67,8,'Naguanagua','2015-03-15 20:45:38','2015-03-15 20:45:38');
INSERT INTO "towns" VALUES(68,8,'Puerto Cabello','2015-03-15 20:45:38','2015-03-15 20:45:38');
INSERT INTO "towns" VALUES(69,8,'San Diego','2015-03-15 20:45:38','2015-03-15 20:45:38');
INSERT INTO "towns" VALUES(70,8,'San Joaquin','2015-03-15 20:45:38','2015-03-15 20:45:38');
INSERT INTO "towns" VALUES(71,8,'Valencia','2015-03-15 20:45:38','2015-03-15 20:45:38');
INSERT INTO "towns" VALUES(72,2,'Anaco','2015-03-15 20:45:38','2015-03-15 20:45:38');
INSERT INTO "towns" VALUES(73,2,'Aragua','2015-03-15 20:45:38','2015-03-15 20:45:38');
INSERT INTO "towns" VALUES(74,2,'Bolivar','2015-03-15 20:45:38','2015-03-15 20:45:38');
INSERT INTO "towns" VALUES(75,2,'Bruzual','2015-03-15 20:45:38','2015-03-15 20:45:38');
INSERT INTO "towns" VALUES(76,2,'Cajigal','2015-03-15 20:45:38','2015-03-15 20:45:38');
INSERT INTO "towns" VALUES(77,2,'Carvajal','2015-03-15 20:45:38','2015-03-15 20:45:38');
INSERT INTO "towns" VALUES(78,2,'Diego Bautista Urbaneja','2015-03-15 20:45:38','2015-03-15 20:45:38');
INSERT INTO "towns" VALUES(79,2,'Freites','2015-03-15 20:45:38','2015-03-15 20:45:38');
INSERT INTO "towns" VALUES(80,2,'Guanipa','2015-03-15 20:45:38','2015-03-15 20:45:38');
INSERT INTO "towns" VALUES(81,2,'Guanta','2015-03-15 20:45:38','2015-03-15 20:45:38');
INSERT INTO "towns" VALUES(82,2,'Independencia','2015-03-15 20:45:38','2015-03-15 20:45:38');
INSERT INTO "towns" VALUES(83,2,'Libertad','2015-03-15 20:45:38','2015-03-15 20:45:38');
INSERT INTO "towns" VALUES(84,2,'Mcgregor','2015-03-15 20:45:38','2015-03-15 20:45:38');
INSERT INTO "towns" VALUES(85,2,'Miranda','2015-03-15 20:45:38','2015-03-15 20:45:38');
INSERT INTO "towns" VALUES(86,2,'Monagas','2015-03-15 20:45:38','2015-03-15 20:45:38');
INSERT INTO "towns" VALUES(87,2,'Peñalver','2015-03-15 20:45:38','2015-03-15 20:45:38');
INSERT INTO "towns" VALUES(88,2,'Piritu','2015-03-15 20:45:38','2015-03-15 20:45:38');
INSERT INTO "towns" VALUES(89,2,'San Juan de Capistrano','2015-03-15 20:45:38','2015-03-15 20:45:38');
INSERT INTO "towns" VALUES(90,2,'Santa Ana','2015-03-15 20:45:38','2015-03-15 20:45:38');
INSERT INTO "towns" VALUES(91,2,'Simón Rodriguez','2015-03-15 20:45:38','2015-03-15 20:45:38');
INSERT INTO "towns" VALUES(92,2,'Sotillo','2015-03-15 20:45:38','2015-03-15 20:45:38');
INSERT INTO "towns" VALUES(93,3,'Alto Orinoco','2015-03-15 20:45:38','2015-03-15 20:45:38');
INSERT INTO "towns" VALUES(94,3,'Atabapo','2015-03-15 20:45:38','2015-03-15 20:45:38');
INSERT INTO "towns" VALUES(95,3,'Atures','2015-03-15 20:45:38','2015-03-15 20:45:38');
INSERT INTO "towns" VALUES(96,3,'Autana','2015-03-15 20:45:38','2015-03-15 20:45:38');
INSERT INTO "towns" VALUES(97,3,'Manapiare','2015-03-15 20:45:38','2015-03-15 20:45:38');
INSERT INTO "towns" VALUES(98,3,'Maroa','2015-03-15 20:45:38','2015-03-15 20:45:38');
INSERT INTO "towns" VALUES(99,3,'Rio Negro','2015-03-15 20:45:38','2015-03-15 20:45:38');
INSERT INTO "towns" VALUES(100,4,'Achaguas','2015-03-15 20:45:38','2015-03-15 20:45:38');
INSERT INTO "towns" VALUES(101,4,'Biruaca','2015-03-15 20:45:38','2015-03-15 20:45:38');
INSERT INTO "towns" VALUES(102,4,'Muños','2015-03-15 20:45:38','2015-03-15 20:45:38');
INSERT INTO "towns" VALUES(103,4,'Paez','2015-03-15 20:45:38','2015-03-15 20:45:38');
INSERT INTO "towns" VALUES(104,4,'Pedro Camejo','2015-03-15 20:45:38','2015-03-15 20:45:38');
INSERT INTO "towns" VALUES(105,4,'Romulo Gallegos','2015-03-15 20:45:38','2015-03-15 20:45:38');
INSERT INTO "towns" VALUES(106,4,'San Fernando','2015-03-15 20:45:38','2015-03-15 20:45:38');
INSERT INTO "towns" VALUES(107,6,'Alberto Arvelo Torrealba','2015-03-15 20:45:38','2015-03-15 20:45:38');
INSERT INTO "towns" VALUES(108,6,'Andrés Eloy Blanco','2015-03-15 20:45:38','2015-03-15 20:45:38');
INSERT INTO "towns" VALUES(109,6,'Antonio José de Sucre','2015-03-15 20:45:38','2015-03-15 20:45:38');
INSERT INTO "towns" VALUES(110,6,'Arismendi','2015-03-15 20:45:38','2015-03-15 20:45:38');
INSERT INTO "towns" VALUES(111,6,'Barinas','2015-03-15 20:45:38','2015-03-15 20:45:38');
INSERT INTO "towns" VALUES(112,6,'Bolívar','2015-03-15 20:45:38','2015-03-15 20:45:38');
INSERT INTO "towns" VALUES(113,6,'Cruz Paredes','2015-03-15 20:45:38','2015-03-15 20:45:38');
INSERT INTO "towns" VALUES(114,6,'Ezequiel Zamora','2015-03-15 20:45:38','2015-03-15 20:45:38');
INSERT INTO "towns" VALUES(115,6,'Obispos','2015-03-15 20:45:38','2015-03-15 20:45:38');
INSERT INTO "towns" VALUES(116,6,'Pedraza','2015-03-15 20:45:38','2015-03-15 20:45:38');
INSERT INTO "towns" VALUES(117,6,'Rojas','2015-03-15 20:45:38','2015-03-15 20:45:38');
INSERT INTO "towns" VALUES(118,6,'Sosa','2015-03-15 20:45:38','2015-03-15 20:45:38');
INSERT INTO "towns" VALUES(119,7,'Caroní','2015-03-15 20:45:38','2015-03-15 20:45:38');
INSERT INTO "towns" VALUES(120,7,'Cedeño','2015-03-15 20:45:38','2015-03-15 20:45:38');
INSERT INTO "towns" VALUES(121,7,'El Callao','2015-03-15 20:45:38','2015-03-15 20:45:38');
INSERT INTO "towns" VALUES(122,7,'Gran Sabana','2015-03-15 20:45:38','2015-03-15 20:45:38');
INSERT INTO "towns" VALUES(123,7,'Heres','2015-03-15 20:45:38','2015-03-15 20:45:38');
INSERT INTO "towns" VALUES(124,7,'Piar','2015-03-15 20:45:38','2015-03-15 20:45:38');
INSERT INTO "towns" VALUES(125,7,'Raul Leoni','2015-03-15 20:45:38','2015-03-15 20:45:38');
INSERT INTO "towns" VALUES(126,7,'Roscio','2015-03-15 20:45:38','2015-03-15 20:45:38');
INSERT INTO "towns" VALUES(127,7,'Sifontes','2015-03-15 20:45:38','2015-03-15 20:45:38');
INSERT INTO "towns" VALUES(128,7,'Sucre','2015-03-15 20:45:38','2015-03-15 20:45:38');
INSERT INTO "towns" VALUES(129,7,'Padre Pedro Chen','2015-03-15 20:45:38','2015-03-15 20:45:38');
INSERT INTO "towns" VALUES(130,9,'Anzoategui','2015-03-15 20:45:38','2015-03-15 20:45:38');
INSERT INTO "towns" VALUES(131,9,'Falcon','2015-03-15 20:45:38','2015-03-15 20:45:38');
INSERT INTO "towns" VALUES(132,9,'Giraldot','2015-03-15 20:45:38','2015-03-15 20:45:38');
INSERT INTO "towns" VALUES(133,9,'Lima Blanco','2015-03-15 20:45:38','2015-03-15 20:45:38');
INSERT INTO "towns" VALUES(134,9,'Pao de San Juan Bautista','2015-03-15 20:45:38','2015-03-15 20:45:38');
INSERT INTO "towns" VALUES(135,9,'Ricaurte','2015-03-15 20:45:38','2015-03-15 20:45:38');
INSERT INTO "towns" VALUES(136,9,'Rómulo Gallegos','2015-03-15 20:45:38','2015-03-15 20:45:38');
INSERT INTO "towns" VALUES(137,9,'San Carlos','2015-03-15 20:45:38','2015-03-15 20:45:38');
INSERT INTO "towns" VALUES(138,9,'Tinaco','2015-03-15 20:45:38','2015-03-15 20:45:38');
INSERT INTO "towns" VALUES(139,10,'Antonio Díaz','2015-03-15 20:45:38','2015-03-15 20:45:38');
INSERT INTO "towns" VALUES(140,10,'Casacoima','2015-03-15 20:45:38','2015-03-15 20:45:38');
INSERT INTO "towns" VALUES(141,10,'Pedernales','2015-03-15 20:45:38','2015-03-15 20:45:38');
INSERT INTO "towns" VALUES(142,10,'Tucupita','2015-03-15 20:45:38','2015-03-15 20:45:38');
INSERT INTO "towns" VALUES(143,11,'Acosta','2015-03-15 20:45:38','2015-03-15 20:45:38');
INSERT INTO "towns" VALUES(144,11,'Bolívar','2015-03-15 20:45:38','2015-03-15 20:45:38');
INSERT INTO "towns" VALUES(145,11,'Buchivacoa','2015-03-15 20:45:38','2015-03-15 20:45:38');
INSERT INTO "towns" VALUES(146,11,'Cacique Manaure','2015-03-15 20:45:38','2015-03-15 20:45:38');
INSERT INTO "towns" VALUES(147,11,'Carirubana','2015-03-15 20:45:38','2015-03-15 20:45:38');
INSERT INTO "towns" VALUES(148,11,'Colina','2015-03-15 20:45:38','2015-03-15 20:45:38');
INSERT INTO "towns" VALUES(149,11,'Dabajuro','2015-03-15 20:45:38','2015-03-15 20:45:38');
INSERT INTO "towns" VALUES(150,11,'Democracia','2015-03-15 20:45:38','2015-03-15 20:45:38');
INSERT INTO "towns" VALUES(151,11,'Falcón','2015-03-15 20:45:38','2015-03-15 20:45:38');
INSERT INTO "towns" VALUES(152,11,'Federacion','2015-03-15 20:45:38','2015-03-15 20:45:38');
INSERT INTO "towns" VALUES(153,11,'Jacura','2015-03-15 20:45:38','2015-03-15 20:45:38');
INSERT INTO "towns" VALUES(154,11,'Los Taques','2015-03-15 20:45:38','2015-03-15 20:45:38');
INSERT INTO "towns" VALUES(155,11,'Mauroa','2015-03-15 20:45:38','2015-03-15 20:45:38');
INSERT INTO "towns" VALUES(156,11,'Miranda','2015-03-15 20:45:38','2015-03-15 20:45:38');
INSERT INTO "towns" VALUES(157,11,'Monseñor Iturriza','2015-03-15 20:45:38','2015-03-15 20:45:38');
INSERT INTO "towns" VALUES(158,11,'Palmasola','2015-03-15 20:45:38','2015-03-15 20:45:38');
INSERT INTO "towns" VALUES(159,11,'Petit','2015-03-15 20:45:38','2015-03-15 20:45:38');
INSERT INTO "towns" VALUES(160,11,'Piritu','2015-03-15 20:45:38','2015-03-15 20:45:38');
INSERT INTO "towns" VALUES(161,11,'San Francisco','2015-03-15 20:45:38','2015-03-15 20:45:38');
INSERT INTO "towns" VALUES(162,11,'Silva','2015-03-15 20:45:38','2015-03-15 20:45:38');
INSERT INTO "towns" VALUES(163,11,'Sucre','2015-03-15 20:45:38','2015-03-15 20:45:38');
INSERT INTO "towns" VALUES(164,11,'Tocopero','2015-03-15 20:45:38','2015-03-15 20:45:38');
INSERT INTO "towns" VALUES(165,11,'Union','2015-03-15 20:45:38','2015-03-15 20:45:38');
INSERT INTO "towns" VALUES(166,11,'Urumaco','2015-03-15 20:45:38','2015-03-15 20:45:38');
INSERT INTO "towns" VALUES(167,11,'Zamora','2015-03-15 20:45:38','2015-03-15 20:45:38');
INSERT INTO "towns" VALUES(168,13,'Andrés Eloy Blanco','2015-03-15 20:45:38','2015-03-15 20:45:38');
INSERT INTO "towns" VALUES(169,13,'Crespo','2015-03-15 20:45:38','2015-03-15 20:45:38');
INSERT INTO "towns" VALUES(170,13,'Iribarren','2015-03-15 20:45:38','2015-03-15 20:45:38');
INSERT INTO "towns" VALUES(171,13,'Jiménez','2015-03-15 20:45:38','2015-03-15 20:45:38');
INSERT INTO "towns" VALUES(172,13,'Morán','2015-03-15 20:45:38','2015-03-15 20:45:38');
INSERT INTO "towns" VALUES(173,13,'Palavecino','2015-03-15 20:45:38','2015-03-15 20:45:38');
INSERT INTO "towns" VALUES(174,13,'Simón Planas','2015-03-15 20:45:38','2015-03-15 20:45:38');
INSERT INTO "towns" VALUES(175,13,'Torres','2015-03-15 20:45:38','2015-03-15 20:45:38');
INSERT INTO "towns" VALUES(176,13,'Urdaneta','2015-03-15 20:45:38','2015-03-15 20:45:38');
INSERT INTO "towns" VALUES(177,14,'Alberto Adriani','2015-03-15 20:45:38','2015-03-15 20:45:38');
INSERT INTO "towns" VALUES(178,14,'Andrés Bello ','2015-03-15 20:45:38','2015-03-15 20:45:38');
INSERT INTO "towns" VALUES(179,14,'Antonio Pinto Salinas ','2015-03-15 20:45:38','2015-03-15 20:45:38');
INSERT INTO "towns" VALUES(180,14,'Acarigua','2015-03-15 20:45:38','2015-03-15 20:45:38');
INSERT INTO "towns" VALUES(181,14,'Arzobispo Chacón','2015-03-15 20:45:38','2015-03-15 20:45:38');
INSERT INTO "towns" VALUES(182,14,'Campo Elías','2015-03-15 20:45:38','2015-03-15 20:45:38');
INSERT INTO "towns" VALUES(183,14,'Caracciolo Parra Olmedo ','2015-03-15 20:45:38','2015-03-15 20:45:38');
INSERT INTO "towns" VALUES(184,14,'Cardenal Quintero','2015-03-15 20:45:38','2015-03-15 20:45:38');
INSERT INTO "towns" VALUES(185,14,'Guaraque','2015-03-15 20:45:38','2015-03-15 20:45:38');
INSERT INTO "towns" VALUES(186,14,'Julio César Salas ','2015-03-15 20:45:38','2015-03-15 20:45:38');
INSERT INTO "towns" VALUES(187,14,'Justo Briceño','2015-03-15 20:45:38','2015-03-15 20:45:38');
INSERT INTO "towns" VALUES(188,14,'Libertador','2015-03-15 20:45:38','2015-03-15 20:45:38');
INSERT INTO "towns" VALUES(189,14,'Miranda','2015-03-15 20:45:38','2015-03-15 20:45:38');
INSERT INTO "towns" VALUES(190,14,'Obispo Ramos de Lora ','2015-03-15 20:45:38','2015-03-15 20:45:38');
INSERT INTO "towns" VALUES(191,14,'Padre Norega','2015-03-15 20:45:38','2015-03-15 20:45:38');
INSERT INTO "towns" VALUES(192,14,'Pueblo Llano','2015-03-15 20:45:38','2015-03-15 20:45:38');
INSERT INTO "towns" VALUES(193,14,'Rangel','2015-03-15 20:45:38','2015-03-15 20:45:38');
INSERT INTO "towns" VALUES(194,14,'Rivas Dávila','2015-03-15 20:45:38','2015-03-15 20:45:38');
INSERT INTO "towns" VALUES(195,14,'Santos Marquina','2015-03-15 20:45:38','2015-03-15 20:45:38');
INSERT INTO "towns" VALUES(196,14,'Sucre','2015-03-15 20:45:38','2015-03-15 20:45:38');
INSERT INTO "towns" VALUES(197,14,'Tovar','2015-03-15 20:45:38','2015-03-15 20:45:38');
INSERT INTO "towns" VALUES(198,14,'Tulio Febres Cordero','2015-03-15 20:45:38','2015-03-15 20:45:38');
INSERT INTO "towns" VALUES(199,14,'Zea','2015-03-15 20:45:38','2015-03-15 20:45:38');
INSERT INTO "towns" VALUES(200,16,'Acosta','2015-03-15 20:45:38','2015-03-15 20:45:38');
INSERT INTO "towns" VALUES(201,16,'Aguasay','2015-03-15 20:45:38','2015-03-15 20:45:38');
INSERT INTO "towns" VALUES(202,16,'Bolívar','2015-03-15 20:45:38','2015-03-15 20:45:38');
INSERT INTO "towns" VALUES(203,16,'Caripe','2015-03-15 20:45:38','2015-03-15 20:45:38');
INSERT INTO "towns" VALUES(204,16,'Cedeño','2015-03-15 20:45:38','2015-03-15 20:45:38');
INSERT INTO "towns" VALUES(205,16,'Ezequiel Zamora','2015-03-15 20:45:38','2015-03-15 20:45:38');
INSERT INTO "towns" VALUES(206,16,'Libertador','2015-03-15 20:45:38','2015-03-15 20:45:38');
INSERT INTO "towns" VALUES(207,16,'Maturín','2015-03-15 20:45:38','2015-03-15 20:45:38');
INSERT INTO "towns" VALUES(208,16,'Piar','2015-03-15 20:45:38','2015-03-15 20:45:38');
INSERT INTO "towns" VALUES(209,16,'Punceres','2015-03-15 20:45:38','2015-03-15 20:45:38');
INSERT INTO "towns" VALUES(210,16,'Santa Bárbara','2015-03-15 20:45:38','2015-03-15 20:45:38');
INSERT INTO "towns" VALUES(211,16,'Sotillo','2015-03-15 20:45:38','2015-03-15 20:45:38');
INSERT INTO "towns" VALUES(212,16,'Uracoa','2015-03-15 20:45:38','2015-03-15 20:45:38');
INSERT INTO "towns" VALUES(213,17,'Antolín del Campo','2015-03-15 20:45:38','2015-03-15 20:45:38');
INSERT INTO "towns" VALUES(214,17,'Arismendi','2015-03-15 20:45:38','2015-03-15 20:45:38');
INSERT INTO "towns" VALUES(215,17,'Díaz','2015-03-15 20:45:38','2015-03-15 20:45:38');
INSERT INTO "towns" VALUES(216,17,'García','2015-03-15 20:45:38','2015-03-15 20:45:38');
INSERT INTO "towns" VALUES(217,17,'Gómez','2015-03-15 20:45:38','2015-03-15 20:45:38');
INSERT INTO "towns" VALUES(218,17,'Maneiro','2015-03-15 20:45:38','2015-03-15 20:45:38');
INSERT INTO "towns" VALUES(219,17,'Marcano','2015-03-15 20:45:38','2015-03-15 20:45:38');
INSERT INTO "towns" VALUES(220,17,'Mariño','2015-03-15 20:45:38','2015-03-15 20:45:38');
INSERT INTO "towns" VALUES(221,17,'Península de Macanao','2015-03-15 20:45:38','2015-03-15 20:45:38');
INSERT INTO "towns" VALUES(222,17,'Tubores','2015-03-15 20:45:38','2015-03-15 20:45:38');
INSERT INTO "towns" VALUES(223,17,'Villalba','2015-03-15 20:45:38','2015-03-15 20:45:38');
INSERT INTO "towns" VALUES(224,18,'Agua Blanca','2015-03-15 20:45:38','2015-03-15 20:45:38');
INSERT INTO "towns" VALUES(225,18,'Araure','2015-03-15 20:45:38','2015-03-15 20:45:38');
INSERT INTO "towns" VALUES(226,18,'Esteller','2015-03-15 20:45:38','2015-03-15 20:45:38');
INSERT INTO "towns" VALUES(227,18,'Guanare','2015-03-15 20:45:38','2015-03-15 20:45:38');
INSERT INTO "towns" VALUES(228,18,'Guanarito','2015-03-15 20:45:38','2015-03-15 20:45:38');
INSERT INTO "towns" VALUES(229,18,'Monseñor José Vicenti de Unda','2015-03-15 20:45:38','2015-03-15 20:45:38');
INSERT INTO "towns" VALUES(230,18,'Ospino','2015-03-15 20:45:38','2015-03-15 20:45:38');
INSERT INTO "towns" VALUES(231,18,'Páez','2015-03-15 20:45:38','2015-03-15 20:45:38');
INSERT INTO "towns" VALUES(232,18,'Papelón','2015-03-15 20:45:38','2015-03-15 20:45:38');
INSERT INTO "towns" VALUES(233,18,'San Genaro de Boconoíto','2015-03-15 20:45:38','2015-03-15 20:45:38');
INSERT INTO "towns" VALUES(234,18,'San Rafael de Onoto','2015-03-15 20:45:38','2015-03-15 20:45:38');
INSERT INTO "towns" VALUES(235,18,'Santa Rosalía','2015-03-15 20:45:38','2015-03-15 20:45:38');
INSERT INTO "towns" VALUES(236,18,'Sucre','2015-03-15 20:45:38','2015-03-15 20:45:38');
INSERT INTO "towns" VALUES(237,18,'Turén','2015-03-15 20:45:38','2015-03-15 20:45:38');
INSERT INTO "towns" VALUES(238,19,'Andrés Eloy Blanco19','2015-03-15 20:45:38','2015-03-15 20:45:38');
INSERT INTO "towns" VALUES(239,19,'Andrés Mata','2015-03-15 20:45:38','2015-03-15 20:45:38');
INSERT INTO "towns" VALUES(240,19,'Arismendi','2015-03-15 20:45:38','2015-03-15 20:45:38');
INSERT INTO "towns" VALUES(241,19,'Benítez','2015-03-15 20:45:38','2015-03-15 20:45:38');
INSERT INTO "towns" VALUES(242,19,'Beremúdez','2015-03-15 20:45:38','2015-03-15 20:45:38');
INSERT INTO "towns" VALUES(243,19,'Bolívar','2015-03-15 20:45:38','2015-03-15 20:45:38');
INSERT INTO "towns" VALUES(244,19,'Cagigal','2015-03-15 20:45:38','2015-03-15 20:45:38');
INSERT INTO "towns" VALUES(245,19,'Cruz Salmerón Acosta','2015-03-15 20:45:38','2015-03-15 20:45:38');
INSERT INTO "towns" VALUES(246,19,'Libertador','2015-03-15 20:45:38','2015-03-15 20:45:38');
INSERT INTO "towns" VALUES(247,19,'Mariño','2015-03-15 20:45:38','2015-03-15 20:45:38');
INSERT INTO "towns" VALUES(248,19,'Mejía','2015-03-15 20:45:38','2015-03-15 20:45:38');
INSERT INTO "towns" VALUES(249,19,'Montes','2015-03-15 20:45:38','2015-03-15 20:45:38');
INSERT INTO "towns" VALUES(250,19,'Ribero','2015-03-15 20:45:38','2015-03-15 20:45:38');
INSERT INTO "towns" VALUES(251,19,'Sucre','2015-03-15 20:45:38','2015-03-15 20:45:38');
INSERT INTO "towns" VALUES(252,19,'Valdez','2015-03-15 20:45:38','2015-03-15 20:45:38');
INSERT INTO "towns" VALUES(253,20,'Andrés Bello','2015-03-15 20:45:38','2015-03-15 20:45:38');
INSERT INTO "towns" VALUES(254,20,'Antonio Rómulo Costa','2015-03-15 20:45:38','2015-03-15 20:45:38');
INSERT INTO "towns" VALUES(255,20,'Ayacucho','2015-03-15 20:45:38','2015-03-15 20:45:38');
INSERT INTO "towns" VALUES(256,20,'Bolívar','2015-03-15 20:45:38','2015-03-15 20:45:38');
INSERT INTO "towns" VALUES(257,20,'Cárdenas','2015-03-15 20:45:38','2015-03-15 20:45:38');
INSERT INTO "towns" VALUES(258,20,'Córdova','2015-03-15 20:45:38','2015-03-15 20:45:38');
INSERT INTO "towns" VALUES(259,20,'Fernández Feo','2015-03-15 20:45:38','2015-03-15 20:45:38');
INSERT INTO "towns" VALUES(260,20,'Francisco de Miranda','2015-03-15 20:45:38','2015-03-15 20:45:38');
INSERT INTO "towns" VALUES(261,20,'García de Hevia','2015-03-15 20:45:38','2015-03-15 20:45:38');
INSERT INTO "towns" VALUES(262,20,'Guásimos','2015-03-15 20:45:38','2015-03-15 20:45:38');
INSERT INTO "towns" VALUES(263,20,'Independencia','2015-03-15 20:45:38','2015-03-15 20:45:38');
INSERT INTO "towns" VALUES(264,20,'Jáuregui','2015-03-15 20:45:38','2015-03-15 20:45:38');
INSERT INTO "towns" VALUES(265,20,'José María Vargas','2015-03-15 20:45:38','2015-03-15 20:45:38');
INSERT INTO "towns" VALUES(266,20,'Junín','2015-03-15 20:45:38','2015-03-15 20:45:38');
INSERT INTO "towns" VALUES(267,20,'Libertad','2015-03-15 20:45:38','2015-03-15 20:45:38');
INSERT INTO "towns" VALUES(268,20,'Libertador','2015-03-15 20:45:38','2015-03-15 20:45:38');
INSERT INTO "towns" VALUES(269,20,'Lobatera','2015-03-15 20:45:38','2015-03-15 20:45:38');
INSERT INTO "towns" VALUES(270,20,'Michelena','2015-03-15 20:45:38','2015-03-15 20:45:38');
INSERT INTO "towns" VALUES(271,20,'Panamericano','2015-03-15 20:45:38','2015-03-15 20:45:38');
INSERT INTO "towns" VALUES(272,20,'Pedro María Ureña','2015-03-15 20:45:38','2015-03-15 20:45:38');
INSERT INTO "towns" VALUES(273,20,'Rafael Urdaneta','2015-03-15 20:45:38','2015-03-15 20:45:38');
INSERT INTO "towns" VALUES(274,20,'Samuel Darío Maldonado','2015-03-15 20:45:38','2015-03-15 20:45:38');
INSERT INTO "towns" VALUES(275,20,'San Cristóbal','2015-03-15 20:45:38','2015-03-15 20:45:38');
INSERT INTO "towns" VALUES(276,20,'Seboruco','2015-03-15 20:45:38','2015-03-15 20:45:38');
INSERT INTO "towns" VALUES(277,20,'Simón Rodríguez','2015-03-15 20:45:38','2015-03-15 20:45:38');
INSERT INTO "towns" VALUES(278,20,'Sucre','2015-03-15 20:45:38','2015-03-15 20:45:38');
INSERT INTO "towns" VALUES(279,20,'Torbes','2015-03-15 20:45:38','2015-03-15 20:45:38');
INSERT INTO "towns" VALUES(280,20,'Uribante','2015-03-15 20:45:38','2015-03-15 20:45:38');
INSERT INTO "towns" VALUES(281,20,'San Judas Tadeo','2015-03-15 20:45:38','2015-03-15 20:45:38');
INSERT INTO "towns" VALUES(282,21,'Andrés Bello','2015-03-15 20:45:38','2015-03-15 20:45:38');
INSERT INTO "towns" VALUES(283,21,'Boconó','2015-03-15 20:45:38','2015-03-15 20:45:38');
INSERT INTO "towns" VALUES(284,21,'Bolívar','2015-03-15 20:45:38','2015-03-15 20:45:38');
INSERT INTO "towns" VALUES(285,21,'Candelaria','2015-03-15 20:45:38','2015-03-15 20:45:38');
INSERT INTO "towns" VALUES(286,21,'Carache','2015-03-15 20:45:38','2015-03-15 20:45:38');
INSERT INTO "towns" VALUES(287,21,'Escuque','2015-03-15 20:45:38','2015-03-15 20:45:38');
INSERT INTO "towns" VALUES(288,21,'José Felipe Márquez Cañizalez','2015-03-15 20:45:38','2015-03-15 20:45:38');
INSERT INTO "towns" VALUES(289,21,'Juan Vicente Campos Elías','2015-03-15 20:45:38','2015-03-15 20:45:38');
INSERT INTO "towns" VALUES(290,21,'La Ceiba','2015-03-15 20:45:38','2015-03-15 20:45:38');
INSERT INTO "towns" VALUES(291,21,'Miranda','2015-03-15 20:45:38','2015-03-15 20:45:38');
INSERT INTO "towns" VALUES(292,21,'Monte Carmelo','2015-03-15 20:45:38','2015-03-15 20:45:38');
INSERT INTO "towns" VALUES(293,21,'Motatán','2015-03-15 20:45:38','2015-03-15 20:45:38');
INSERT INTO "towns" VALUES(294,21,'Pampán','2015-03-15 20:45:38','2015-03-15 20:45:38');
INSERT INTO "towns" VALUES(295,21,'Pampanito','2015-03-15 20:45:38','2015-03-15 20:45:38');
INSERT INTO "towns" VALUES(296,21,'Rafael Rangel','2015-03-15 20:45:38','2015-03-15 20:45:38');
INSERT INTO "towns" VALUES(297,21,'San Rafael de Carvajal','2015-03-15 20:45:38','2015-03-15 20:45:38');
INSERT INTO "towns" VALUES(298,21,'Sucre','2015-03-15 20:45:38','2015-03-15 20:45:38');
INSERT INTO "towns" VALUES(299,21,'Trujillo','2015-03-15 20:45:38','2015-03-15 20:45:38');
INSERT INTO "towns" VALUES(300,21,'Urdaneta','2015-03-15 20:45:38','2015-03-15 20:45:38');
INSERT INTO "towns" VALUES(301,21,'Valera','2015-03-15 20:45:38','2015-03-15 20:45:38');
INSERT INTO "towns" VALUES(302,22,'Veroes','2015-03-15 20:45:38','2015-03-15 20:45:38');
INSERT INTO "towns" VALUES(303,22,'Arístides Bastidas','2015-03-15 20:45:38','2015-03-15 20:45:38');
INSERT INTO "towns" VALUES(304,22,'Bolívar','2015-03-15 20:45:38','2015-03-15 20:45:38');
INSERT INTO "towns" VALUES(305,22,'Bruzal','2015-03-15 20:45:38','2015-03-15 20:45:38');
INSERT INTO "towns" VALUES(306,22,'Cocorote','2015-03-15 20:45:38','2015-03-15 20:45:38');
INSERT INTO "towns" VALUES(307,22,'Independencia','2015-03-15 20:45:38','2015-03-15 20:45:38');
INSERT INTO "towns" VALUES(308,22,'José Antonio Páez','2015-03-15 20:45:38','2015-03-15 20:45:38');
INSERT INTO "towns" VALUES(309,22,'La Trinidad','2015-03-15 20:45:38','2015-03-15 20:45:38');
INSERT INTO "towns" VALUES(310,22,'Manuel Monge','2015-03-15 20:45:38','2015-03-15 20:45:38');
INSERT INTO "towns" VALUES(311,22,'Nirgua','2015-03-15 20:45:38','2015-03-15 20:45:38');
INSERT INTO "towns" VALUES(312,22,'Peña','2015-03-15 20:45:38','2015-03-15 20:45:38');
INSERT INTO "towns" VALUES(313,22,'San Felipe','2015-03-15 20:45:38','2015-03-15 20:45:38');
INSERT INTO "towns" VALUES(314,22,'Sucre','2015-03-15 20:45:38','2015-03-15 20:45:38');
INSERT INTO "towns" VALUES(315,22,'Urachiche','2015-03-15 20:45:38','2015-03-15 20:45:38');
INSERT INTO "towns" VALUES(316,24,'Almirante Padilla','2015-03-15 20:45:38','2015-03-15 20:45:38');
INSERT INTO "towns" VALUES(317,24,'Baralt','2015-03-15 20:45:38','2015-03-15 20:45:38');
INSERT INTO "towns" VALUES(318,24,'Cabimas','2015-03-15 20:45:38','2015-03-15 20:45:38');
INSERT INTO "towns" VALUES(319,24,'Catatumbo','2015-03-15 20:45:38','2015-03-15 20:45:38');
INSERT INTO "towns" VALUES(320,24,'Colón','2015-03-15 20:45:38','2015-03-15 20:45:38');
INSERT INTO "towns" VALUES(321,24,'Francisco Javier Pulgar','2015-03-15 20:45:38','2015-03-15 20:45:38');
INSERT INTO "towns" VALUES(322,24,'Jesús Enrique Losada','2015-03-15 20:45:38','2015-03-15 20:45:38');
INSERT INTO "towns" VALUES(323,24,'La Cañada de Urdaneta','2015-03-15 20:45:38','2015-03-15 20:45:38');
INSERT INTO "towns" VALUES(324,24,'Lagunillas','2015-03-15 20:45:38','2015-03-15 20:45:38');
INSERT INTO "towns" VALUES(325,24,'Machiques de Perijá','2015-03-15 20:45:38','2015-03-15 20:45:38');
INSERT INTO "towns" VALUES(326,24,'Mara','2015-03-15 20:45:38','2015-03-15 20:45:38');
INSERT INTO "towns" VALUES(327,24,'Maracaibo','2015-03-15 20:45:38','2015-03-15 20:45:38');
INSERT INTO "towns" VALUES(328,24,'Miranda','2015-03-15 20:45:38','2015-03-15 20:45:38');
INSERT INTO "towns" VALUES(329,24,'Páez','2015-03-15 20:45:38','2015-03-15 20:45:38');
INSERT INTO "towns" VALUES(330,24,'Rosario de Perijá','2015-03-15 20:45:38','2015-03-15 20:45:38');
INSERT INTO "towns" VALUES(331,24,'San Francisco','2015-03-15 20:45:38','2015-03-15 20:45:38');
INSERT INTO "towns" VALUES(332,24,'Santa Rita','2015-03-15 20:45:38','2015-03-15 20:45:38');
INSERT INTO "towns" VALUES(333,24,'Simón Bolívar','2015-03-15 20:45:38','2015-03-15 20:45:38');
INSERT INTO "towns" VALUES(334,24,'Sucre','2015-03-15 20:45:38','2015-03-15 20:45:38');
INSERT INTO "towns" VALUES(335,24,'Valmore Rodríguez','2015-03-15 20:45:38','2015-03-15 20:45:38');
INSERT INTO "towns" VALUES(336,24,'Jesús María Semprún','2015-03-15 20:45:38','2015-03-15 20:45:38');
CREATE TABLE "parishes" ("id" integer not null primary key autoincrement, "town_id" integer not null, "description" varchar not null, "created_at" datetime not null, "updated_at" datetime not null, foreign key("town_id") references "towns"("id"));
INSERT INTO "parishes" VALUES(1,1,'Altagracia','2015-03-15 20:45:38','2015-03-15 20:45:38');
INSERT INTO "parishes" VALUES(2,1,'Antímano','2015-03-15 20:45:38','2015-03-15 20:45:38');
INSERT INTO "parishes" VALUES(3,1,'Caricuao','2015-03-15 20:45:38','2015-03-15 20:45:38');
INSERT INTO "parishes" VALUES(4,1,'Catedral','2015-03-15 20:45:38','2015-03-15 20:45:38');
INSERT INTO "parishes" VALUES(5,1,'Coche','2015-03-15 20:45:38','2015-03-15 20:45:38');
INSERT INTO "parishes" VALUES(6,1,'El Junquito','2015-03-15 20:45:38','2015-03-15 20:45:38');
INSERT INTO "parishes" VALUES(7,1,'El paraíso','2015-03-15 20:45:38','2015-03-15 20:45:38');
INSERT INTO "parishes" VALUES(8,1,'El Recreo','2015-03-15 20:45:38','2015-03-15 20:45:38');
INSERT INTO "parishes" VALUES(9,1,'El Valle','2015-03-15 20:45:38','2015-03-15 20:45:38');
INSERT INTO "parishes" VALUES(10,1,'La Candelaria','2015-03-15 20:45:38','2015-03-15 20:45:38');
INSERT INTO "parishes" VALUES(11,1,'La Pastora','2015-03-15 20:45:38','2015-03-15 20:45:38');
INSERT INTO "parishes" VALUES(12,1,'La Vega','2015-03-15 20:45:38','2015-03-15 20:45:38');
INSERT INTO "parishes" VALUES(13,1,'Macarao','2015-03-15 20:45:38','2015-03-15 20:45:38');
INSERT INTO "parishes" VALUES(14,1,'San Agustín','2015-03-15 20:45:38','2015-03-15 20:45:38');
INSERT INTO "parishes" VALUES(15,1,'San Bernardino','2015-03-15 20:45:38','2015-03-15 20:45:38');
INSERT INTO "parishes" VALUES(16,1,'San José','2015-03-15 20:45:38','2015-03-15 20:45:38');
INSERT INTO "parishes" VALUES(17,1,'San Juan','2015-03-15 20:45:38','2015-03-15 20:45:38');
INSERT INTO "parishes" VALUES(18,1,'Santa Rosalia','2015-03-15 20:45:38','2015-03-15 20:45:38');
INSERT INTO "parishes" VALUES(19,1,'Santa Teresa','2015-03-15 20:45:38','2015-03-15 20:45:38');
INSERT INTO "parishes" VALUES(20,1,'Sucre','2015-03-15 20:45:38','2015-03-15 20:45:38');
INSERT INTO "parishes" VALUES(21,1,'23 de enero','2015-03-15 20:45:38','2015-03-15 20:45:38');
INSERT INTO "parishes" VALUES(22,1,'San Pedro','2015-03-15 20:45:38','2015-03-15 20:45:38');
INSERT INTO "parishes" VALUES(23,2,'El Cafetal','2015-03-15 20:45:38','2015-03-15 20:45:38');
INSERT INTO "parishes" VALUES(24,2,'Las minas de Baruta','2015-03-15 20:45:38','2015-03-15 20:45:38');
INSERT INTO "parishes" VALUES(25,2,'Nuestra Señora del Rosario','2015-03-15 20:45:38','2015-03-15 20:45:38');
INSERT INTO "parishes" VALUES(26,3,'Chacao','2015-03-15 20:45:38','2015-03-15 20:45:38');
INSERT INTO "parishes" VALUES(27,4,'Petare','2015-03-15 20:45:38','2015-03-15 20:45:38');
INSERT INTO "parishes" VALUES(28,4,'Leoncio Martinez','2015-03-15 20:45:38','2015-03-15 20:45:38');
INSERT INTO "parishes" VALUES(29,4,'La Dolorita','2015-03-15 20:45:38','2015-03-15 20:45:38');
INSERT INTO "parishes" VALUES(30,4,'Caucaguita','2015-03-15 20:45:38','2015-03-15 20:45:38');
INSERT INTO "parishes" VALUES(31,4,'Filas de Mariche','2015-03-15 20:45:38','2015-03-15 20:45:38');
INSERT INTO "parishes" VALUES(32,6,'Araguita','2015-03-15 20:45:38','2015-03-15 20:45:38');
INSERT INTO "parishes" VALUES(33,6,'Arevalo Gonzalez','2015-03-15 20:45:38','2015-03-15 20:45:38');
INSERT INTO "parishes" VALUES(34,6,'Capaya','2015-03-15 20:45:38','2015-03-15 20:45:38');
INSERT INTO "parishes" VALUES(35,6,'Caucagua','2015-03-15 20:45:38','2015-03-15 20:45:38');
INSERT INTO "parishes" VALUES(36,6,'El Cafe','2015-03-15 20:45:38','2015-03-15 20:45:38');
INSERT INTO "parishes" VALUES(37,6,'Marizapa','2015-03-15 20:45:38','2015-03-15 20:45:38');
INSERT INTO "parishes" VALUES(38,6,'Panaquire','2015-03-15 20:45:38','2015-03-15 20:45:38');
INSERT INTO "parishes" VALUES(39,6,'Ribas','2015-03-15 20:45:38','2015-03-15 20:45:38');
INSERT INTO "parishes" VALUES(40,7,'Cumbo','2015-03-15 20:45:38','2015-03-15 20:45:38');
INSERT INTO "parishes" VALUES(41,7,'San Jose Barlovento','2015-03-15 20:45:38','2015-03-15 20:45:38');
INSERT INTO "parishes" VALUES(42,8,'Curiepe','2015-03-15 20:45:38','2015-03-15 20:45:38');
INSERT INTO "parishes" VALUES(43,8,'Higuerote','2015-03-15 20:45:38','2015-03-15 20:45:38');
INSERT INTO "parishes" VALUES(44,8,'Tacarigua','2015-03-15 20:45:38','2015-03-15 20:45:38');
INSERT INTO "parishes" VALUES(45,9,'Mamporal','2015-03-15 20:45:38','2015-03-15 20:45:38');
INSERT INTO "parishes" VALUES(46,10,'Carrizal','2015-03-15 20:45:38','2015-03-15 20:45:38');
INSERT INTO "parishes" VALUES(47,11,'Charallave','2015-03-15 20:45:38','2015-03-15 20:45:38');
INSERT INTO "parishes" VALUES(48,11,'Las Brisas','2015-03-15 20:45:38','2015-03-15 20:45:38');
INSERT INTO "parishes" VALUES(49,12,'Altagracia de la M','2015-03-15 20:45:38','2015-03-15 20:45:38');
INSERT INTO "parishes" VALUES(50,12,'Cecilio Acosta','2015-03-15 20:45:38','2015-03-15 20:45:38');
INSERT INTO "parishes" VALUES(51,12,'El Jarillo','2015-03-15 20:45:38','2015-03-15 20:45:38');
INSERT INTO "parishes" VALUES(52,12,'Los Teques','2015-03-15 20:45:38','2015-03-15 20:45:38');
INSERT INTO "parishes" VALUES(53,12,'Paracotos','2015-03-15 20:45:38','2015-03-15 20:45:38');
INSERT INTO "parishes" VALUES(54,12,'San Pedro','2015-03-15 20:45:38','2015-03-15 20:45:38');
INSERT INTO "parishes" VALUES(55,12,'Tacata','2015-03-15 20:45:38','2015-03-15 20:45:38');
INSERT INTO "parishes" VALUES(56,13,'El Cartanal','2015-03-15 20:45:38','2015-03-15 20:45:38');
INSERT INTO "parishes" VALUES(57,13,'Sta Teresa del Tuy','2015-03-15 20:45:38','2015-03-15 20:45:38');
INSERT INTO "parishes" VALUES(58,14,'La Democracia','2015-03-15 20:45:38','2015-03-15 20:45:38');
INSERT INTO "parishes" VALUES(59,14,'Ocumare del Tuy','2015-03-15 20:45:38','2015-03-15 20:45:38');
INSERT INTO "parishes" VALUES(60,14,'Santa Barbara','2015-03-15 20:45:38','2015-03-15 20:45:38');
INSERT INTO "parishes" VALUES(61,15,'San Antonio de los altos','2015-03-15 20:45:38','2015-03-15 20:45:38');
INSERT INTO "parishes" VALUES(62,16,'El Guapo','2015-03-15 20:45:38','2015-03-15 20:45:38');
INSERT INTO "parishes" VALUES(63,16,'Paparo','2015-03-15 20:45:38','2015-03-15 20:45:38');
INSERT INTO "parishes" VALUES(64,16,'Tacarigua de la laguna','2015-03-15 20:45:38','2015-03-15 20:45:38');
INSERT INTO "parishes" VALUES(65,16,'Rio Chico','2015-03-15 20:45:38','2015-03-15 20:45:38');
INSERT INTO "parishes" VALUES(66,16,'San Fernardo del Guapo','2015-03-15 20:45:38','2015-03-15 20:45:38');
INSERT INTO "parishes" VALUES(67,17,'Santa Lucia','2015-03-15 20:45:38','2015-03-15 20:45:38');
INSERT INTO "parishes" VALUES(68,18,'Cupira','2015-03-15 20:45:38','2015-03-15 20:45:38');
INSERT INTO "parishes" VALUES(69,18,'Machurucuto','2015-03-15 20:45:38','2015-03-15 20:45:38');
INSERT INTO "parishes" VALUES(70,19,'Guarenas','2015-03-15 20:45:38','2015-03-15 20:45:38');
INSERT INTO "parishes" VALUES(71,20,'San Francisco de Yare','2015-03-15 20:45:38','2015-03-15 20:45:38');
INSERT INTO "parishes" VALUES(72,20,'San Antonio de Yare','2015-03-15 20:45:38','2015-03-15 20:45:38');
INSERT INTO "parishes" VALUES(73,21,'Cua','2015-03-15 20:45:38','2015-03-15 20:45:38');
INSERT INTO "parishes" VALUES(74,21,'Nueva Cua','2015-03-15 20:45:38','2015-03-15 20:45:38');
INSERT INTO "parishes" VALUES(75,22,'Bolivar','2015-03-15 20:45:38','2015-03-15 20:45:38');
INSERT INTO "parishes" VALUES(76,22,'Guatire','2015-03-15 20:45:38','2015-03-15 20:45:38');
INSERT INTO "parishes" VALUES(77,23,'Caraballeda','2015-03-15 20:45:38','2015-03-15 20:45:38');
INSERT INTO "parishes" VALUES(78,23,'Carayaca','2015-03-15 20:45:38','2015-03-15 20:45:38');
INSERT INTO "parishes" VALUES(79,23,'Carlos Soublette','2015-03-15 20:45:38','2015-03-15 20:45:38');
INSERT INTO "parishes" VALUES(80,23,'Caruao','2015-03-15 20:45:38','2015-03-15 20:45:38');
INSERT INTO "parishes" VALUES(81,23,'Catia la mar','2015-03-15 20:45:38','2015-03-15 20:45:38');
INSERT INTO "parishes" VALUES(82,23,'El Junko','2015-03-15 20:45:38','2015-03-15 20:45:38');
INSERT INTO "parishes" VALUES(83,23,'La Guaira','2015-03-15 20:45:38','2015-03-15 20:45:38');
INSERT INTO "parishes" VALUES(84,23,'Macuto','2015-03-15 20:45:38','2015-03-15 20:45:38');
INSERT INTO "parishes" VALUES(85,23,'Maiquetia','2015-03-15 20:45:38','2015-03-15 20:45:38');
INSERT INTO "parishes" VALUES(86,23,'Naiguata','2015-03-15 20:45:38','2015-03-15 20:45:38');
INSERT INTO "parishes" VALUES(87,23,'Urimare','2015-03-15 20:45:38','2015-03-15 20:45:38');
INSERT INTO "parishes" VALUES(88,24,'Camaguan','2015-03-15 20:45:38','2015-03-15 20:45:38');
INSERT INTO "parishes" VALUES(89,24,'Puerto Miranda','2015-03-15 20:45:38','2015-03-15 20:45:38');
INSERT INTO "parishes" VALUES(90,24,'Uverito','2015-03-15 20:45:38','2015-03-15 20:45:38');
INSERT INTO "parishes" VALUES(91,25,'Chaguaramas','2015-03-15 20:45:38','2015-03-15 20:45:38');
INSERT INTO "parishes" VALUES(92,26,'El Socorro','2015-03-15 20:45:38','2015-03-15 20:45:38');
INSERT INTO "parishes" VALUES(93,27,'Calabozo','2015-03-15 20:45:38','2015-03-15 20:45:38');
INSERT INTO "parishes" VALUES(94,27,'El Calvario','2015-03-15 20:45:38','2015-03-15 20:45:38');
INSERT INTO "parishes" VALUES(95,27,'El rastro','2015-03-15 20:45:38','2015-03-15 20:45:38');
INSERT INTO "parishes" VALUES(96,27,'Guardatinajas','2015-03-15 20:45:38','2015-03-15 20:45:38');
INSERT INTO "parishes" VALUES(97,28,'San Rafael de Laya','2015-03-15 20:45:38','2015-03-15 20:45:38');
INSERT INTO "parishes" VALUES(98,28,'Tucupido','2015-03-15 20:45:38','2015-03-15 20:45:38');
INSERT INTO "parishes" VALUES(99,29,'Altagracia de Orituco','2015-03-15 20:45:38','2015-03-15 20:45:38');
INSERT INTO "parishes" VALUES(100,29,'Lezama','2015-03-15 20:45:38','2015-03-15 20:45:38');
INSERT INTO "parishes" VALUES(101,29,'Libertad de Orituco','2015-03-15 20:45:38','2015-03-15 20:45:38');
INSERT INTO "parishes" VALUES(102,29,'Paso real de Macaira','2015-03-15 20:45:38','2015-03-15 20:45:38');
INSERT INTO "parishes" VALUES(103,29,'San Fco de Macaira','2015-03-15 20:45:38','2015-03-15 20:45:38');
INSERT INTO "parishes" VALUES(104,29,'San Rafael de Orituco','2015-03-15 20:45:38','2015-03-15 20:45:38');
INSERT INTO "parishes" VALUES(105,29,'Soublette','2015-03-15 20:45:38','2015-03-15 20:45:38');
INSERT INTO "parishes" VALUES(106,30,'Cantagallo','2015-03-15 20:45:38','2015-03-15 20:45:38');
INSERT INTO "parishes" VALUES(107,30,'Parapara','2015-03-15 20:45:38','2015-03-15 20:45:38');
INSERT INTO "parishes" VALUES(108,30,'San Juan de los Morros','2015-03-15 20:45:38','2015-03-15 20:45:38');
INSERT INTO "parishes" VALUES(109,31,'El Sombrero','2015-03-15 20:45:38','2015-03-15 20:45:38');
INSERT INTO "parishes" VALUES(110,31,'Sosa','2015-03-15 20:45:38','2015-03-15 20:45:38');
INSERT INTO "parishes" VALUES(111,32,'Cabruta','2015-03-15 20:45:38','2015-03-15 20:45:38');
INSERT INTO "parishes" VALUES(112,32,'Las Mercedes','2015-03-15 20:45:38','2015-03-15 20:45:38');
INSERT INTO "parishes" VALUES(113,32,'Santa Rita de Manapire','2015-03-15 20:45:38','2015-03-15 20:45:38');
INSERT INTO "parishes" VALUES(114,33,'Espino','2015-03-15 20:45:38','2015-03-15 20:45:38');
INSERT INTO "parishes" VALUES(115,33,'Valle de la Pascua','2015-03-15 20:45:38','2015-03-15 20:45:38');
INSERT INTO "parishes" VALUES(116,34,'Ortiz','2015-03-15 20:45:38','2015-03-15 20:45:38');
INSERT INTO "parishes" VALUES(117,34,'Sn Fco de Tiznados','2015-03-15 20:45:38','2015-03-15 20:45:38');
INSERT INTO "parishes" VALUES(118,34,'San Jose de Tiznados','2015-03-15 20:45:38','2015-03-15 20:45:38');
INSERT INTO "parishes" VALUES(119,34,'Sn Lorenzo de tiznados','2015-03-15 20:45:38','2015-03-15 20:45:38');
INSERT INTO "parishes" VALUES(120,35,'San Jose de Unare','2015-03-15 20:45:38','2015-03-15 20:45:38');
INSERT INTO "parishes" VALUES(121,35,'Zaraza','2015-03-15 20:45:38','2015-03-15 20:45:38');
INSERT INTO "parishes" VALUES(122,36,'Cazorla','2015-03-15 20:45:38','2015-03-15 20:45:38');
INSERT INTO "parishes" VALUES(123,36,'Guayabal','2015-03-15 20:45:38','2015-03-15 20:45:38');
INSERT INTO "parishes" VALUES(124,37,'San Jose de Guaribe','2015-03-15 20:45:38','2015-03-15 20:45:38');
INSERT INTO "parishes" VALUES(125,38,'Altamira','2015-03-15 20:45:38','2015-03-15 20:45:38');
INSERT INTO "parishes" VALUES(126,38,'Santa Maria de Ipire','2015-03-15 20:45:38','2015-03-15 20:45:38');
INSERT INTO "parishes" VALUES(127,39,'San Mateo','2015-03-15 20:45:38','2015-03-15 20:45:38');
INSERT INTO "parishes" VALUES(128,41,'Carmen de Cura','2015-03-15 20:45:38','2015-03-15 20:45:38');
INSERT INTO "parishes" VALUES(129,41,'Camatagua','2015-03-15 20:45:38','2015-03-15 20:45:38');
INSERT INTO "parishes" VALUES(130,42,'Santa Rita','2015-03-15 20:45:38','2015-03-15 20:45:38');
INSERT INTO "parishes" VALUES(131,42,'Francisco de Miranda','2015-03-15 20:45:38','2015-03-15 20:45:38');
INSERT INTO "parishes" VALUES(132,42,'Mons Feliciano','2015-03-15 20:45:38','2015-03-15 20:45:38');
INSERT INTO "parishes" VALUES(133,43,'Andres Eloy Blanco','2015-03-15 20:45:38','2015-03-15 20:45:38');
INSERT INTO "parishes" VALUES(134,43,'Choroni','2015-03-15 20:45:38','2015-03-15 20:45:38');
INSERT INTO "parishes" VALUES(135,43,'Joaquin Crespo','2015-03-15 20:45:38','2015-03-15 20:45:38');
INSERT INTO "parishes" VALUES(136,43,'Jose Casanova Godoy','2015-03-15 20:45:38','2015-03-15 20:45:38');
INSERT INTO "parishes" VALUES(137,43,'Las Delicias','2015-03-15 20:45:38','2015-03-15 20:45:38');
INSERT INTO "parishes" VALUES(138,43,'Los Tacariguas','2015-03-15 20:45:38','2015-03-15 20:45:38');
INSERT INTO "parishes" VALUES(139,43,'Madre Ma de San Jose','2015-03-15 20:45:38','2015-03-15 20:45:38');
INSERT INTO "parishes" VALUES(140,43,'Pedro Jose Ovalies','2015-03-15 20:45:38','2015-03-15 20:45:38');
INSERT INTO "parishes" VALUES(141,44,'Santa Cruz','2015-03-15 20:45:38','2015-03-15 20:45:38');
INSERT INTO "parishes" VALUES(142,45,'Castor Nieves Rios','2015-03-15 20:45:38','2015-03-15 20:45:38');
INSERT INTO "parishes" VALUES(143,45,'La Victoria','2015-03-15 20:45:38','2015-03-15 20:45:38');
INSERT INTO "parishes" VALUES(144,45,'Las Guacamayas','2015-03-15 20:45:38','2015-03-15 20:45:38');
INSERT INTO "parishes" VALUES(145,45,'Pao de Zarate','2015-03-15 20:45:38','2015-03-15 20:45:38');
INSERT INTO "parishes" VALUES(146,45,'Zuata','2015-03-15 20:45:38','2015-03-15 20:45:38');
INSERT INTO "parishes" VALUES(147,46,'El Consejo','2015-03-15 20:45:38','2015-03-15 20:45:38');
INSERT INTO "parishes" VALUES(148,47,'Palo Negro','2015-03-15 20:45:38','2015-03-15 20:45:38');
INSERT INTO "parishes" VALUES(149,47,'Martin de Porres','2015-03-15 20:45:38','2015-03-15 20:45:38');
INSERT INTO "parishes" VALUES(150,48,'Ca de Azucar','2015-03-15 20:45:38','2015-03-15 20:45:38');
INSERT INTO "parishes" VALUES(151,48,'El Limon','2015-03-15 20:45:38','2015-03-15 20:45:38');
INSERT INTO "parishes" VALUES(152,49,'Ocumare de la costa','2015-03-15 20:45:38','2015-03-15 20:45:38');
INSERT INTO "parishes" VALUES(153,50,'San Casimiro','2015-03-15 20:45:38','2015-03-15 20:45:38');
INSERT INTO "parishes" VALUES(154,50,'Guiripa','2015-03-15 20:45:38','2015-03-15 20:45:38');
INSERT INTO "parishes" VALUES(155,50,'Ollas de Caramacate','2015-03-15 20:45:38','2015-03-15 20:45:38');
INSERT INTO "parishes" VALUES(156,50,'Valle Morin','2015-03-15 20:45:38','2015-03-15 20:45:38');
INSERT INTO "parishes" VALUES(157,51,'San Sebastian','2015-03-15 20:45:38','2015-03-15 20:45:38');
INSERT INTO "parishes" VALUES(158,52,'Alfredo Pacheco','2015-03-15 20:45:38','2015-03-15 20:45:38');
INSERT INTO "parishes" VALUES(159,52,'Arevalo Aponte','2015-03-15 20:45:38','2015-03-15 20:45:38');
INSERT INTO "parishes" VALUES(160,52,'Chuao','2015-03-15 20:45:38','2015-03-15 20:45:38');
INSERT INTO "parishes" VALUES(161,52,'Turumero','2015-03-15 20:45:38','2015-03-15 20:45:38');
INSERT INTO "parishes" VALUES(162,52,'Saman de Guere','2015-03-15 20:45:38','2015-03-15 20:45:38');
INSERT INTO "parishes" VALUES(163,53,'Las Tejerias','2015-03-15 20:45:38','2015-03-15 20:45:38');
INSERT INTO "parishes" VALUES(164,53,'Tiara','2015-03-15 20:45:38','2015-03-15 20:45:38');
INSERT INTO "parishes" VALUES(165,54,'Bella Vista','2015-03-15 20:45:38','2015-03-15 20:45:38');
INSERT INTO "parishes" VALUES(166,54,'Cagua','2015-03-15 20:45:38','2015-03-15 20:45:38');
INSERT INTO "parishes" VALUES(167,55,'Colonia Tovar','2015-03-15 20:45:38','2015-03-15 20:45:38');
INSERT INTO "parishes" VALUES(168,56,'Barbacoas','2015-03-15 20:45:38','2015-03-15 20:45:38');
INSERT INTO "parishes" VALUES(169,56,'Las Peñitas','2015-03-15 20:45:38','2015-03-15 20:45:38');
INSERT INTO "parishes" VALUES(170,56,'San Francisco de Cara','2015-03-15 20:45:38','2015-03-15 20:45:38');
INSERT INTO "parishes" VALUES(171,56,'Taguay','2015-03-15 20:45:38','2015-03-15 20:45:38');
INSERT INTO "parishes" VALUES(172,57,'Augusto Mijares','2015-03-15 20:45:38','2015-03-15 20:45:38');
INSERT INTO "parishes" VALUES(173,57,'Villa de cura','2015-03-15 20:45:38','2015-03-15 20:45:38');
INSERT INTO "parishes" VALUES(174,57,'Magdaleno','2015-03-15 20:45:38','2015-03-15 20:45:38');
INSERT INTO "parishes" VALUES(175,57,'Sam Francisco de Asis','2015-03-15 20:45:38','2015-03-15 20:45:38');
INSERT INTO "parishes" VALUES(176,57,'Valles de Tucutunemo','2015-03-15 20:45:38','2015-03-15 20:45:38');
INSERT INTO "parishes" VALUES(177,58,'Bejuma','2015-03-15 20:45:38','2015-03-15 20:45:38');
INSERT INTO "parishes" VALUES(178,58,'Canoabo','2015-03-15 20:45:38','2015-03-15 20:45:38');
INSERT INTO "parishes" VALUES(179,58,'Simon Bolivar','2015-03-15 20:45:38','2015-03-15 20:45:38');
INSERT INTO "parishes" VALUES(180,59,'Belen','2015-03-15 20:45:38','2015-03-15 20:45:38');
INSERT INTO "parishes" VALUES(181,59,'Guigue','2015-03-15 20:45:38','2015-03-15 20:45:38');
INSERT INTO "parishes" VALUES(182,59,'Tacarigua','2015-03-15 20:45:38','2015-03-15 20:45:38');
INSERT INTO "parishes" VALUES(183,60,'Agua Caliente','2015-03-15 20:45:38','2015-03-15 20:45:38');
INSERT INTO "parishes" VALUES(184,60,'Mariara','2015-03-15 20:45:38','2015-03-15 20:45:38');
INSERT INTO "parishes" VALUES(185,61,'Ciudad Alianza','2015-03-15 20:45:38','2015-03-15 20:45:38');
INSERT INTO "parishes" VALUES(186,61,'Guacara','2015-03-15 20:45:38','2015-03-15 20:45:38');
INSERT INTO "parishes" VALUES(187,61,'Yagua','2015-03-15 20:45:38','2015-03-15 20:45:38');
INSERT INTO "parishes" VALUES(188,62,'Moron','2015-03-15 20:45:38','2015-03-15 20:45:38');
INSERT INTO "parishes" VALUES(189,62,'Urama','2015-03-15 20:45:38','2015-03-15 20:45:38');
INSERT INTO "parishes" VALUES(190,63,'Independencia','2015-03-15 20:45:38','2015-03-15 20:45:38');
INSERT INTO "parishes" VALUES(191,63,'Tocuyito','2015-03-15 20:45:38','2015-03-15 20:45:38');
INSERT INTO "parishes" VALUES(192,64,'Los Guayos','2015-03-15 20:45:38','2015-03-15 20:45:38');
INSERT INTO "parishes" VALUES(193,65,'Miranda','2015-03-15 20:45:38','2015-03-15 20:45:38');
INSERT INTO "parishes" VALUES(194,66,'Montalban','2015-03-15 20:45:38','2015-03-15 20:45:38');
INSERT INTO "parishes" VALUES(195,67,'Naguanagua','2015-03-15 20:45:38','2015-03-15 20:45:38');
INSERT INTO "parishes" VALUES(196,68,'Bartolome Salom','2015-03-15 20:45:38','2015-03-15 20:45:38');
INSERT INTO "parishes" VALUES(197,68,'Borburata','2015-03-15 20:45:38','2015-03-15 20:45:38');
INSERT INTO "parishes" VALUES(198,68,'Democracia','2015-03-15 20:45:38','2015-03-15 20:45:38');
INSERT INTO "parishes" VALUES(199,68,'Fraternidad','2015-03-15 20:45:38','2015-03-15 20:45:38');
INSERT INTO "parishes" VALUES(200,68,'Goaigoaza','2015-03-15 20:45:38','2015-03-15 20:45:38');
INSERT INTO "parishes" VALUES(201,68,'Juan Jose Flores','2015-03-15 20:45:38','2015-03-15 20:45:38');
INSERT INTO "parishes" VALUES(202,68,'Patanemo','2015-03-15 20:45:38','2015-03-15 20:45:38');
INSERT INTO "parishes" VALUES(203,68,'Union','2015-03-15 20:45:38','2015-03-15 20:45:38');
INSERT INTO "parishes" VALUES(204,69,'San Diego','2015-03-15 20:45:38','2015-03-15 20:45:38');
INSERT INTO "parishes" VALUES(205,70,'San Joaquin','2015-03-15 20:45:38','2015-03-15 20:45:38');
INSERT INTO "parishes" VALUES(206,71,'Candelaria','2015-03-15 20:45:38','2015-03-15 20:45:38');
INSERT INTO "parishes" VALUES(207,71,'Catedral','2015-03-15 20:45:38','2015-03-15 20:45:38');
INSERT INTO "parishes" VALUES(208,71,'El Socorro','2015-03-15 20:45:38','2015-03-15 20:45:38');
INSERT INTO "parishes" VALUES(209,71,'Miguel Peña','2015-03-15 20:45:38','2015-03-15 20:45:38');
INSERT INTO "parishes" VALUES(210,71,'Negro Primero','2015-03-15 20:45:38','2015-03-15 20:45:38');
INSERT INTO "parishes" VALUES(211,71,'Rafael Urdaneta','2015-03-15 20:45:38','2015-03-15 20:45:38');
INSERT INTO "parishes" VALUES(212,71,'San Bias','2015-03-15 20:45:38','2015-03-15 20:45:38');
INSERT INTO "parishes" VALUES(213,71,'San Jose','2015-03-15 20:45:38','2015-03-15 20:45:38');
INSERT INTO "parishes" VALUES(214,71,'Santa Rosa','2015-03-15 20:45:38','2015-03-15 20:45:38');
INSERT INTO "parishes" VALUES(215,5,'El Hatillo','2015-03-15 20:45:38','2015-03-15 20:45:38');
INSERT INTO "parishes" VALUES(216,93,'Alto Orinoco La Esmeralda','2015-03-15 20:45:38','2015-03-15 20:45:38');
INSERT INTO "parishes" VALUES(217,93,'Huachamacare Acanaña','2015-03-15 20:45:38','2015-03-15 20:45:38');
INSERT INTO "parishes" VALUES(218,93,'Marawaka Toky Shamanaña','2015-03-15 20:45:38','2015-03-15 20:45:38');
INSERT INTO "parishes" VALUES(219,93,'Mavaka Mavaka','2015-03-15 20:45:38','2015-03-15 20:45:38');
INSERT INTO "parishes" VALUES(220,93,'Sierra Parima Parimabé','2015-03-15 20:45:38','2015-03-15 20:45:38');
INSERT INTO "parishes" VALUES(221,94,'Ucata Laja Lisa','2015-03-15 20:45:38','2015-03-15 20:45:38');
INSERT INTO "parishes" VALUES(222,94,'Yapacana Macuruco','2015-03-15 20:45:38','2015-03-15 20:45:38');
INSERT INTO "parishes" VALUES(223,94,'Caname Guarinuma','2015-03-15 20:45:38','2015-03-15 20:45:38');
INSERT INTO "parishes" VALUES(224,95,'Fernando Girón Tovar Puerto Ayacucho','2015-03-15 20:45:38','2015-03-15 20:45:38');
INSERT INTO "parishes" VALUES(225,95,'Luis Alberto Gómez Puerto Ayacucho','2015-03-15 20:45:38','2015-03-15 20:45:38');
INSERT INTO "parishes" VALUES(226,95,'Pahueña Limón de Parhueña','2015-03-15 20:45:38','2015-03-15 20:45:38');
INSERT INTO "parishes" VALUES(227,95,'Platanillal Platanillal','2015-03-15 20:45:38','2015-03-15 20:45:38');
INSERT INTO "parishes" VALUES(228,96,'Samariapo Samariapo','2015-03-15 20:45:38','2015-03-15 20:45:38');
INSERT INTO "parishes" VALUES(229,96,'Sipapo Pendare','2015-03-15 20:45:38','2015-03-15 20:45:38');
INSERT INTO "parishes" VALUES(230,96,'Munduapo Munduapo','2015-03-15 20:45:38','2015-03-15 20:45:38');
INSERT INTO "parishes" VALUES(231,96,'Guayapo San Pedro del Orinoco','2015-03-15 20:45:38','2015-03-15 20:45:38');
INSERT INTO "parishes" VALUES(232,97,'Alto Ventuari Cacurí','2015-03-15 20:45:38','2015-03-15 20:45:38');
INSERT INTO "parishes" VALUES(233,97,'Medio Ventuari Manami','2015-03-15 20:45:38','2015-03-15 20:45:38');
INSERT INTO "parishes" VALUES(234,97,'Ventuari Marueta','2015-03-15 20:45:38','2015-03-15 20:45:38');
INSERT INTO "parishes" VALUES(235,98,'Victorino','2015-03-15 20:45:38','2015-03-15 20:45:38');
INSERT INTO "parishes" VALUES(236,98,'Comunidad','2015-03-15 20:45:38','2015-03-15 20:45:38');
INSERT INTO "parishes" VALUES(237,99,'Casiquiare Curimacare','2015-03-15 20:45:38','2015-03-15 20:45:38');
INSERT INTO "parishes" VALUES(238,99,'Cucuy','2015-03-15 20:45:38','2015-03-15 20:45:38');
INSERT INTO "parishes" VALUES(239,99,'Casiquiare Curimacare','2015-03-15 20:45:38','2015-03-15 20:45:38');
INSERT INTO "parishes" VALUES(240,99,'Solano Solano','2015-03-15 20:45:38','2015-03-15 20:45:38');
INSERT INTO "parishes" VALUES(241,72,'Anaco','2015-03-15 20:45:38','2015-03-15 20:45:38');
INSERT INTO "parishes" VALUES(242,72,'San Joaquín','2015-03-15 20:45:38','2015-03-15 20:45:38');
INSERT INTO "parishes" VALUES(243,73,'Cachipo','2015-03-15 20:45:38','2015-03-15 20:45:38');
INSERT INTO "parishes" VALUES(244,73,'Aragua de Barcelona','2015-03-15 20:45:38','2015-03-15 20:45:38');
INSERT INTO "parishes" VALUES(245,78,'Lechería','2015-03-15 20:45:38','2015-03-15 20:45:38');
INSERT INTO "parishes" VALUES(246,78,'El Morro','2015-03-15 20:45:38','2015-03-15 20:45:38');
INSERT INTO "parishes" VALUES(247,87,'Puerto Píritu','2015-03-15 20:45:38','2015-03-15 20:45:38');
INSERT INTO "parishes" VALUES(248,87,'San Miguel','2015-03-15 20:45:38','2015-03-15 20:45:38');
INSERT INTO "parishes" VALUES(249,87,'Sucre','2015-03-15 20:45:38','2015-03-15 20:45:38');
INSERT INTO "parishes" VALUES(250,77,'Valle de Guanape','2015-03-15 20:45:38','2015-03-15 20:45:38');
INSERT INTO "parishes" VALUES(251,77,'Santa Bárbara','2015-03-15 20:45:38','2015-03-15 20:45:38');
INSERT INTO "parishes" VALUES(252,85,'Atapirire','2015-03-15 20:45:38','2015-03-15 20:45:38');
INSERT INTO "parishes" VALUES(253,85,'Boca del Pao','2015-03-15 20:45:38','2015-03-15 20:45:38');
INSERT INTO "parishes" VALUES(254,85,'El Pao','2015-03-15 20:45:38','2015-03-15 20:45:38');
INSERT INTO "parishes" VALUES(255,85,'Pariaguán','2015-03-15 20:45:38','2015-03-15 20:45:38');
INSERT INTO "parishes" VALUES(256,81,'Guanta','2015-03-15 20:45:38','2015-03-15 20:45:38');
INSERT INTO "parishes" VALUES(257,81,'Chorrerón','2015-03-15 20:45:38','2015-03-15 20:45:38');
INSERT INTO "parishes" VALUES(258,82,'Mamo','2015-03-15 20:45:38','2015-03-15 20:45:38');
INSERT INTO "parishes" VALUES(259,82,'Soledad','2015-03-15 20:45:38','2015-03-15 20:45:38');
INSERT INTO "parishes" VALUES(260,86,'Mapire','2015-03-15 20:45:38','2015-03-15 20:45:38');
INSERT INTO "parishes" VALUES(261,86,'Piar','2015-03-15 20:45:38','2015-03-15 20:45:38');
INSERT INTO "parishes" VALUES(262,86,'Santa Clara','2015-03-15 20:45:38','2015-03-15 20:45:38');
INSERT INTO "parishes" VALUES(263,86,'San Diego de Cabrutica','2015-03-15 20:45:38','2015-03-15 20:45:38');
INSERT INTO "parishes" VALUES(264,86,'Uverito','2015-03-15 20:45:38','2015-03-15 20:45:38');
INSERT INTO "parishes" VALUES(265,86,'Zuata','2015-03-15 20:45:38','2015-03-15 20:45:38');
INSERT INTO "parishes" VALUES(266,92,'Puerto La Cruz','2015-03-15 20:45:38','2015-03-15 20:45:38');
INSERT INTO "parishes" VALUES(267,92,'Pozuelos','2015-03-15 20:45:38','2015-03-15 20:45:38');
INSERT INTO "parishes" VALUES(268,76,'Onoto','2015-03-15 20:45:38','2015-03-15 20:45:38');
INSERT INTO "parishes" VALUES(269,76,'San Pablo','2015-03-15 20:45:38','2015-03-15 20:45:38');
INSERT INTO "parishes" VALUES(270,83,'San Mateo','2015-03-15 20:45:38','2015-03-15 20:45:38');
INSERT INTO "parishes" VALUES(271,83,'El Carito','2015-03-15 20:45:38','2015-03-15 20:45:38');
INSERT INTO "parishes" VALUES(272,83,'Santa Inés','2015-03-15 20:45:38','2015-03-15 20:45:38');
INSERT INTO "parishes" VALUES(273,83,'La Romereña','2015-03-15 20:45:38','2015-03-15 20:45:38');
INSERT INTO "parishes" VALUES(274,75,'Clarines','2015-03-15 20:45:38','2015-03-15 20:45:38');
INSERT INTO "parishes" VALUES(275,75,'Guanape','2015-03-15 20:45:38','2015-03-15 20:45:38');
INSERT INTO "parishes" VALUES(276,75,'Sabana de Uchire','2015-03-15 20:45:38','2015-03-15 20:45:38');
INSERT INTO "parishes" VALUES(277,79,'Cantaura','2015-03-15 20:45:38','2015-03-15 20:45:38');
INSERT INTO "parishes" VALUES(278,79,'Libertador','2015-03-15 20:45:38','2015-03-15 20:45:38');
INSERT INTO "parishes" VALUES(279,79,'Santa Rosa','2015-03-15 20:45:38','2015-03-15 20:45:38');
INSERT INTO "parishes" VALUES(280,79,'Urica','2015-03-15 20:45:38','2015-03-15 20:45:38');
INSERT INTO "parishes" VALUES(281,88,'Píritu','2015-03-15 20:45:38','2015-03-15 20:45:38');
INSERT INTO "parishes" VALUES(282,88,'San Francisco','2015-03-15 20:45:38','2015-03-15 20:45:38');
INSERT INTO "parishes" VALUES(283,80,'San José de Guanipa','2015-03-15 20:45:38','2015-03-15 20:45:38');
INSERT INTO "parishes" VALUES(284,89,'Boca de Uchire','2015-03-15 20:45:38','2015-03-15 20:45:38');
INSERT INTO "parishes" VALUES(285,89,'Boca de Chávez','2015-03-15 20:45:38','2015-03-15 20:45:38');
INSERT INTO "parishes" VALUES(286,90,'Pueblo Nuevo','2015-03-15 20:45:38','2015-03-15 20:45:38');
INSERT INTO "parishes" VALUES(287,90,'Santa Ana','2015-03-15 20:45:38','2015-03-15 20:45:38');
INSERT INTO "parishes" VALUES(288,74,'Bergatín','2015-03-15 20:45:38','2015-03-15 20:45:38');
INSERT INTO "parishes" VALUES(289,74,'Caigua','2015-03-15 20:45:38','2015-03-15 20:45:38');
INSERT INTO "parishes" VALUES(290,74,'El Carmen','2015-03-15 20:45:38','2015-03-15 20:45:38');
INSERT INTO "parishes" VALUES(291,74,'El Pilar','2015-03-15 20:45:38','2015-03-15 20:45:38');
INSERT INTO "parishes" VALUES(292,74,'Naricual','2015-03-15 20:45:38','2015-03-15 20:45:38');
INSERT INTO "parishes" VALUES(293,74,'San Cristóbal','2015-03-15 20:45:38','2015-03-15 20:45:38');
INSERT INTO "parishes" VALUES(294,91,'Edmundo Barrios','2015-03-15 20:45:38','2015-03-15 20:45:38');
INSERT INTO "parishes" VALUES(295,91,'Miguel Otero Silva','2015-03-15 20:45:38','2015-03-15 20:45:38');
INSERT INTO "parishes" VALUES(296,84,'El Chaparro','2015-03-15 20:45:38','2015-03-15 20:45:38');
INSERT INTO "parishes" VALUES(297,84,'Tomás Alfaro','2015-03-15 20:45:38','2015-03-15 20:45:38');
INSERT INTO "parishes" VALUES(298,84,'Calatrava','2015-03-15 20:45:38','2015-03-15 20:45:38');
INSERT INTO "parishes" VALUES(299,100,'Achaguas','2015-03-15 20:45:38','2015-03-15 20:45:38');
INSERT INTO "parishes" VALUES(300,100,'Apurito','2015-03-15 20:45:38','2015-03-15 20:45:38');
INSERT INTO "parishes" VALUES(301,100,'El Yagual','2015-03-15 20:45:38','2015-03-15 20:45:38');
INSERT INTO "parishes" VALUES(302,100,'Guachara','2015-03-15 20:45:38','2015-03-15 20:45:38');
INSERT INTO "parishes" VALUES(303,100,'Mucuritas','2015-03-15 20:45:38','2015-03-15 20:45:38');
INSERT INTO "parishes" VALUES(304,100,'Queseras del medio','2015-03-15 20:45:38','2015-03-15 20:45:38');
INSERT INTO "parishes" VALUES(305,101,'Biruaca','2015-03-15 20:45:38','2015-03-15 20:45:38');
INSERT INTO "parishes" VALUES(306,102,'Bruzual','2015-03-15 20:45:38','2015-03-15 20:45:38');
INSERT INTO "parishes" VALUES(307,102,'Mantecal','2015-03-15 20:45:38','2015-03-15 20:45:38');
INSERT INTO "parishes" VALUES(308,102,'Quintero','2015-03-15 20:45:38','2015-03-15 20:45:38');
INSERT INTO "parishes" VALUES(309,102,'Rincón Hondo','2015-03-15 20:45:38','2015-03-15 20:45:38');
INSERT INTO "parishes" VALUES(310,102,'San Vicente','2015-03-15 20:45:38','2015-03-15 20:45:38');
INSERT INTO "parishes" VALUES(311,104,'San Juan de Payara','2015-03-15 20:45:38','2015-03-15 20:45:38');
INSERT INTO "parishes" VALUES(312,104,'Codazzzi','2015-03-15 20:45:38','2015-03-15 20:45:38');
INSERT INTO "parishes" VALUES(313,104,'Cunaviche','2015-03-15 20:45:38','2015-03-15 20:45:38');
INSERT INTO "parishes" VALUES(314,106,'San Fernando','2015-03-15 20:45:38','2015-03-15 20:45:38');
INSERT INTO "parishes" VALUES(315,106,'El Recre0','2015-03-15 20:45:38','2015-03-15 20:45:38');
INSERT INTO "parishes" VALUES(316,106,'Peñalver','2015-03-15 20:45:38','2015-03-15 20:45:38');
INSERT INTO "parishes" VALUES(317,106,'San Rafael de Atamaica','2015-03-15 20:45:38','2015-03-15 20:45:38');
INSERT INTO "parishes" VALUES(318,103,'Guasdualito','2015-03-15 20:45:38','2015-03-15 20:45:38');
INSERT INTO "parishes" VALUES(319,103,'Aramendi','2015-03-15 20:45:38','2015-03-15 20:45:38');
INSERT INTO "parishes" VALUES(320,103,'El Amparo','2015-03-15 20:45:38','2015-03-15 20:45:38');
INSERT INTO "parishes" VALUES(321,103,'San Camilo','2015-03-15 20:45:38','2015-03-15 20:45:38');
INSERT INTO "parishes" VALUES(322,103,'Urdaneta','2015-03-15 20:45:38','2015-03-15 20:45:38');
INSERT INTO "parishes" VALUES(323,105,'Elorza','2015-03-15 20:45:38','2015-03-15 20:45:38');
INSERT INTO "parishes" VALUES(324,105,'La Trinidad','2015-03-15 20:45:38','2015-03-15 20:45:38');
INSERT INTO "parishes" VALUES(325,107,'Sabaneta','2015-03-15 20:45:38','2015-03-15 20:45:38');
INSERT INTO "parishes" VALUES(326,107,'Juan Antonio Rodríguez Domínguez','2015-03-15 20:45:38','2015-03-15 20:45:38');
INSERT INTO "parishes" VALUES(327,108,'El Cantón','2015-03-15 20:45:38','2015-03-15 20:45:38');
INSERT INTO "parishes" VALUES(328,108,'Santa Cruz de Guacas','2015-03-15 20:45:38','2015-03-15 20:45:38');
INSERT INTO "parishes" VALUES(329,108,'Puerto Vivas','2015-03-15 20:45:38','2015-03-15 20:45:38');
INSERT INTO "parishes" VALUES(330,109,'Ticoporo','2015-03-15 20:45:38','2015-03-15 20:45:38');
INSERT INTO "parishes" VALUES(331,109,'Nicolás Pulido','2015-03-15 20:45:38','2015-03-15 20:45:38');
INSERT INTO "parishes" VALUES(332,109,'Andrés Bello','2015-03-15 20:45:38','2015-03-15 20:45:38');
INSERT INTO "parishes" VALUES(333,110,'Arismendi','2015-03-15 20:45:38','2015-03-15 20:45:38');
INSERT INTO "parishes" VALUES(334,110,'Guadarrama','2015-03-15 20:45:38','2015-03-15 20:45:38');
INSERT INTO "parishes" VALUES(335,110,'La Unión','2015-03-15 20:45:38','2015-03-15 20:45:38');
INSERT INTO "parishes" VALUES(336,110,'San Antonio','2015-03-15 20:45:38','2015-03-15 20:45:38');
INSERT INTO "parishes" VALUES(337,111,'Barinas','2015-03-15 20:45:38','2015-03-15 20:45:38');
INSERT INTO "parishes" VALUES(338,111,'Alberto Arvelo Larriva','2015-03-15 20:45:38','2015-03-15 20:45:38');
INSERT INTO "parishes" VALUES(339,111,'San Silvestre','2015-03-15 20:45:38','2015-03-15 20:45:38');
INSERT INTO "parishes" VALUES(340,111,'Santa Inés','2015-03-15 20:45:38','2015-03-15 20:45:38');
INSERT INTO "parishes" VALUES(341,111,'Santa Lucía','2015-03-15 20:45:38','2015-03-15 20:45:38');
INSERT INTO "parishes" VALUES(342,111,'Torunos','2015-03-15 20:45:38','2015-03-15 20:45:38');
INSERT INTO "parishes" VALUES(343,111,'El Carmen','2015-03-15 20:45:38','2015-03-15 20:45:38');
INSERT INTO "parishes" VALUES(344,111,'Rómulo Betancourt','2015-03-15 20:45:38','2015-03-15 20:45:38');
INSERT INTO "parishes" VALUES(345,111,'Corazón de Jesús','2015-03-15 20:45:38','2015-03-15 20:45:38');
INSERT INTO "parishes" VALUES(346,111,'Ramón Ignacio','2015-03-15 20:45:38','2015-03-15 20:45:38');
INSERT INTO "parishes" VALUES(347,111,'Alto Barinas','2015-03-15 20:45:38','2015-03-15 20:45:38');
INSERT INTO "parishes" VALUES(348,111,'Manuel Palacio Fajardo','2015-03-15 20:45:38','2015-03-15 20:45:38');
INSERT INTO "parishes" VALUES(349,111,'Juan Antonio Rodríguez Domínguez','2015-03-15 20:45:38','2015-03-15 20:45:38');
INSERT INTO "parishes" VALUES(350,111,'Dominga Ortiz de Páez','2015-03-15 20:45:38','2015-03-15 20:45:38');
INSERT INTO "parishes" VALUES(351,112,'Barinitas','2015-03-15 20:45:38','2015-03-15 20:45:38');
INSERT INTO "parishes" VALUES(352,112,'Altamira de Cáceres','2015-03-15 20:45:38','2015-03-15 20:45:38');
INSERT INTO "parishes" VALUES(353,112,'Calderas','2015-03-15 20:45:38','2015-03-15 20:45:38');
INSERT INTO "parishes" VALUES(354,113,'Barracas','2015-03-15 20:45:38','2015-03-15 20:45:38');
INSERT INTO "parishes" VALUES(355,113,'El Socorro','2015-03-15 20:45:38','2015-03-15 20:45:38');
INSERT INTO "parishes" VALUES(356,113,'Mazparrito','2015-03-15 20:45:38','2015-03-15 20:45:38');
INSERT INTO "parishes" VALUES(357,114,'Santa Bárbara','2015-03-15 20:45:38','2015-03-15 20:45:38');
INSERT INTO "parishes" VALUES(358,114,'Pedro Briceño Méndez','2015-03-15 20:45:38','2015-03-15 20:45:38');
INSERT INTO "parishes" VALUES(359,114,'Ramón Ignacio Méndez','2015-03-15 20:45:38','2015-03-15 20:45:38');
INSERT INTO "parishes" VALUES(360,114,'José Ignacio del Pumar','2015-03-15 20:45:38','2015-03-15 20:45:38');
INSERT INTO "parishes" VALUES(361,115,'Obispos','2015-03-15 20:45:38','2015-03-15 20:45:38');
INSERT INTO "parishes" VALUES(362,115,'Los Guasimitos','2015-03-15 20:45:38','2015-03-15 20:45:38');
INSERT INTO "parishes" VALUES(363,115,'El Real','2015-03-15 20:45:38','2015-03-15 20:45:38');
INSERT INTO "parishes" VALUES(364,115,'La Luz','2015-03-15 20:45:38','2015-03-15 20:45:38');
INSERT INTO "parishes" VALUES(365,116,'Ciudad Bolívia','2015-03-15 20:45:38','2015-03-15 20:45:38');
INSERT INTO "parishes" VALUES(366,116,'José Ignacio Briceño','2015-03-15 20:45:38','2015-03-15 20:45:38');
INSERT INTO "parishes" VALUES(367,116,'José Félix Ribas','2015-03-15 20:45:38','2015-03-15 20:45:38');
INSERT INTO "parishes" VALUES(368,116,'Páez','2015-03-15 20:45:38','2015-03-15 20:45:38');
INSERT INTO "parishes" VALUES(369,117,'Libertad','2015-03-15 20:45:38','2015-03-15 20:45:38');
INSERT INTO "parishes" VALUES(370,117,'Dolores','2015-03-15 20:45:38','2015-03-15 20:45:38');
INSERT INTO "parishes" VALUES(371,117,'Santa Rosa','2015-03-15 20:45:38','2015-03-15 20:45:38');
INSERT INTO "parishes" VALUES(372,117,'Palacio Fajardo','2015-03-15 20:45:38','2015-03-15 20:45:38');
INSERT INTO "parishes" VALUES(373,117,'Simón Rodríguez','2015-03-15 20:45:38','2015-03-15 20:45:38');
INSERT INTO "parishes" VALUES(374,118,'Ciudad de Nutrias','2015-03-15 20:45:38','2015-03-15 20:45:38');
INSERT INTO "parishes" VALUES(375,118,'El Regalo','2015-03-15 20:45:38','2015-03-15 20:45:38');
INSERT INTO "parishes" VALUES(376,118,'Puerto Nutrias','2015-03-15 20:45:38','2015-03-15 20:45:38');
INSERT INTO "parishes" VALUES(377,118,'Santa Catalina','2015-03-15 20:45:38','2015-03-15 20:45:38');
INSERT INTO "parishes" VALUES(378,118,'Simón Bolívar','2015-03-15 20:45:38','2015-03-15 20:45:38');
INSERT INTO "parishes" VALUES(379,119,'Cachamay','2015-03-15 20:45:38','2015-03-15 20:45:38');
INSERT INTO "parishes" VALUES(380,119,'Chirica','2015-03-15 20:45:38','2015-03-15 20:45:38');
INSERT INTO "parishes" VALUES(381,119,'Dalla Costa','2015-03-15 20:45:38','2015-03-15 20:45:38');
INSERT INTO "parishes" VALUES(382,119,'Once de Abril','2015-03-15 20:45:38','2015-03-15 20:45:38');
INSERT INTO "parishes" VALUES(383,119,'Simón Bolívar','2015-03-15 20:45:38','2015-03-15 20:45:38');
INSERT INTO "parishes" VALUES(384,119,'Unare','2015-03-15 20:45:38','2015-03-15 20:45:38');
INSERT INTO "parishes" VALUES(385,119,'Universidad','2015-03-15 20:45:38','2015-03-15 20:45:38');
INSERT INTO "parishes" VALUES(386,119,'Vista al Sol','2015-03-15 20:45:38','2015-03-15 20:45:38');
INSERT INTO "parishes" VALUES(387,119,'Pozo Verde','2015-03-15 20:45:38','2015-03-15 20:45:38');
INSERT INTO "parishes" VALUES(388,119,'Yocoima','2015-03-15 20:45:38','2015-03-15 20:45:38');
INSERT INTO "parishes" VALUES(389,119,'5 de Julio','2015-03-15 20:45:38','2015-03-15 20:45:38');
INSERT INTO "parishes" VALUES(390,120,'Cedeño','2015-03-15 20:45:38','2015-03-15 20:45:38');
INSERT INTO "parishes" VALUES(391,120,'Altagracia','2015-03-15 20:45:38','2015-03-15 20:45:38');
INSERT INTO "parishes" VALUES(392,120,'Ascensión Farreras','2015-03-15 20:45:38','2015-03-15 20:45:38');
INSERT INTO "parishes" VALUES(393,120,'Guaniamo','2015-03-15 20:45:38','2015-03-15 20:45:38');
INSERT INTO "parishes" VALUES(394,120,'La Urbana','2015-03-15 20:45:38','2015-03-15 20:45:38');
INSERT INTO "parishes" VALUES(395,120,'Pijiguaos','2015-03-15 20:45:38','2015-03-15 20:45:38');
INSERT INTO "parishes" VALUES(396,121,'El Callao','2015-03-15 20:45:38','2015-03-15 20:45:38');
INSERT INTO "parishes" VALUES(397,122,'Gran Sabana','2015-03-15 20:45:38','2015-03-15 20:45:38');
INSERT INTO "parishes" VALUES(398,122,'Ikabarú','2015-03-15 20:45:38','2015-03-15 20:45:38');
INSERT INTO "parishes" VALUES(399,123,'Catedral','2015-03-15 20:45:38','2015-03-15 20:45:38');
INSERT INTO "parishes" VALUES(400,123,'Zea','2015-03-15 20:45:38','2015-03-15 20:45:38');
INSERT INTO "parishes" VALUES(401,123,'Orinoco','2015-03-15 20:45:38','2015-03-15 20:45:38');
INSERT INTO "parishes" VALUES(402,123,'José Antonio Páez','2015-03-15 20:45:38','2015-03-15 20:45:38');
INSERT INTO "parishes" VALUES(403,123,'Marhuanta','2015-03-15 20:45:38','2015-03-15 20:45:38');
INSERT INTO "parishes" VALUES(404,123,'Agua Salada','2015-03-15 20:45:38','2015-03-15 20:45:38');
INSERT INTO "parishes" VALUES(405,123,'Vista Hermosa','2015-03-15 20:45:38','2015-03-15 20:45:38');
INSERT INTO "parishes" VALUES(406,123,'La Sabanita','2015-03-15 20:45:38','2015-03-15 20:45:38');
INSERT INTO "parishes" VALUES(407,123,'Panapana','2015-03-15 20:45:38','2015-03-15 20:45:38');
INSERT INTO "parishes" VALUES(408,129,'Padre Pedro Chien','2015-03-15 20:45:38','2015-03-15 20:45:38');
INSERT INTO "parishes" VALUES(409,129,'Río Grande','2015-03-15 20:45:38','2015-03-15 20:45:38');
INSERT INTO "parishes" VALUES(410,124,'Andrés Eloy Blanco','2015-03-15 20:45:38','2015-03-15 20:45:38');
INSERT INTO "parishes" VALUES(411,124,'Pedro Cova','2015-03-15 20:45:38','2015-03-15 20:45:38');
INSERT INTO "parishes" VALUES(412,125,'Raúl Leoni','2015-03-15 20:45:38','2015-03-15 20:45:38');
INSERT INTO "parishes" VALUES(413,125,'Barceloneta','2015-03-15 20:45:38','2015-03-15 20:45:38');
INSERT INTO "parishes" VALUES(414,125,'Santa Bárbara','2015-03-15 20:45:38','2015-03-15 20:45:38');
INSERT INTO "parishes" VALUES(415,125,'San Francisco','2015-03-15 20:45:38','2015-03-15 20:45:38');
INSERT INTO "parishes" VALUES(416,126,'Roscio','2015-03-15 20:45:38','2015-03-15 20:45:38');
INSERT INTO "parishes" VALUES(417,126,'Salóm','2015-03-15 20:45:38','2015-03-15 20:45:38');
INSERT INTO "parishes" VALUES(418,127,'Sifontes','2015-03-15 20:45:38','2015-03-15 20:45:38');
INSERT INTO "parishes" VALUES(419,127,'Dalla Costa','2015-03-15 20:45:38','2015-03-15 20:45:38');
INSERT INTO "parishes" VALUES(420,127,'San Isidro ','2015-03-15 20:45:38','2015-03-15 20:45:38');
INSERT INTO "parishes" VALUES(421,128,'Sucre','2015-03-15 20:45:38','2015-03-15 20:45:38');
INSERT INTO "parishes" VALUES(422,128,'Aripao','2015-03-15 20:45:38','2015-03-15 20:45:38');
INSERT INTO "parishes" VALUES(423,128,'Guarataro','2015-03-15 20:45:38','2015-03-15 20:45:38');
INSERT INTO "parishes" VALUES(424,128,'Las Majadas','2015-03-15 20:45:38','2015-03-15 20:45:38');
INSERT INTO "parishes" VALUES(425,128,'Moitaco ','2015-03-15 20:45:38','2015-03-15 20:45:38');
INSERT INTO "parishes" VALUES(426,130,'Cojedes','2015-03-15 20:45:38','2015-03-15 20:45:38');
INSERT INTO "parishes" VALUES(427,130,'Juan de Mata Suárez','2015-03-15 20:45:38','2015-03-15 20:45:38');
INSERT INTO "parishes" VALUES(428,134,'El Pao','2015-03-15 20:45:38','2015-03-15 20:45:38');
INSERT INTO "parishes" VALUES(429,131,'Tinaquillo','2015-03-15 20:45:38','2015-03-15 20:45:38');
INSERT INTO "parishes" VALUES(430,132,'El Baúl','2015-03-15 20:45:38','2015-03-15 20:45:38');
INSERT INTO "parishes" VALUES(431,132,'Sucre','2015-03-15 20:45:38','2015-03-15 20:45:38');
INSERT INTO "parishes" VALUES(432,133,'La Aguadita','2015-03-15 20:45:38','2015-03-15 20:45:38');
INSERT INTO "parishes" VALUES(433,133,'Macapo','2015-03-15 20:45:38','2015-03-15 20:45:38');
INSERT INTO "parishes" VALUES(434,135,'El Amparo','2015-03-15 20:45:38','2015-03-15 20:45:38');
INSERT INTO "parishes" VALUES(435,135,'Libertad de Cojedes','2015-03-15 20:45:38','2015-03-15 20:45:38');
INSERT INTO "parishes" VALUES(436,136,'Rómulo Gallegos','2015-03-15 20:45:38','2015-03-15 20:45:38');
INSERT INTO "parishes" VALUES(437,137,'San Carlos de Austria','2015-03-15 20:45:38','2015-03-15 20:45:38');
INSERT INTO "parishes" VALUES(438,137,'Juan Ángel Bravo','2015-03-15 20:45:38','2015-03-15 20:45:38');
INSERT INTO "parishes" VALUES(439,137,'Manuel Manrique','2015-03-15 20:45:38','2015-03-15 20:45:38');
INSERT INTO "parishes" VALUES(440,138,'General en Jefe José Laurencio Silva','2015-03-15 20:45:38','2015-03-15 20:45:38');
INSERT INTO "parishes" VALUES(441,139,'Curiapo','2015-03-15 20:45:38','2015-03-15 20:45:38');
INSERT INTO "parishes" VALUES(442,139,'Almirante Luis Brión','2015-03-15 20:45:38','2015-03-15 20:45:38');
INSERT INTO "parishes" VALUES(443,139,'Francisco Aniceto Lugo Boca de Cuyubini','2015-03-15 20:45:38','2015-03-15 20:45:38');
INSERT INTO "parishes" VALUES(444,139,'Manuel Renaud','2015-03-15 20:45:38','2015-03-15 20:45:38');
INSERT INTO "parishes" VALUES(445,139,'Padre Barral','2015-03-15 20:45:38','2015-03-15 20:45:38');
INSERT INTO "parishes" VALUES(446,139,'Santos de Abelgas','2015-03-15 20:45:38','2015-03-15 20:45:38');
INSERT INTO "parishes" VALUES(447,140,'Imataca Moruca','2015-03-15 20:45:38','2015-03-15 20:45:38');
INSERT INTO "parishes" VALUES(448,140,'Cinco de Julio Piacoa','2015-03-15 20:45:38','2015-03-15 20:45:38');
INSERT INTO "parishes" VALUES(449,140,'Juan Bautista Arismendi','2015-03-15 20:45:38','2015-03-15 20:45:38');
INSERT INTO "parishes" VALUES(450,140,'Manuel Piar Santa Catalina','2015-03-15 20:45:38','2015-03-15 20:45:38');
INSERT INTO "parishes" VALUES(451,140,'Rómulo Gallegos','2015-03-15 20:45:38','2015-03-15 20:45:38');
INSERT INTO "parishes" VALUES(452,141,'Pedernales','2015-03-15 20:45:38','2015-03-15 20:45:38');
INSERT INTO "parishes" VALUES(453,141,'Luis Beltrán Prieto Figueroa','2015-03-15 20:45:38','2015-03-15 20:45:38');
INSERT INTO "parishes" VALUES(454,142,'San José (Delta Amacuro) Hacienda del Medio','2015-03-15 20:45:38','2015-03-15 20:45:38');
INSERT INTO "parishes" VALUES(455,142,'José Vidal Marcano Caparal de Guara','2015-03-15 20:45:38','2015-03-15 20:45:38');
INSERT INTO "parishes" VALUES(456,142,'Juan Millán Urbanización Leonardo Ruíz Pineda','2015-03-15 20:45:38','2015-03-15 20:45:38');
INSERT INTO "parishes" VALUES(457,142,'Leonardo Ruíz Pineda Paloma','2015-03-15 20:45:38','2015-03-15 20:45:38');
INSERT INTO "parishes" VALUES(458,142,'Mariscal Antonio José de Sucre Urbanización Delfín Mendoza','2015-03-15 20:45:38','2015-03-15 20:45:38');
INSERT INTO "parishes" VALUES(459,142,'Monseñor Argimiro García San Rafael','2015-03-15 20:45:38','2015-03-15 20:45:38');
INSERT INTO "parishes" VALUES(460,142,'San Rafael','2015-03-15 20:45:38','2015-03-15 20:45:38');
INSERT INTO "parishes" VALUES(461,142,'Virgen del Valle','2015-03-15 20:45:38','2015-03-15 20:45:38');
INSERT INTO "parishes" VALUES(462,143,'Capadare','2015-03-15 20:45:38','2015-03-15 20:45:38');
INSERT INTO "parishes" VALUES(463,143,'La Pastora','2015-03-15 20:45:38','2015-03-15 20:45:38');
INSERT INTO "parishes" VALUES(464,143,'Libertador','2015-03-15 20:45:38','2015-03-15 20:45:38');
INSERT INTO "parishes" VALUES(465,143,'San Juan de los Cayos','2015-03-15 20:45:38','2015-03-15 20:45:38');
INSERT INTO "parishes" VALUES(466,144,'Aracua','2015-03-15 20:45:38','2015-03-15 20:45:38');
INSERT INTO "parishes" VALUES(467,144,'La Peña','2015-03-15 20:45:38','2015-03-15 20:45:38');
INSERT INTO "parishes" VALUES(468,144,'San Luis','2015-03-15 20:45:38','2015-03-15 20:45:38');
INSERT INTO "parishes" VALUES(469,145,'Bariro','2015-03-15 20:45:38','2015-03-15 20:45:38');
INSERT INTO "parishes" VALUES(470,145,'Borojó','2015-03-15 20:45:38','2015-03-15 20:45:38');
INSERT INTO "parishes" VALUES(471,145,'Capatárida','2015-03-15 20:45:38','2015-03-15 20:45:38');
INSERT INTO "parishes" VALUES(472,145,'Guajiro','2015-03-15 20:45:38','2015-03-15 20:45:38');
INSERT INTO "parishes" VALUES(473,145,'Seque','2015-03-15 20:45:38','2015-03-15 20:45:38');
INSERT INTO "parishes" VALUES(474,145,'Zazárida','2015-03-15 20:45:38','2015-03-15 20:45:38');
INSERT INTO "parishes" VALUES(475,145,'Valle de Eroa','2015-03-15 20:45:38','2015-03-15 20:45:38');
INSERT INTO "parishes" VALUES(476,146,'Cacique Manaure','2015-03-15 20:45:38','2015-03-15 20:45:38');
INSERT INTO "parishes" VALUES(477,147,'Norte','2015-03-15 20:45:38','2015-03-15 20:45:38');
INSERT INTO "parishes" VALUES(478,147,'Carirubana','2015-03-15 20:45:38','2015-03-15 20:45:38');
INSERT INTO "parishes" VALUES(479,147,'Santa Ana','2015-03-15 20:45:38','2015-03-15 20:45:38');
INSERT INTO "parishes" VALUES(480,147,'Urbana Punta Cardón','2015-03-15 20:45:38','2015-03-15 20:45:38');
INSERT INTO "parishes" VALUES(481,148,'La Vela de Coro','2015-03-15 20:45:38','2015-03-15 20:45:38');
INSERT INTO "parishes" VALUES(482,148,'Acurigua','2015-03-15 20:45:38','2015-03-15 20:45:38');
INSERT INTO "parishes" VALUES(483,148,'Guaibacoa','2015-03-15 20:45:38','2015-03-15 20:45:38');
INSERT INTO "parishes" VALUES(484,148,'Las Calderas','2015-03-15 20:45:38','2015-03-15 20:45:38');
INSERT INTO "parishes" VALUES(485,148,'Macoruca','2015-03-15 20:45:38','2015-03-15 20:45:38');
INSERT INTO "parishes" VALUES(486,149,'Dabajuro','2015-03-15 20:45:38','2015-03-15 20:45:38');
INSERT INTO "parishes" VALUES(487,150,'Agua Clara','2015-03-15 20:45:38','2015-03-15 20:45:38');
INSERT INTO "parishes" VALUES(488,150,'Avaria','2015-03-15 20:45:38','2015-03-15 20:45:38');
INSERT INTO "parishes" VALUES(489,150,'Pedregal','2015-03-15 20:45:38','2015-03-15 20:45:38');
INSERT INTO "parishes" VALUES(490,150,'Piedra Grande','2015-03-15 20:45:38','2015-03-15 20:45:38');
INSERT INTO "parishes" VALUES(491,150,'Purureche','2015-03-15 20:45:38','2015-03-15 20:45:38');
INSERT INTO "parishes" VALUES(492,151,'Adaure','2015-03-15 20:45:38','2015-03-15 20:45:38');
INSERT INTO "parishes" VALUES(493,151,'Adícora','2015-03-15 20:45:38','2015-03-15 20:45:38');
INSERT INTO "parishes" VALUES(494,151,'Baraived','2015-03-15 20:45:38','2015-03-15 20:45:38');
INSERT INTO "parishes" VALUES(495,151,'Buena Vista','2015-03-15 20:45:38','2015-03-15 20:45:38');
INSERT INTO "parishes" VALUES(496,151,'Jadacaquiva','2015-03-15 20:45:38','2015-03-15 20:45:38');
INSERT INTO "parishes" VALUES(497,151,'El Vínculo','2015-03-15 20:45:38','2015-03-15 20:45:38');
INSERT INTO "parishes" VALUES(498,151,'El Hato','2015-03-15 20:45:38','2015-03-15 20:45:38');
INSERT INTO "parishes" VALUES(499,151,'Moruy','2015-03-15 20:45:38','2015-03-15 20:45:38');
INSERT INTO "parishes" VALUES(500,151,'Pueblo Nuevo','2015-03-15 20:45:38','2015-03-15 20:45:38');
INSERT INTO "parishes" VALUES(501,152,'Agua Larga','2015-03-15 20:45:38','2015-03-15 20:45:38');
INSERT INTO "parishes" VALUES(502,152,'Churuguara','2015-03-15 20:45:38','2015-03-15 20:45:38');
INSERT INTO "parishes" VALUES(503,152,'El Paují','2015-03-15 20:45:38','2015-03-15 20:45:38');
INSERT INTO "parishes" VALUES(504,152,'Independencia','2015-03-15 20:45:38','2015-03-15 20:45:38');
INSERT INTO "parishes" VALUES(505,152,'Mapararí','2015-03-15 20:45:38','2015-03-15 20:45:38');
INSERT INTO "parishes" VALUES(506,153,'Jacura','2015-03-15 20:45:38','2015-03-15 20:45:38');
INSERT INTO "parishes" VALUES(507,154,'Los Taques','2015-03-15 20:45:38','2015-03-15 20:45:38');
INSERT INTO "parishes" VALUES(508,155,'Mene de Mauroa','2015-03-15 20:45:38','2015-03-15 20:45:38');
INSERT INTO "parishes" VALUES(509,156,'Guzmán Guillermo','2015-03-15 20:45:38','2015-03-15 20:45:38');
INSERT INTO "parishes" VALUES(510,156,'Mitare ','2015-03-15 20:45:38','2015-03-15 20:45:38');
INSERT INTO "parishes" VALUES(511,156,'Río Seco','2015-03-15 20:45:38','2015-03-15 20:45:38');
INSERT INTO "parishes" VALUES(512,156,'Sabaneta','2015-03-15 20:45:38','2015-03-15 20:45:38');
INSERT INTO "parishes" VALUES(513,156,'Santa Ana','2015-03-15 20:45:38','2015-03-15 20:45:38');
INSERT INTO "parishes" VALUES(514,157,'Boca del Tocuyo','2015-03-15 20:45:38','2015-03-15 20:45:38');
INSERT INTO "parishes" VALUES(515,157,'Chichiriviche','2015-03-15 20:45:38','2015-03-15 20:45:38');
INSERT INTO "parishes" VALUES(516,158,'Palmasola','2015-03-15 20:45:38','2015-03-15 20:45:38');
INSERT INTO "parishes" VALUES(517,159,'Cabure','2015-03-15 20:45:38','2015-03-15 20:45:38');
INSERT INTO "parishes" VALUES(518,159,'Curimagua','2015-03-15 20:45:38','2015-03-15 20:45:38');
INSERT INTO "parishes" VALUES(519,160,'San José de la Costa','2015-03-15 20:45:38','2015-03-15 20:45:38');
INSERT INTO "parishes" VALUES(520,160,'Píritu','2015-03-15 20:45:38','2015-03-15 20:45:38');
INSERT INTO "parishes" VALUES(521,161,'Capital San Francisco','2015-03-15 20:45:38','2015-03-15 20:45:38');
INSERT INTO "parishes" VALUES(522,162,'Tucacas','2015-03-15 20:45:38','2015-03-15 20:45:38');
INSERT INTO "parishes" VALUES(523,162,'Boca de Aroa','2015-03-15 20:45:38','2015-03-15 20:45:38');
INSERT INTO "parishes" VALUES(524,163,'Sucre','2015-03-15 20:45:38','2015-03-15 20:45:38');
INSERT INTO "parishes" VALUES(525,164,'Tocópero','2015-03-15 20:45:38','2015-03-15 20:45:38');
INSERT INTO "parishes" VALUES(526,165,'Santa Cruz de Bucaral','2015-03-15 20:45:38','2015-03-15 20:45:38');
INSERT INTO "parishes" VALUES(527,166,'Bruzual','2015-03-15 20:45:38','2015-03-15 20:45:38');
INSERT INTO "parishes" VALUES(528,166,'Urumaco','2015-03-15 20:45:38','2015-03-15 20:45:38');
INSERT INTO "parishes" VALUES(529,167,'Puerto Cumarebo','2015-03-15 20:45:38','2015-03-15 20:45:38');
INSERT INTO "parishes" VALUES(530,167,'La Ciénaga','2015-03-15 20:45:38','2015-03-15 20:45:38');
INSERT INTO "parishes" VALUES(531,167,'La Soledad','2015-03-15 20:45:38','2015-03-15 20:45:38');
INSERT INTO "parishes" VALUES(532,167,'Pueblo Cumarebo','2015-03-15 20:45:38','2015-03-15 20:45:38');
INSERT INTO "parishes" VALUES(533,167,'Zazárida','2015-03-15 20:45:38','2015-03-15 20:45:38');
INSERT INTO "parishes" VALUES(534,168,'Pio Tamayo','2015-03-15 20:45:38','2015-03-15 20:45:38');
INSERT INTO "parishes" VALUES(535,168,'Quebrada Honda de Guache','2015-03-15 20:45:38','2015-03-15 20:45:38');
INSERT INTO "parishes" VALUES(536,169,'Freitez','2015-03-15 20:45:38','2015-03-15 20:45:38');
INSERT INTO "parishes" VALUES(537,169,'José María Blanco','2015-03-15 20:45:38','2015-03-15 20:45:38');
INSERT INTO "parishes" VALUES(538,172,'Anzoátegui','2015-03-15 20:45:38','2015-03-15 20:45:38');
INSERT INTO "parishes" VALUES(539,172,'Bolívar','2015-03-15 20:45:38','2015-03-15 20:45:38');
INSERT INTO "parishes" VALUES(540,172,'Guárico','2015-03-15 20:45:38','2015-03-15 20:45:38');
INSERT INTO "parishes" VALUES(541,172,'Hilario Luna y Luna','2015-03-15 20:45:38','2015-03-15 20:45:38');
INSERT INTO "parishes" VALUES(542,173,'Cabudare','2015-03-15 20:45:38','2015-03-15 20:45:38');
INSERT INTO "parishes" VALUES(543,173,'Agua Viva','2015-03-15 20:45:38','2015-03-15 20:45:38');
INSERT INTO "parishes" VALUES(544,172,'Morán','2015-03-15 20:45:38','2015-03-15 20:45:38');
INSERT INTO "parishes" VALUES(545,174,'Buría','2015-03-15 20:45:38','2015-03-15 20:45:38');
INSERT INTO "parishes" VALUES(546,174,'Sarare','2015-03-15 20:45:38','2015-03-15 20:45:38');
INSERT INTO "parishes" VALUES(547,175,'Altagracia','2015-03-15 20:45:38','2015-03-15 20:45:38');
INSERT INTO "parishes" VALUES(548,175,'Lara','2015-03-15 20:45:38','2015-03-15 20:45:38');
INSERT INTO "parishes" VALUES(549,175,'Chiquinquira','2015-03-15 20:45:38','2015-03-15 20:45:38');
INSERT INTO "parishes" VALUES(550,176,'Siquisique','2015-03-15 20:45:38','2015-03-15 20:45:38');
INSERT INTO "parishes" VALUES(551,176,'Moroturo','2015-03-15 20:45:38','2015-03-15 20:45:38');
INSERT INTO "parishes" VALUES(552,170,'Barquisimeto','2015-03-15 20:45:38','2015-03-15 20:45:38');
INSERT INTO "parishes" VALUES(553,171,'Quibor','2015-03-15 20:45:38','2015-03-15 20:45:38');
INSERT INTO "parishes" VALUES(554,177,'Betancourt','2015-03-15 20:45:38','2015-03-15 20:45:38');
INSERT INTO "parishes" VALUES(555,177,'Páez','2015-03-15 20:45:38','2015-03-15 20:45:38');
INSERT INTO "parishes" VALUES(556,177,'Rómulo Gallegos','2015-03-15 20:45:38','2015-03-15 20:45:38');
INSERT INTO "parishes" VALUES(557,177,'Gabriel Picón Gonzále','2015-03-15 20:45:38','2015-03-15 20:45:38');
INSERT INTO "parishes" VALUES(558,177,'Héctor Amable Mora','2015-03-15 20:45:38','2015-03-15 20:45:38');
INSERT INTO "parishes" VALUES(559,178,'La Azulita','2015-03-15 20:45:38','2015-03-15 20:45:38');
INSERT INTO "parishes" VALUES(560,179,'Santa Cruz de Mora','2015-03-15 20:45:38','2015-03-15 20:45:38');
INSERT INTO "parishes" VALUES(561,179,'Mesa de Las Palmas','2015-03-15 20:45:38','2015-03-15 20:45:38');
INSERT INTO "parishes" VALUES(562,180,'Aricagua','2015-03-15 20:45:38','2015-03-15 20:45:38');
INSERT INTO "parishes" VALUES(563,181,'Capurí','2015-03-15 20:45:38','2015-03-15 20:45:38');
INSERT INTO "parishes" VALUES(564,181,'Chacantá','2015-03-15 20:45:38','2015-03-15 20:45:38');
INSERT INTO "parishes" VALUES(565,181,'Guaimaral','2015-03-15 20:45:38','2015-03-15 20:45:38');
INSERT INTO "parishes" VALUES(566,181,'Mucuchachí','2015-03-15 20:45:38','2015-03-15 20:45:38');
INSERT INTO "parishes" VALUES(567,182,'Fernández Peña (Ejido)','2015-03-15 20:45:38','2015-03-15 20:45:38');
INSERT INTO "parishes" VALUES(568,182,'Acequias','2015-03-15 20:45:38','2015-03-15 20:45:38');
INSERT INTO "parishes" VALUES(569,182,'Jají','2015-03-15 20:45:38','2015-03-15 20:45:38');
INSERT INTO "parishes" VALUES(570,182,'La Mesa','2015-03-15 20:45:38','2015-03-15 20:45:38');
INSERT INTO "parishes" VALUES(571,182,'San José del Sur','2015-03-15 20:45:38','2015-03-15 20:45:38');
INSERT INTO "parishes" VALUES(572,183,'Tucaní','2015-03-15 20:45:38','2015-03-15 20:45:38');
INSERT INTO "parishes" VALUES(573,184,'Santo Domingo','2015-03-15 20:45:38','2015-03-15 20:45:38');
INSERT INTO "parishes" VALUES(574,185,'Guaraque','2015-03-15 20:45:38','2015-03-15 20:45:38');
INSERT INTO "parishes" VALUES(575,186,'Arapuey','2015-03-15 20:45:38','2015-03-15 20:45:38');
INSERT INTO "parishes" VALUES(576,186,'Palmira','2015-03-15 20:45:38','2015-03-15 20:45:38');
INSERT INTO "parishes" VALUES(577,187,'Torondoy','2015-03-15 20:45:38','2015-03-15 20:45:38');
INSERT INTO "parishes" VALUES(578,188,'Antonio Spinetti Dini','2015-03-15 20:45:38','2015-03-15 20:45:38');
INSERT INTO "parishes" VALUES(579,188,'Arias','2015-03-15 20:45:38','2015-03-15 20:45:38');
INSERT INTO "parishes" VALUES(580,188,'Caracciolo Parra Pérez','2015-03-15 20:45:38','2015-03-15 20:45:38');
INSERT INTO "parishes" VALUES(581,188,'Domingo Peña ','2015-03-15 20:45:38','2015-03-15 20:45:38');
INSERT INTO "parishes" VALUES(582,188,'El Llano','2015-03-15 20:45:38','2015-03-15 20:45:38');
INSERT INTO "parishes" VALUES(583,188,'Gonzalo Picón Febres','2015-03-15 20:45:38','2015-03-15 20:45:38');
INSERT INTO "parishes" VALUES(584,188,'Jacinto Plaza','2015-03-15 20:45:38','2015-03-15 20:45:38');
INSERT INTO "parishes" VALUES(585,188,'Juan Rodríguez Suárez','2015-03-15 20:45:38','2015-03-15 20:45:38');
INSERT INTO "parishes" VALUES(586,188,'Lasso de la Vega','2015-03-15 20:45:38','2015-03-15 20:45:38');
INSERT INTO "parishes" VALUES(587,188,'Mariano Picón Sala','2015-03-15 20:45:38','2015-03-15 20:45:38');
INSERT INTO "parishes" VALUES(588,188,'Milla','2015-03-15 20:45:38','2015-03-15 20:45:38');
INSERT INTO "parishes" VALUES(589,188,'Osuna Rodríguez','2015-03-15 20:45:38','2015-03-15 20:45:38');
INSERT INTO "parishes" VALUES(590,188,'Sagrario','2015-03-15 20:45:38','2015-03-15 20:45:38');
INSERT INTO "parishes" VALUES(591,188,'El Morro','2015-03-15 20:45:38','2015-03-15 20:45:38');
INSERT INTO "parishes" VALUES(592,188,'Los Nevados','2015-03-15 20:45:38','2015-03-15 20:45:38');
INSERT INTO "parishes" VALUES(593,189,'Andrés Eloy Blanco','2015-03-15 20:45:38','2015-03-15 20:45:38');
INSERT INTO "parishes" VALUES(594,189,'La Venta','2015-03-15 20:45:38','2015-03-15 20:45:38');
INSERT INTO "parishes" VALUES(595,189,'Piñango','2015-03-15 20:45:38','2015-03-15 20:45:38');
INSERT INTO "parishes" VALUES(596,189,'Timotes','2015-03-15 20:45:38','2015-03-15 20:45:38');
INSERT INTO "parishes" VALUES(597,190,'Eloy Paredes','2015-03-15 20:45:38','2015-03-15 20:45:38');
INSERT INTO "parishes" VALUES(598,190,'San Rafael de Alcázar','2015-03-15 20:45:38','2015-03-15 20:45:38');
INSERT INTO "parishes" VALUES(599,191,'Santa María de Caparo','2015-03-15 20:45:38','2015-03-15 20:45:38');
INSERT INTO "parishes" VALUES(600,192,'Pueblo Llano','2015-03-15 20:45:38','2015-03-15 20:45:38');
INSERT INTO "parishes" VALUES(601,193,'Cacute','2015-03-15 20:45:38','2015-03-15 20:45:38');
INSERT INTO "parishes" VALUES(602,193,'Mucuchíes','2015-03-15 20:45:38','2015-03-15 20:45:38');
INSERT INTO "parishes" VALUES(603,194,'Gerónimo Maldonado','2015-03-15 20:45:38','2015-03-15 20:45:38');
INSERT INTO "parishes" VALUES(604,194,'Bailadores','2015-03-15 20:45:38','2015-03-15 20:45:38');
INSERT INTO "parishes" VALUES(605,195,'Tabay','2015-03-15 20:45:38','2015-03-15 20:45:38');
INSERT INTO "parishes" VALUES(606,196,'Chiguará','2015-03-15 20:45:38','2015-03-15 20:45:38');
INSERT INTO "parishes" VALUES(607,196,'Estánquez','2015-03-15 20:45:38','2015-03-15 20:45:38');
INSERT INTO "parishes" VALUES(608,196,'Lagunillas','2015-03-15 20:45:38','2015-03-15 20:45:38');
INSERT INTO "parishes" VALUES(609,196,'Pueblo Nuevo del Sur','2015-03-15 20:45:38','2015-03-15 20:45:38');
INSERT INTO "parishes" VALUES(610,196,'San Juan','2015-03-15 20:45:38','2015-03-15 20:45:38');
INSERT INTO "parishes" VALUES(611,197,'El Amparo','2015-03-15 20:45:38','2015-03-15 20:45:38');
INSERT INTO "parishes" VALUES(612,197,'El Llano','2015-03-15 20:45:38','2015-03-15 20:45:38');
INSERT INTO "parishes" VALUES(613,197,'San Francisco','2015-03-15 20:45:38','2015-03-15 20:45:38');
INSERT INTO "parishes" VALUES(614,197,'Tovar','2015-03-15 20:45:38','2015-03-15 20:45:38');
INSERT INTO "parishes" VALUES(615,198,'Independencia','2015-03-15 20:45:38','2015-03-15 20:45:38');
INSERT INTO "parishes" VALUES(616,198,'María de la Concepción Palacios Blanco','2015-03-15 20:45:38','2015-03-15 20:45:38');
INSERT INTO "parishes" VALUES(617,198,'Nueva Bolivia','2015-03-15 20:45:38','2015-03-15 20:45:38');
INSERT INTO "parishes" VALUES(618,198,'Santa Apolonia','2015-03-15 20:45:38','2015-03-15 20:45:38');
INSERT INTO "parishes" VALUES(619,199,'Caño El Tigre','2015-03-15 20:45:38','2015-03-15 20:45:38');
INSERT INTO "parishes" VALUES(620,199,'Zea','2015-03-15 20:45:38','2015-03-15 20:45:38');
INSERT INTO "parishes" VALUES(621,200,'San Antonio de Maturín','2015-03-15 20:45:38','2015-03-15 20:45:38');
INSERT INTO "parishes" VALUES(622,200,'San Francisco de Maturín','2015-03-15 20:45:38','2015-03-15 20:45:38');
INSERT INTO "parishes" VALUES(623,201,'Aguasay','2015-03-15 20:45:38','2015-03-15 20:45:38');
INSERT INTO "parishes" VALUES(624,202,'Caripito','2015-03-15 20:45:38','2015-03-15 20:45:38');
INSERT INTO "parishes" VALUES(625,203,'El Guácharo','2015-03-15 20:45:38','2015-03-15 20:45:38');
INSERT INTO "parishes" VALUES(626,203,'Caripe','2015-03-15 20:45:38','2015-03-15 20:45:38');
INSERT INTO "parishes" VALUES(627,204,'Capital Cedeño','2015-03-15 20:45:38','2015-03-15 20:45:38');
INSERT INTO "parishes" VALUES(628,204,'San Félix de Cantalicio','2015-03-15 20:45:38','2015-03-15 20:45:38');
INSERT INTO "parishes" VALUES(629,205,'El Tejero','2015-03-15 20:45:38','2015-03-15 20:45:38');
INSERT INTO "parishes" VALUES(630,205,'Punta de Mata','2015-03-15 20:45:38','2015-03-15 20:45:38');
INSERT INTO "parishes" VALUES(631,206,'Chaguaramas','2015-03-15 20:45:38','2015-03-15 20:45:38');
INSERT INTO "parishes" VALUES(632,206,'Temblador','2015-03-15 20:45:38','2015-03-15 20:45:38');
INSERT INTO "parishes" VALUES(633,207,'Alto de los Godos','2015-03-15 20:45:38','2015-03-15 20:45:38');
INSERT INTO "parishes" VALUES(634,207,'Boquerón','2015-03-15 20:45:38','2015-03-15 20:45:38');
INSERT INTO "parishes" VALUES(635,207,'Las Cocuizas','2015-03-15 20:45:38','2015-03-15 20:45:38');
INSERT INTO "parishes" VALUES(636,207,'La Cruz','2015-03-15 20:45:38','2015-03-15 20:45:38');
INSERT INTO "parishes" VALUES(637,207,'San Simón','2015-03-15 20:45:38','2015-03-15 20:45:38');
INSERT INTO "parishes" VALUES(638,207,'El Corozo','2015-03-15 20:45:38','2015-03-15 20:45:38');
INSERT INTO "parishes" VALUES(639,207,'El Furrial','2015-03-15 20:45:38','2015-03-15 20:45:38');
INSERT INTO "parishes" VALUES(640,207,'Jusepín','2015-03-15 20:45:38','2015-03-15 20:45:38');
INSERT INTO "parishes" VALUES(641,207,'La Pica','2015-03-15 20:45:38','2015-03-15 20:45:38');
INSERT INTO "parishes" VALUES(642,207,'San Vicente','2015-03-15 20:45:38','2015-03-15 20:45:38');
INSERT INTO "parishes" VALUES(643,208,'Aparicio','2015-03-15 20:45:38','2015-03-15 20:45:38');
INSERT INTO "parishes" VALUES(644,208,'Chaguamal','2015-03-15 20:45:38','2015-03-15 20:45:38');
INSERT INTO "parishes" VALUES(645,208,'El Pinto','2015-03-15 20:45:38','2015-03-15 20:45:38');
INSERT INTO "parishes" VALUES(646,208,'Guanaguana','2015-03-15 20:45:38','2015-03-15 20:45:38');
INSERT INTO "parishes" VALUES(647,208,'La Toscana','2015-03-15 20:45:38','2015-03-15 20:45:38');
INSERT INTO "parishes" VALUES(648,209,'Cachipo','2015-03-15 20:45:38','2015-03-15 20:45:38');
INSERT INTO "parishes" VALUES(649,209,'Quiriquire','2015-03-15 20:45:38','2015-03-15 20:45:38');
INSERT INTO "parishes" VALUES(650,210,'Santa Bárbara','2015-03-15 20:45:38','2015-03-15 20:45:38');
INSERT INTO "parishes" VALUES(651,211,'Barrancas','2015-03-15 20:45:38','2015-03-15 20:45:38');
INSERT INTO "parishes" VALUES(652,212,'Uracoa','2015-03-15 20:45:38','2015-03-15 20:45:38');
INSERT INTO "parishes" VALUES(653,213,'Antolín del Campo','2015-03-15 20:45:38','2015-03-15 20:45:38');
INSERT INTO "parishes" VALUES(654,214,'Arismendi','2015-03-15 20:45:38','2015-03-15 20:45:38');
INSERT INTO "parishes" VALUES(655,215,'San Juan Bautista','2015-03-15 20:45:38','2015-03-15 20:45:38');
INSERT INTO "parishes" VALUES(656,215,'Zabala','2015-03-15 20:45:38','2015-03-15 20:45:38');
INSERT INTO "parishes" VALUES(657,216,'García','2015-03-15 20:45:38','2015-03-15 20:45:38');
INSERT INTO "parishes" VALUES(658,216,'Francisco Fajardo','2015-03-15 20:45:38','2015-03-15 20:45:38');
INSERT INTO "parishes" VALUES(659,217,'Bolívar','2015-03-15 20:45:38','2015-03-15 20:45:38');
INSERT INTO "parishes" VALUES(660,217,'Guevara','2015-03-15 20:45:38','2015-03-15 20:45:38');
INSERT INTO "parishes" VALUES(661,217,'Cerro de Matasiete','2015-03-15 20:45:38','2015-03-15 20:45:38');
INSERT INTO "parishes" VALUES(662,217,'Santa Ana','2015-03-15 20:45:38','2015-03-15 20:45:38');
INSERT INTO "parishes" VALUES(663,217,'Sucre','2015-03-15 20:45:38','2015-03-15 20:45:38');
INSERT INTO "parishes" VALUES(664,218,'Aguirre','2015-03-15 20:45:38','2015-03-15 20:45:38');
INSERT INTO "parishes" VALUES(665,218,'Maneiro','2015-03-15 20:45:38','2015-03-15 20:45:38');
INSERT INTO "parishes" VALUES(666,219,'Adrián','2015-03-15 20:45:38','2015-03-15 20:45:38');
INSERT INTO "parishes" VALUES(667,219,'Juan Griego','2015-03-15 20:45:38','2015-03-15 20:45:38');
INSERT INTO "parishes" VALUES(668,219,'Yaguaraparo','2015-03-15 20:45:38','2015-03-15 20:45:38');
INSERT INTO "parishes" VALUES(669,220,'Porlamar','2015-03-15 20:45:38','2015-03-15 20:45:38');
INSERT INTO "parishes" VALUES(670,221,'San Francisco de Macanao','2015-03-15 20:45:38','2015-03-15 20:45:38');
INSERT INTO "parishes" VALUES(671,221,'Boca de Río','2015-03-15 20:45:38','2015-03-15 20:45:38');
INSERT INTO "parishes" VALUES(672,222,'Tubores','2015-03-15 20:45:38','2015-03-15 20:45:38');
INSERT INTO "parishes" VALUES(673,223,'Villalba','2015-03-15 20:45:38','2015-03-15 20:45:38');
INSERT INTO "parishes" VALUES(674,224,'Agua Blanca','2015-03-15 20:45:38','2015-03-15 20:45:38');
INSERT INTO "parishes" VALUES(675,225,'Araure','2015-03-15 20:45:38','2015-03-15 20:45:38');
INSERT INTO "parishes" VALUES(676,226,'Píritu','2015-03-15 20:45:38','2015-03-15 20:45:38');
INSERT INTO "parishes" VALUES(677,226,'Uveral','2015-03-15 20:45:38','2015-03-15 20:45:38');
INSERT INTO "parishes" VALUES(678,227,'Guanare','2015-03-15 20:45:38','2015-03-15 20:45:38');
INSERT INTO "parishes" VALUES(679,228,'Guanarito','2015-03-15 20:45:38','2015-03-15 20:45:38');
INSERT INTO "parishes" VALUES(680,229,'Peña Blanca','2015-03-15 20:45:38','2015-03-15 20:45:38');
INSERT INTO "parishes" VALUES(681,230,'Aparición','2015-03-15 20:45:38','2015-03-15 20:45:38');
INSERT INTO "parishes" VALUES(682,230,'Ospino','2015-03-15 20:45:38','2015-03-15 20:45:38');
INSERT INTO "parishes" VALUES(683,231,'Acarigua','2015-03-15 20:45:38','2015-03-15 20:45:38');
INSERT INTO "parishes" VALUES(684,231,'Payara','2015-03-15 20:45:38','2015-03-15 20:45:38');
INSERT INTO "parishes" VALUES(685,232,'Papelón','2015-03-15 20:45:38','2015-03-15 20:45:38');
INSERT INTO "parishes" VALUES(686,233,'Boconoíto','2015-03-15 20:45:38','2015-03-15 20:45:38');
INSERT INTO "parishes" VALUES(687,234,'San Rafael de Onoto','2015-03-15 20:45:38','2015-03-15 20:45:38');
INSERT INTO "parishes" VALUES(688,234,'Santa Fé','2015-03-15 20:45:38','2015-03-15 20:45:38');
INSERT INTO "parishes" VALUES(689,235,'Florida','2015-03-15 20:45:38','2015-03-15 20:45:38');
INSERT INTO "parishes" VALUES(690,235,'El Playón','2015-03-15 20:45:38','2015-03-15 20:45:38');
INSERT INTO "parishes" VALUES(691,236,'Biscucuy','2015-03-15 20:45:38','2015-03-15 20:45:38');
INSERT INTO "parishes" VALUES(692,236,'Concepción','2015-03-15 20:45:38','2015-03-15 20:45:38');
INSERT INTO "parishes" VALUES(693,236,'San José de Saguaz','2015-03-15 20:45:38','2015-03-15 20:45:38');
INSERT INTO "parishes" VALUES(694,236,'San Rafael de Palo Alzado','2015-03-15 20:45:38','2015-03-15 20:45:38');
INSERT INTO "parishes" VALUES(695,236,'Uvencio Antonio Velásquez','2015-03-15 20:45:38','2015-03-15 20:45:38');
INSERT INTO "parishes" VALUES(696,236,'Villa Rosa','2015-03-15 20:45:38','2015-03-15 20:45:38');
INSERT INTO "parishes" VALUES(697,237,'Canelones','2015-03-15 20:45:38','2015-03-15 20:45:38');
INSERT INTO "parishes" VALUES(698,237,'Santa Cruz','2015-03-15 20:45:38','2015-03-15 20:45:38');
INSERT INTO "parishes" VALUES(699,237,'San Isidro Labrador','2015-03-15 20:45:38','2015-03-15 20:45:38');
INSERT INTO "parishes" VALUES(700,238,'Mariño','2015-03-15 20:45:38','2015-03-15 20:45:38');
INSERT INTO "parishes" VALUES(701,238,'Rómulo Gallegos','2015-03-15 20:45:38','2015-03-15 20:45:38');
INSERT INTO "parishes" VALUES(702,239,'San José de Aerocuar','2015-03-15 20:45:38','2015-03-15 20:45:38');
INSERT INTO "parishes" VALUES(703,239,'Tavera Acosta','2015-03-15 20:45:38','2015-03-15 20:45:38');
INSERT INTO "parishes" VALUES(704,240,'Río Caribe','2015-03-15 20:45:38','2015-03-15 20:45:38');
INSERT INTO "parishes" VALUES(705,240,'Antonio José de Sucre','2015-03-15 20:45:38','2015-03-15 20:45:38');
INSERT INTO "parishes" VALUES(706,240,'El Morro de Puerto Santo','2015-03-15 20:45:38','2015-03-15 20:45:38');
INSERT INTO "parishes" VALUES(707,240,'Puerto Santo','2015-03-15 20:45:38','2015-03-15 20:45:38');
INSERT INTO "parishes" VALUES(708,240,'San Juan de las Galdonas','2015-03-15 20:45:38','2015-03-15 20:45:38');
INSERT INTO "parishes" VALUES(709,241,'El Pilar','2015-03-15 20:45:38','2015-03-15 20:45:38');
INSERT INTO "parishes" VALUES(710,241,'El Rincón','2015-03-15 20:45:38','2015-03-15 20:45:38');
INSERT INTO "parishes" VALUES(711,241,'General Francisco Antonio Váquez','2015-03-15 20:45:38','2015-03-15 20:45:38');
INSERT INTO "parishes" VALUES(712,241,'Guaraúnos','2015-03-15 20:45:38','2015-03-15 20:45:38');
INSERT INTO "parishes" VALUES(713,241,'Tunapuicito','2015-03-15 20:45:38','2015-03-15 20:45:38');
INSERT INTO "parishes" VALUES(714,241,'Unión','2015-03-15 20:45:38','2015-03-15 20:45:38');
INSERT INTO "parishes" VALUES(715,242,'Santa Catalina','2015-03-15 20:45:38','2015-03-15 20:45:38');
INSERT INTO "parishes" VALUES(716,242,'Santa Rosa','2015-03-15 20:45:38','2015-03-15 20:45:38');
INSERT INTO "parishes" VALUES(717,242,'Santa Teresa','2015-03-15 20:45:38','2015-03-15 20:45:38');
INSERT INTO "parishes" VALUES(718,242,'Bolívar','2015-03-15 20:45:38','2015-03-15 20:45:38');
INSERT INTO "parishes" VALUES(719,242,'Maracapana','2015-03-15 20:45:38','2015-03-15 20:45:38');
INSERT INTO "parishes" VALUES(720,243,'Bolívar','2015-03-15 20:45:38','2015-03-15 20:45:38');
INSERT INTO "parishes" VALUES(721,244,'El Paujil','2015-03-15 20:45:38','2015-03-15 20:45:38');
INSERT INTO "parishes" VALUES(722,245,'Cruz Salmerón Acosta','2015-03-15 20:45:38','2015-03-15 20:45:38');
INSERT INTO "parishes" VALUES(723,245,'Manicuare','2015-03-15 20:45:38','2015-03-15 20:45:38');
INSERT INTO "parishes" VALUES(724,246,'Tunapuy','2015-03-15 20:45:38','2015-03-15 20:45:38');
INSERT INTO "parishes" VALUES(725,246,'Campo Elías','2015-03-15 20:45:38','2015-03-15 20:45:38');
INSERT INTO "parishes" VALUES(726,247,'Irapa','2015-03-15 20:45:38','2015-03-15 20:45:38');
INSERT INTO "parishes" VALUES(727,247,'Campo Claro','2015-03-15 20:45:38','2015-03-15 20:45:38');
INSERT INTO "parishes" VALUES(728,247,'Maraval','2015-03-15 20:45:38','2015-03-15 20:45:38');
INSERT INTO "parishes" VALUES(729,247,'Soro','2015-03-15 20:45:38','2015-03-15 20:45:38');
INSERT INTO "parishes" VALUES(730,248,'Mejía','2015-03-15 20:45:38','2015-03-15 20:45:38');
INSERT INTO "parishes" VALUES(731,249,'Cumanacoa','2015-03-15 20:45:38','2015-03-15 20:45:38');
INSERT INTO "parishes" VALUES(732,249,'Aricagua','2015-03-15 20:45:38','2015-03-15 20:45:38');
INSERT INTO "parishes" VALUES(733,249,'San Fernando','2015-03-15 20:45:38','2015-03-15 20:45:38');
INSERT INTO "parishes" VALUES(734,249,'San Lorenzo','2015-03-15 20:45:38','2015-03-15 20:45:38');
INSERT INTO "parishes" VALUES(735,250,'Villa Frontado','2015-03-15 20:45:38','2015-03-15 20:45:38');
INSERT INTO "parishes" VALUES(736,250,'Catuaro','2015-03-15 20:45:38','2015-03-15 20:45:38');
INSERT INTO "parishes" VALUES(737,250,'Rendón','2015-03-15 20:45:38','2015-03-15 20:45:38');
INSERT INTO "parishes" VALUES(738,250,'San Cruz','2015-03-15 20:45:38','2015-03-15 20:45:38');
INSERT INTO "parishes" VALUES(739,250,'Santa María','2015-03-15 20:45:38','2015-03-15 20:45:38');
INSERT INTO "parishes" VALUES(740,251,'Altagracia','2015-03-15 20:45:38','2015-03-15 20:45:38');
INSERT INTO "parishes" VALUES(741,251,'Santa Inés','2015-03-15 20:45:38','2015-03-15 20:45:38');
INSERT INTO "parishes" VALUES(742,251,'Valentín Valiente','2015-03-15 20:45:38','2015-03-15 20:45:38');
INSERT INTO "parishes" VALUES(743,251,'Ayacucho','2015-03-15 20:45:38','2015-03-15 20:45:38');
INSERT INTO "parishes" VALUES(744,251,'San Juan','2015-03-15 20:45:38','2015-03-15 20:45:38');
INSERT INTO "parishes" VALUES(745,251,'Raúl Leoni','2015-03-15 20:45:38','2015-03-15 20:45:38');
INSERT INTO "parishes" VALUES(746,251,'Gran Mariscal','2015-03-15 20:45:38','2015-03-15 20:45:38');
INSERT INTO "parishes" VALUES(747,252,'Cristóbal Colón','2015-03-15 20:45:38','2015-03-15 20:45:38');
INSERT INTO "parishes" VALUES(748,252,'Bideau','2015-03-15 20:45:38','2015-03-15 20:45:38');
INSERT INTO "parishes" VALUES(749,252,'Punta de Piedras','2015-03-15 20:45:38','2015-03-15 20:45:38');
INSERT INTO "parishes" VALUES(750,252,'Güiria','2015-03-15 20:45:38','2015-03-15 20:45:38');
INSERT INTO "parishes" VALUES(751,253,'Andrés Bello','2015-03-15 20:45:38','2015-03-15 20:45:38');
INSERT INTO "parishes" VALUES(752,254,'Antonio Rómulo Costa','2015-03-15 20:45:38','2015-03-15 20:45:38');
INSERT INTO "parishes" VALUES(753,255,'Ayacucho','2015-03-15 20:45:38','2015-03-15 20:45:38');
INSERT INTO "parishes" VALUES(754,255,'San Pedro del Río','2015-03-15 20:45:38','2015-03-15 20:45:38');
INSERT INTO "parishes" VALUES(755,256,'Bolívar','2015-03-15 20:45:38','2015-03-15 20:45:38');
INSERT INTO "parishes" VALUES(756,257,'Cárdenas','2015-03-15 20:45:38','2015-03-15 20:45:38');
INSERT INTO "parishes" VALUES(757,258,'Córdoba','2015-03-15 20:45:38','2015-03-15 20:45:38');
INSERT INTO "parishes" VALUES(758,259,'Fernández Feo','2015-03-15 20:45:38','2015-03-15 20:45:38');
INSERT INTO "parishes" VALUES(759,259,'Alberto Adriani','2015-03-15 20:45:38','2015-03-15 20:45:38');
INSERT INTO "parishes" VALUES(760,260,'Francisco de Miranda','2015-03-15 20:45:38','2015-03-15 20:45:38');
INSERT INTO "parishes" VALUES(761,261,'García de Hevia','2015-03-15 20:45:38','2015-03-15 20:45:38');
INSERT INTO "parishes" VALUES(762,261,'Boca de Grita','2015-03-15 20:45:38','2015-03-15 20:45:38');
INSERT INTO "parishes" VALUES(763,262,'Guásimos','2015-03-15 20:45:38','2015-03-15 20:45:38');
INSERT INTO "parishes" VALUES(764,263,'Independencia','2015-03-15 20:45:38','2015-03-15 20:45:38');
INSERT INTO "parishes" VALUES(765,262,'Juan Germán Roscio','2015-03-15 20:45:38','2015-03-15 20:45:38');
INSERT INTO "parishes" VALUES(766,264,'Jáuregui','2015-03-15 20:45:38','2015-03-15 20:45:38');
INSERT INTO "parishes" VALUES(767,265,'José María Vargas','2015-03-15 20:45:38','2015-03-15 20:45:38');
INSERT INTO "parishes" VALUES(768,266,'Junín','2015-03-15 20:45:38','2015-03-15 20:45:38');
INSERT INTO "parishes" VALUES(769,266,'La Petrólea','2015-03-15 20:45:38','2015-03-15 20:45:38');
INSERT INTO "parishes" VALUES(770,267,'Libertad','2015-03-15 20:45:38','2015-03-15 20:45:38');
INSERT INTO "parishes" VALUES(771,268,'Capital Libertador','2015-03-15 20:45:38','2015-03-15 20:45:38');
INSERT INTO "parishes" VALUES(772,269,'Lobatera','2015-03-15 20:45:38','2015-03-15 20:45:38');
INSERT INTO "parishes" VALUES(773,270,'Michelena','2015-03-15 20:45:38','2015-03-15 20:45:38');
INSERT INTO "parishes" VALUES(774,271,'Panamericano','2015-03-15 20:45:38','2015-03-15 20:45:38');
INSERT INTO "parishes" VALUES(775,272,'Pedro María Ureña','2015-03-15 20:45:38','2015-03-15 20:45:38');
INSERT INTO "parishes" VALUES(776,273,'Delicias','2015-03-15 20:45:38','2015-03-15 20:45:38');
INSERT INTO "parishes" VALUES(777,274,'Samuel Darío Maldonado','2015-03-15 20:45:38','2015-03-15 20:45:38');
INSERT INTO "parishes" VALUES(778,274,'Boconó','2015-03-15 20:45:38','2015-03-15 20:45:38');
INSERT INTO "parishes" VALUES(779,275,'La Concordia','2015-03-15 20:45:38','2015-03-15 20:45:38');
INSERT INTO "parishes" VALUES(780,275,'San Juan Bautista','2015-03-15 20:45:38','2015-03-15 20:45:38');
INSERT INTO "parishes" VALUES(781,275,'Pedro María Morantes','2015-03-15 20:45:38','2015-03-15 20:45:38');
INSERT INTO "parishes" VALUES(782,276,'Seboruco','2015-03-15 20:45:38','2015-03-15 20:45:38');
INSERT INTO "parishes" VALUES(783,277,'Simón Rodríguez','2015-03-15 20:45:38','2015-03-15 20:45:38');
INSERT INTO "parishes" VALUES(784,278,'Sucre','2015-03-15 20:45:38','2015-03-15 20:45:38');
INSERT INTO "parishes" VALUES(785,279,'San José','2015-03-15 20:45:38','2015-03-15 20:45:38');
INSERT INTO "parishes" VALUES(786,280,'Uribante','2015-03-15 20:45:38','2015-03-15 20:45:38');
INSERT INTO "parishes" VALUES(787,280,'Juan Pablo Peñalosa','2015-03-15 20:45:38','2015-03-15 20:45:38');
INSERT INTO "parishes" VALUES(788,280,'Potosí','2015-03-15 20:45:38','2015-03-15 20:45:38');
INSERT INTO "parishes" VALUES(789,281,'San Judas Tadeo','2015-03-15 20:45:38','2015-03-15 20:45:38');
INSERT INTO "parishes" VALUES(790,282,'Araguaney','2015-03-15 20:45:38','2015-03-15 20:45:38');
INSERT INTO "parishes" VALUES(791,282,'El Jaguito','2015-03-15 20:45:38','2015-03-15 20:45:38');
INSERT INTO "parishes" VALUES(792,283,'Boconó','2015-03-15 20:45:38','2015-03-15 20:45:38');
INSERT INTO "parishes" VALUES(793,284,'Sabana Grande','2015-03-15 20:45:38','2015-03-15 20:45:38');
INSERT INTO "parishes" VALUES(794,284,'Cheregüé','2015-03-15 20:45:38','2015-03-15 20:45:38');
INSERT INTO "parishes" VALUES(795,285,'Arnoldo Gabaldón','2015-03-15 20:45:38','2015-03-15 20:45:38');
INSERT INTO "parishes" VALUES(796,285,'Bolivia','2015-03-15 20:45:38','2015-03-15 20:45:38');
INSERT INTO "parishes" VALUES(797,285,'Carrillo','2015-03-15 20:45:38','2015-03-15 20:45:38');
INSERT INTO "parishes" VALUES(798,285,'Manuel Salvador Ulloa','2015-03-15 20:45:38','2015-03-15 20:45:38');
INSERT INTO "parishes" VALUES(799,286,'Carache','2015-03-15 20:45:38','2015-03-15 20:45:38');
INSERT INTO "parishes" VALUES(800,286,'La Concepción','2015-03-15 20:45:38','2015-03-15 20:45:38');
INSERT INTO "parishes" VALUES(801,286,'Santa Cruz','2015-03-15 20:45:38','2015-03-15 20:45:38');
INSERT INTO "parishes" VALUES(802,287,'Escuque','2015-03-15 20:45:38','2015-03-15 20:45:38');
INSERT INTO "parishes" VALUES(803,287,'Santa Rita','2015-03-15 20:45:38','2015-03-15 20:45:38');
INSERT INTO "parishes" VALUES(804,288,'El Socorro','2015-03-15 20:45:38','2015-03-15 20:45:38');
INSERT INTO "parishes" VALUES(805,288,'Antonio José de Sucre','2015-03-15 20:45:38','2015-03-15 20:45:38');
INSERT INTO "parishes" VALUES(806,289,'Campo Elías','2015-03-15 20:45:38','2015-03-15 20:45:38');
INSERT INTO "parishes" VALUES(807,289,'Arnoldo Gabaldón','2015-03-15 20:45:38','2015-03-15 20:45:38');
INSERT INTO "parishes" VALUES(808,290,'Santa Apolonia','2015-03-15 20:45:38','2015-03-15 20:45:38');
INSERT INTO "parishes" VALUES(809,290,'La Ceiba','2015-03-15 20:45:38','2015-03-15 20:45:38');
INSERT INTO "parishes" VALUES(810,291,'Agua Santa','2015-03-15 20:45:38','2015-03-15 20:45:38');
INSERT INTO "parishes" VALUES(811,291,'Valerita','2015-03-15 20:45:38','2015-03-15 20:45:38');
INSERT INTO "parishes" VALUES(812,292,'Carmelo','2015-03-15 20:45:38','2015-03-15 20:45:38');
INSERT INTO "parishes" VALUES(813,292,'Santa María del Horcón','2015-03-15 20:45:38','2015-03-15 20:45:38');
INSERT INTO "parishes" VALUES(814,293,'Motatán','2015-03-15 20:45:38','2015-03-15 20:45:38');
INSERT INTO "parishes" VALUES(815,293,'Jalisco','2015-03-15 20:45:38','2015-03-15 20:45:38');
INSERT INTO "parishes" VALUES(816,294,'Pampán','2015-03-15 20:45:38','2015-03-15 20:45:38');
INSERT INTO "parishes" VALUES(817,294,'Santa Ana','2015-03-15 20:45:38','2015-03-15 20:45:38');
INSERT INTO "parishes" VALUES(818,295,'Pampanito','2015-03-15 20:45:38','2015-03-15 20:45:38');
INSERT INTO "parishes" VALUES(819,295,'Pampanito II','2015-03-15 20:45:38','2015-03-15 20:45:38');
INSERT INTO "parishes" VALUES(820,296,'Betijoque','2015-03-15 20:45:38','2015-03-15 20:45:38');
INSERT INTO "parishes" VALUES(821,296,'José Gregorio Hernández','2015-03-15 20:45:38','2015-03-15 20:45:38');
INSERT INTO "parishes" VALUES(822,296,'La Pueblita','2015-03-15 20:45:38','2015-03-15 20:45:38');
INSERT INTO "parishes" VALUES(823,297,'Carvajal','2015-03-15 20:45:38','2015-03-15 20:45:38');
INSERT INTO "parishes" VALUES(824,297,'Campo Alegre','2015-03-15 20:45:38','2015-03-15 20:45:38');
INSERT INTO "parishes" VALUES(825,297,'Antonio Nicolás Briceño','2015-03-15 20:45:38','2015-03-15 20:45:38');
INSERT INTO "parishes" VALUES(826,298,'Sabana de Mendoza','2015-03-15 20:45:38','2015-03-15 20:45:38');
INSERT INTO "parishes" VALUES(827,298,'Junín','2015-03-15 20:45:38','2015-03-15 20:45:38');
INSERT INTO "parishes" VALUES(828,298,'Valmore Rodríguez','2015-03-15 20:45:38','2015-03-15 20:45:38');
INSERT INTO "parishes" VALUES(829,298,'El Paraíso','2015-03-15 20:45:38','2015-03-15 20:45:38');
INSERT INTO "parishes" VALUES(830,299,'Andrés Linares','2015-03-15 20:45:38','2015-03-15 20:45:38');
INSERT INTO "parishes" VALUES(831,299,'Cristóbal Mendoza','2015-03-15 20:45:38','2015-03-15 20:45:38');
INSERT INTO "parishes" VALUES(832,299,'Carrillo','2015-03-15 20:45:38','2015-03-15 20:45:38');
INSERT INTO "parishes" VALUES(833,300,'Cabimbú','2015-03-15 20:45:38','2015-03-15 20:45:38');
INSERT INTO "parishes" VALUES(834,300,'Jajó','2015-03-15 20:45:38','2015-03-15 20:45:38');
INSERT INTO "parishes" VALUES(835,300,'La Mesa de Esnujaque','2015-03-15 20:45:38','2015-03-15 20:45:38');
INSERT INTO "parishes" VALUES(836,300,'Santiago','2015-03-15 20:45:38','2015-03-15 20:45:38');
INSERT INTO "parishes" VALUES(837,300,'La Quebrada','2015-03-15 20:45:38','2015-03-15 20:45:38');
INSERT INTO "parishes" VALUES(838,301,'Juan Ignacio Montilla','2015-03-15 20:45:38','2015-03-15 20:45:38');
INSERT INTO "parishes" VALUES(839,301,'La Beatriz','2015-03-15 20:45:38','2015-03-15 20:45:38');
INSERT INTO "parishes" VALUES(840,301,'La Puerta','2015-03-15 20:45:38','2015-03-15 20:45:38');
INSERT INTO "parishes" VALUES(841,301,'Mendoza del Valle de Momboy','2015-03-15 20:45:38','2015-03-15 20:45:38');
INSERT INTO "parishes" VALUES(842,301,'Mercedes Díaz','2015-03-15 20:45:38','2015-03-15 20:45:38');
INSERT INTO "parishes" VALUES(843,301,'San Luis','2015-03-15 20:45:38','2015-03-15 20:45:38');
INSERT INTO "parishes" VALUES(844,302,'El Guayabo','2015-03-15 20:45:38','2015-03-15 20:45:38');
INSERT INTO "parishes" VALUES(845,302,'Farriar','2015-03-15 20:45:38','2015-03-15 20:45:38');
INSERT INTO "parishes" VALUES(846,303,'Arístides Bastidas','2015-03-15 20:45:38','2015-03-15 20:45:38');
INSERT INTO "parishes" VALUES(847,304,'Bolívar','2015-03-15 20:45:38','2015-03-15 20:45:38');
INSERT INTO "parishes" VALUES(848,305,'Chivacoa','2015-03-15 20:45:38','2015-03-15 20:45:38');
INSERT INTO "parishes" VALUES(849,305,'Campo Elías','2015-03-15 20:45:38','2015-03-15 20:45:38');
INSERT INTO "parishes" VALUES(850,306,'Cocorote','2015-03-15 20:45:38','2015-03-15 20:45:38');
INSERT INTO "parishes" VALUES(851,307,'Independencia','2015-03-15 20:45:38','2015-03-15 20:45:38');
INSERT INTO "parishes" VALUES(852,308,'José Antonio Páez','2015-03-15 20:45:38','2015-03-15 20:45:38');
INSERT INTO "parishes" VALUES(853,309,'La Trinidad','2015-03-15 20:45:38','2015-03-15 20:45:38');
INSERT INTO "parishes" VALUES(854,310,'Manuel Monge','2015-03-15 20:45:38','2015-03-15 20:45:38');
INSERT INTO "parishes" VALUES(855,311,'Salóm','2015-03-15 20:45:38','2015-03-15 20:45:38');
INSERT INTO "parishes" VALUES(856,311,'Nirgua','2015-03-15 20:45:38','2015-03-15 20:45:38');
INSERT INTO "parishes" VALUES(857,312,'San Andrés','2015-03-15 20:45:38','2015-03-15 20:45:38');
INSERT INTO "parishes" VALUES(858,312,'Yaritagua','2015-03-15 20:45:38','2015-03-15 20:45:38');
INSERT INTO "parishes" VALUES(859,313,'San Felipe','2015-03-15 20:45:38','2015-03-15 20:45:38');
INSERT INTO "parishes" VALUES(860,313,'San Javier','2015-03-15 20:45:38','2015-03-15 20:45:38');
INSERT INTO "parishes" VALUES(861,314,'Sucre','2015-03-15 20:45:38','2015-03-15 20:45:38');
INSERT INTO "parishes" VALUES(862,315,'Urachiche','2015-03-15 20:45:38','2015-03-15 20:45:38');
INSERT INTO "parishes" VALUES(863,316,'Isla de Toas','2015-03-15 20:45:38','2015-03-15 20:45:38');
INSERT INTO "parishes" VALUES(864,316,'Monagas','2015-03-15 20:45:38','2015-03-15 20:45:38');
INSERT INTO "parishes" VALUES(865,317,'San Timoteo','2015-03-15 20:45:38','2015-03-15 20:45:38');
INSERT INTO "parishes" VALUES(866,317,'Libertador','2015-03-15 20:45:38','2015-03-15 20:45:38');
INSERT INTO "parishes" VALUES(867,317,'Pueblo Nuevo','2015-03-15 20:45:38','2015-03-15 20:45:38');
INSERT INTO "parishes" VALUES(868,318,'La Rosa','2015-03-15 20:45:38','2015-03-15 20:45:38');
INSERT INTO "parishes" VALUES(869,318,'Rómulo Betancourt','2015-03-15 20:45:38','2015-03-15 20:45:38');
INSERT INTO "parishes" VALUES(870,318,'San Benito','2015-03-15 20:45:38','2015-03-15 20:45:38');
INSERT INTO "parishes" VALUES(871,318,'Arístides Calvani','2015-03-15 20:45:38','2015-03-15 20:45:38');
INSERT INTO "parishes" VALUES(872,319,'Encontrados','2015-03-15 20:45:38','2015-03-15 20:45:38');
INSERT INTO "parishes" VALUES(873,320,'Moralito','2015-03-15 20:45:38','2015-03-15 20:45:38');
INSERT INTO "parishes" VALUES(874,320,'San Carlos del Zulia','2015-03-15 20:45:38','2015-03-15 20:45:38');
INSERT INTO "parishes" VALUES(875,320,'Santa Cruz del Zulia','2015-03-15 20:45:38','2015-03-15 20:45:38');
INSERT INTO "parishes" VALUES(876,320,'Santa Bárbara','2015-03-15 20:45:38','2015-03-15 20:45:38');
INSERT INTO "parishes" VALUES(877,320,'Urribarrí','2015-03-15 20:45:38','2015-03-15 20:45:38');
INSERT INTO "parishes" VALUES(878,321,'Carlos Quevedo','2015-03-15 20:45:38','2015-03-15 20:45:38');
INSERT INTO "parishes" VALUES(879,321,'Francisco Javier Pulgar','2015-03-15 20:45:38','2015-03-15 20:45:38');
INSERT INTO "parishes" VALUES(880,322,'La Concepción','2015-03-15 20:45:38','2015-03-15 20:45:38');
INSERT INTO "parishes" VALUES(881,322,'Mariano Parra León','2015-03-15 20:45:38','2015-03-15 20:45:38');
INSERT INTO "parishes" VALUES(882,323,'Concepción','2015-03-15 20:45:38','2015-03-15 20:45:38');
INSERT INTO "parishes" VALUES(883,323,'Chiquinquirá','2015-03-15 20:45:38','2015-03-15 20:45:38');
INSERT INTO "parishes" VALUES(884,323,'Potreritos','2015-03-15 20:45:38','2015-03-15 20:45:38');
INSERT INTO "parishes" VALUES(885,324,'Libertad','2015-03-15 20:45:38','2015-03-15 20:45:38');
INSERT INTO "parishes" VALUES(886,324,'Venezuela','2015-03-15 20:45:38','2015-03-15 20:45:38');
INSERT INTO "parishes" VALUES(887,324,'Campo Lara','2015-03-15 20:45:38','2015-03-15 20:45:38');
INSERT INTO "parishes" VALUES(888,325,'San José de Perijá','2015-03-15 20:45:38','2015-03-15 20:45:38');
INSERT INTO "parishes" VALUES(889,326,'mara','2015-03-15 20:45:38','2015-03-15 20:45:38');
INSERT INTO "parishes" VALUES(890,327,'Bolívar','2015-03-15 20:45:38','2015-03-15 20:45:38');
INSERT INTO "parishes" VALUES(891,327,'Coquivacoa','2015-03-15 20:45:38','2015-03-15 20:45:38');
INSERT INTO "parishes" VALUES(892,327,'Chiquinquirá','2015-03-15 20:45:38','2015-03-15 20:45:38');
INSERT INTO "parishes" VALUES(893,327,'Raúl Leoni','2015-03-15 20:45:38','2015-03-15 20:45:38');
INSERT INTO "parishes" VALUES(894,327,'Santa Lucía','2015-03-15 20:45:38','2015-03-15 20:45:38');
INSERT INTO "parishes" VALUES(895,327,'San Isidro','2015-03-15 20:45:38','2015-03-15 20:45:38');
INSERT INTO "parishes" VALUES(896,328,'Altagracia','2015-03-15 20:45:38','2015-03-15 20:45:38');
INSERT INTO "parishes" VALUES(897,328,'Faría','2015-03-15 20:45:38','2015-03-15 20:45:38');
INSERT INTO "parishes" VALUES(898,328,'San Antonio','2015-03-15 20:45:38','2015-03-15 20:45:38');
INSERT INTO "parishes" VALUES(899,328,'San José','2015-03-15 20:45:38','2015-03-15 20:45:38');
INSERT INTO "parishes" VALUES(900,329,'Guajira','2015-03-15 20:45:38','2015-03-15 20:45:38');
INSERT INTO "parishes" VALUES(901,329,'Elías Sánchez Rubio','2015-03-15 20:45:38','2015-03-15 20:45:38');
INSERT INTO "parishes" VALUES(902,330,'El Rosario','2015-03-15 20:45:38','2015-03-15 20:45:38');
INSERT INTO "parishes" VALUES(903,331,'San Francisco','2015-03-15 20:45:38','2015-03-15 20:45:38');
INSERT INTO "parishes" VALUES(904,331,'Los Cortijos','2015-03-15 20:45:38','2015-03-15 20:45:38');
INSERT INTO "parishes" VALUES(905,332,'Santa Rita','2015-03-15 20:45:38','2015-03-15 20:45:38');
INSERT INTO "parishes" VALUES(906,332,'Urribarrí','2015-03-15 20:45:38','2015-03-15 20:45:38');
INSERT INTO "parishes" VALUES(907,333,'Rafael','2015-03-15 20:45:38','2015-03-15 20:45:38');
INSERT INTO "parishes" VALUES(908,333,'Manuel Manrique','2015-03-15 20:45:38','2015-03-15 20:45:38');
INSERT INTO "parishes" VALUES(909,334,'Gibraltar','2015-03-15 20:45:38','2015-03-15 20:45:38');
INSERT INTO "parishes" VALUES(910,334,'Rómulo Gallegos','2015-03-15 20:45:38','2015-03-15 20:45:38');
INSERT INTO "parishes" VALUES(911,335,'Rafael Urdaneta ','2015-03-15 20:45:38','2015-03-15 20:45:38');
INSERT INTO "parishes" VALUES(912,334,'La Victoria','2015-03-15 20:45:38','2015-03-15 20:45:38');
INSERT INTO "parishes" VALUES(913,335,'Raúl Cuenca','2015-03-15 20:45:38','2015-03-15 20:45:38');
INSERT INTO "parishes" VALUES(914,336,'Jesús María Semprún','2015-03-15 20:45:38','2015-03-15 20:45:38');
CREATE TABLE "directions" ("id" integer not null primary key autoincrement, "directionable_id" integer not null, "directionable_type" varchar not null, "parish_id" integer not null, "details" varchar null, "created_at" datetime not null, "updated_at" datetime not null, "created_by" integer not null, "updated_by" integer not null, "deleted_at" datetime null, foreign key("parish_id") references "parishes"("id"), foreign key("created_by") references "users"("id"), foreign key("updated_by") references "users"("id"));
INSERT INTO "directions" VALUES(1,1,'App\Person',1,'Calle del tester.','2015-03-15 16:15:38','2015-03-15 16:15:38',1,1,NULL);
INSERT INTO "directions" VALUES(2,1,'App\Product',82,'Praza Vila, 079, 1º C','2015-03-15 16:15:39','2015-03-15 16:15:39',1,1,NULL);
INSERT INTO "directions" VALUES(3,2,'App\Product',86,'Plaça Navarro, 8, 4º','2015-03-15 16:15:39','2015-03-15 16:15:39',1,1,NULL);
CREATE TABLE "profiles" ("id" integer not null primary key autoincrement, "description" varchar not null, "created_at" datetime not null, "updated_at" datetime not null);
INSERT INTO "profiles" VALUES(1,'Administrador','2015-03-15 16:15:38','2015-03-15 16:15:38');
INSERT INTO "profiles" VALUES(2,'Usuario','2015-03-15 16:15:38','2015-03-15 16:15:38');
INSERT INTO "profiles" VALUES(3,'Desactivado','2015-03-15 16:15:38','2015-03-15 16:15:38');
CREATE TABLE "nationalities" ("id" integer not null primary key autoincrement, "description" varchar not null, "created_at" datetime not null, "updated_at" datetime not null);
INSERT INTO "nationalities" VALUES(1,'Venezolano','2015-03-15 16:15:38','2015-03-15 16:15:38');
INSERT INTO "nationalities" VALUES(2,'Extrangero','2015-03-15 16:15:38','2015-03-15 16:15:38');
CREATE TABLE "people" ("id" integer not null primary key autoincrement, "user_id" integer not null, "gender_id" integer not null, "nationality_id" integer not null, "first_name" varchar not null, "last_name" varchar null, "first_surname" varchar not null, "last_surname" varchar null, "identity_card" varchar not null, "phone" varchar null, "birth_date" date null, "created_at" datetime not null, "updated_at" datetime not null, foreign key("user_id") references "users"("id") on delete cascade, foreign key("gender_id") references "genders"("id"), foreign key("nationality_id") references "nationalities"("id"));
INSERT INTO "people" VALUES(1,1,1,1,'tester',NULL,'tester',NULL,'10000001','+58-(212)-111-2233','1999-09-09','current_timestampt','current_timestampt');
CREATE TABLE "makers" ("id" integer not null primary key autoincrement, "name" varchar not null, "slug" varchar not null, "domain" varchar null, "url" varchar null, "logo_path" varchar null, "logo_alt" varchar null, "created_at" datetime not null, "updated_at" datetime not null);
INSERT INTO "makers" VALUES(1,'Collado de Jaimes e Hija','collado-de-jaimes-e-hija','magana.es','http://www.corporacion.com/et-ipsum-ipsa-laborum.html',NULL,NULL,'2015-03-15 16:15:38','2015-03-15 16:15:38');
INSERT INTO "makers" VALUES(2,'Rocha de Mateos','rocha-de-mateos','limon.com','http://www.asociacion.es/qui-repudiandae-quis-et-soluta',NULL,NULL,'2015-03-15 16:15:38','2015-03-15 16:15:38');
INSERT INTO "makers" VALUES(3,'Sánchez de Llamas','sanchez-de-llamas','rascon.org','http://pagancarranza.com/corporis-accusantium-repudiandae-rerum-et-eveniet.html',NULL,NULL,'2015-03-15 16:15:38','2015-03-15 16:15:38');
INSERT INTO "makers" VALUES(4,'Balderas de González SRL','balderas-de-gonzalez-srl','peresgurule.org','https://www.ramos.org/dolore-aperiam-cupiditate-temporibus-necessitatibus-sunt-dolorem',NULL,NULL,'2015-03-15 16:15:38','2015-03-15 16:15:38');
INSERT INTO "makers" VALUES(5,'González y Escudero','gonzalez-y-escudero','lorentelorenzo.com','http://jaquez.es/esse-corrupti-cum-odit-quas-aliquid-inventore-molestias',NULL,NULL,'2015-03-15 16:15:38','2015-03-15 16:15:38');
INSERT INTO "makers" VALUES(6,'Muñóz de Moreno e Hija','munoz-de-moreno-e-hija','lucas.es','http://porras.es/velit-accusamus-ad-eum',NULL,NULL,'2015-03-15 16:15:39','2015-03-15 16:15:39');
INSERT INTO "makers" VALUES(7,'Sanabria y Manzano','sanabria-y-manzano','veliz.es','http://requena.net/vero-ipsum-illo-sit.html',NULL,NULL,'2015-03-15 16:15:39','2015-03-15 16:15:39');
INSERT INTO "makers" VALUES(8,'Global Nieto-Ávalos','global-nieto-avalos','carrero.com','http://jaramillo.org/praesentium-eligendi-perferendis-dolor-cumque-rem-consequatur.html',NULL,NULL,'2015-03-15 16:15:39','2015-03-15 16:15:39');
INSERT INTO "makers" VALUES(9,'Santiago y Cisneros e Hijos','santiago-y-cisneros-e-hijos','blasco.org','http://www.delrio.es/qui-aliquid-ducimus-assumenda-veniam-repudiandae-tempora-minus.html',NULL,NULL,'2015-03-15 16:15:39','2015-03-15 16:15:39');
INSERT INTO "makers" VALUES(10,'Valles y Urrutia','valles-y-urrutia','enriquezferrer.com','http://air.com/culpa-eveniet-rerum-dolorum-dolorum-quia-amet.html',NULL,NULL,'2015-03-15 16:15:39','2015-03-15 16:15:39');
INSERT INTO "makers" VALUES(11,'Empresa Mateo','empresa-mateo','zuniga.com.es','http://ontiverosbatista.com.es/',NULL,NULL,'2015-03-15 16:15:39','2015-03-15 16:15:39');
INSERT INTO "makers" VALUES(12,'Casillas de Acevedo','casillas-de-acevedo','centro.es','https://sedillo.com/modi-et-dolor-quam-et-aut-vel.html',NULL,NULL,'2015-03-15 16:15:39','2015-03-15 16:15:39');
INSERT INTO "makers" VALUES(13,'Rosales y Atencio S. de H.','rosales-y-atencio-s-de-h','paez.org','http://www.urrutiacollado.com/omnis-omnis-et-eius-et-saepe-eveniet-ducimus.html',NULL,NULL,'2015-03-15 16:15:39','2015-03-15 16:15:39');
INSERT INTO "makers" VALUES(14,'Cuesta-Piñeiro y Asoc.','cuesta-pineiro-y-asoc','najera.com.es','http://www.martin.org/eligendi-inventore-maxime-praesentium-laudantium-et-est.html',NULL,NULL,'2015-03-15 16:15:39','2015-03-15 16:15:39');
CREATE TABLE "categories" ("id" integer not null primary key autoincrement, "description" varchar not null, "slug" varchar not null, "created_at" datetime not null, "updated_at" datetime not null);
INSERT INTO "categories" VALUES(1,'Productos Agro-Industriales','productos-agro-industriales','2015-03-15 16:15:38','2015-03-15 16:15:38');
INSERT INTO "categories" VALUES(2,'Productos Alimenticios','productos-alimenticios','2015-03-15 16:15:38','2015-03-15 16:15:38');
CREATE TABLE "sub_categories" ("id" integer not null primary key autoincrement, "category_id" integer not null, "description" varchar not null, "slug" varchar not null, "created_at" datetime not null, "updated_at" datetime not null, foreign key("category_id") references "categories"("id") on delete cascade);
INSERT INTO "sub_categories" VALUES(1,1,'Maquinaria Pesada','maquinaria-pesada','2015-03-15 16:15:38','2015-03-15 16:15:38');
INSERT INTO "sub_categories" VALUES(2,1,'Tractores','tractores','2015-03-15 16:15:38','2015-03-15 16:15:38');
INSERT INTO "sub_categories" VALUES(3,1,'Maquinaria Ligera','maquinaria-ligera','2015-03-15 16:15:38','2015-03-15 16:15:38');
INSERT INTO "sub_categories" VALUES(4,2,'Chocolate','chocolate','2015-03-15 16:15:38','2015-03-15 16:15:38');
INSERT INTO "sub_categories" VALUES(5,2,'Arroz','arroz','2015-03-15 16:15:38','2015-03-15 16:15:38');
INSERT INTO "sub_categories" VALUES(6,2,'Avena','avena','2015-03-15 16:15:38','2015-03-15 16:15:38');
INSERT INTO "sub_categories" VALUES(7,2,'Soya','soya','2015-03-15 16:15:38','2015-03-15 16:15:38');
CREATE TABLE "products" ("id" integer not null primary key autoincrement, "user_id" integer not null, "maker_id" integer not null, "title" varchar not null, "description" text not null, "price" float not null, "quantity" integer not null, "slug" varchar not null, "created_at" datetime not null, "updated_at" datetime not null, "created_by" integer not null, "updated_by" integer not null, "deleted_at" datetime null, foreign key("user_id") references "users"("id") on delete cascade, foreign key("maker_id") references "makers"("id"), foreign key("created_by") references "users"("id"), foreign key("updated_by") references "users"("id"));
INSERT INTO "products" VALUES(1,1,11,'Ullam aliquam enim commodi ea error maxime.','Aliquam eveniet ab temporibus. Occaecati recusandae aut impedit maxime blanditiis. Quis perferendis et neque aut voluptate commodi.',3512473838.44,4,'ullam-aliquam-enim-commodi-ea-error-maxime','2015-03-15 16:15:39','2015-03-15 16:15:39',1,1,NULL);
INSERT INTO "products" VALUES(2,1,9,'Iste beatae iusto beatae qui quidem.','Velit possimus facere placeat ratione voluptatem et cumque. Laborum esse dolores voluptas. Aut reiciendis quia sit voluptatem aut harum doloribus.',3062091610.11,16,'iste-beatae-iusto-beatae-qui-quidem','2015-03-15 16:15:39','2015-03-15 16:15:39',1,1,NULL);
CREATE TABLE "purchases" ("id" integer not null primary key autoincrement, "user_id" integer not null, "product_id" integer not null, "quantity" integer not null, "date" date not null, "created_by" integer not null, "updated_by" integer not null, "created_at" datetime not null, "updated_at" datetime not null, foreign key("user_id") references "users"("id") on delete cascade, foreign key("product_id") references "products"("id"), foreign key("created_by") references "users"("id"), foreign key("updated_by") references "users"("id"));
CREATE TABLE "promotions" ("id" integer not null primary key autoincrement, "title" varchar not null, "percentage" integer null, "static" integer null, "begins" date not null, "ends" date not null, "created_at" datetime not null, "updated_at" datetime not null);
CREATE TABLE "product_promotion" ("product_id" integer not null, "promotion_id" integer not null, foreign key("product_id") references "products"("id"), foreign key("promotion_id") references "promotions"("id"));
CREATE TABLE "files" ("id" integer not null primary key autoincrement, "fileable_id" integer not null, "fileable_type" varchar not null, "path" varchar not null, "mime" varchar not null, "created_at" datetime not null, "updated_at" datetime not null, "created_by" integer not null, "updated_by" integer not null, foreign key("created_by") references "users"("id"), foreign key("updated_by") references "users"("id"));
INSERT INTO "files" VALUES(1,1,'App\Feature','products/1/201503150403033939-1XNJxfdWEWPcIVL7SS4m.pdf','application/pdf','2015-03-15 16:15:39','2015-03-15 16:15:39',1,1);
INSERT INTO "files" VALUES(2,2,'App\Feature','products/1/201503150403033939-5tsvzdn7RQgLfHfWbccx.pdf','application/pdf','2015-03-15 16:15:39','2015-03-15 16:15:39',1,1);
INSERT INTO "files" VALUES(3,3,'App\Feature','products/1/201503150403033939-kZR3WKUF6DGYNaJSCrnz.pdf','application/pdf','2015-03-15 16:15:39','2015-03-15 16:15:39',1,1);
INSERT INTO "files" VALUES(4,4,'App\Feature','products/1/201503150403033939-zcoiJFQ6z3EzEwep3RYm.pdf','application/pdf','2015-03-15 16:15:39','2015-03-15 16:15:39',1,1);
INSERT INTO "files" VALUES(5,5,'App\Feature','products/1/201503150403033939-GilpfpKv1ZfR88KPlCWG.pdf','application/pdf','2015-03-15 16:15:39','2015-03-15 16:15:39',1,1);
INSERT INTO "files" VALUES(6,6,'App\Feature','products/2/201503150403033939-s5hwDwy3QgiDSkKO8iHK.pdf','application/pdf','2015-03-15 16:15:39','2015-03-15 16:15:39',1,1);
INSERT INTO "files" VALUES(7,7,'App\Feature','products/2/201503150403033939-qUGzpiAtNPLsEIUdLPQC.pdf','application/pdf','2015-03-15 16:15:39','2015-03-15 16:15:39',1,1);
INSERT INTO "files" VALUES(8,8,'App\Feature','products/2/201503150403033939-QeCcOaptMz6RyM2E295K.pdf','application/pdf','2015-03-15 16:15:39','2015-03-15 16:15:39',1,1);
INSERT INTO "files" VALUES(9,9,'App\Feature','products/2/201503150403033939-OJscMdTaJbhdmhcTfkoo.pdf','application/pdf','2015-03-15 16:15:40','2015-03-15 16:15:40',1,1);
INSERT INTO "files" VALUES(10,10,'App\Feature','products/2/201503150403034040-1GUgAr62d8tE3LtZHsJJ.pdf','application/pdf','2015-03-15 16:15:40','2015-03-15 16:15:40',1,1);
CREATE TABLE "images" ("id" integer not null primary key autoincrement, "imageable_id" integer not null, "imageable_type" varchar not null, "path" varchar not null, "mime" varchar not null, "alt" varchar not null, "created_at" datetime not null, "updated_at" datetime not null, "created_by" integer not null, "updated_by" integer not null, foreign key("created_by") references "users"("id"), foreign key("updated_by") references "users"("id"));
INSERT INTO "images" VALUES(1,1,'App\Feature','products/1/201503150403033939-UrB980GauVoNeN79Foq3.gif','image/gif','orbiagro.com.ve subastas compra y venta: tester','2015-03-15 16:15:39','2015-03-15 16:15:39',1,1);
INSERT INTO "images" VALUES(2,2,'App\Feature','products/1/201503150403033939-ysal2jdkpGuGlZPsYCU1.gif','image/gif','orbiagro.com.ve subastas compra y venta: tester','2015-03-15 16:15:39','2015-03-15 16:15:39',1,1);
INSERT INTO "images" VALUES(3,3,'App\Feature','products/1/201503150403033939-SrR9dyAXeEFdlMDLW47O.gif','image/gif','orbiagro.com.ve subastas compra y venta: tester','2015-03-15 16:15:39','2015-03-15 16:15:39',1,1);
INSERT INTO "images" VALUES(4,4,'App\Feature','products/1/201503150403033939-O4WfVmWJKoKGRAtgKt9O.gif','image/gif','orbiagro.com.ve subastas compra y venta: tester','2015-03-15 16:15:39','2015-03-15 16:15:39',1,1);
INSERT INTO "images" VALUES(5,5,'App\Feature','products/1/201503150403033939-3ScGxekdhApN6Ka6qoaL.gif','image/gif','orbiagro.com.ve subastas compra y venta: tester','2015-03-15 16:15:39','2015-03-15 16:15:39',1,1);
INSERT INTO "images" VALUES(6,6,'App\Feature','products/2/201503150403033939-KKTUdYq3zox55Cc58sTu.gif','image/gif','orbiagro.com.ve subastas compra y venta: tester','2015-03-15 16:15:39','2015-03-15 16:15:39',1,1);
INSERT INTO "images" VALUES(7,7,'App\Feature','products/2/201503150403033939-bbK54bBm7vjlEZ0LDpPB.gif','image/gif','orbiagro.com.ve subastas compra y venta: tester','2015-03-15 16:15:39','2015-03-15 16:15:39',1,1);
INSERT INTO "images" VALUES(8,8,'App\Feature','products/2/201503150403033939-XcNqLTpi0c7Aw2FizFhl.gif','image/gif','orbiagro.com.ve subastas compra y venta: tester','2015-03-15 16:15:39','2015-03-15 16:15:39',1,1);
INSERT INTO "images" VALUES(9,9,'App\Feature','products/2/201503150403033939-5IyxS2XeUEd6AGs03C3q.gif','image/gif','orbiagro.com.ve subastas compra y venta: tester','2015-03-15 16:15:39','2015-03-15 16:15:39',1,1);
INSERT INTO "images" VALUES(10,10,'App\Feature','products/2/201503150403034040-fsXqsBdNbmZQErlDt4pu.gif','image/gif','orbiagro.com.ve subastas compra y venta: tester','2015-03-15 16:15:40','2015-03-15 16:15:40',1,1);
CREATE TABLE "characteristics" ("id" integer not null primary key autoincrement, "product_id" integer not null, "height" integer null, "width" integer null, "depth" integer null, "weight" integer null, "units" integer null, "created_at" datetime not null, "updated_at" datetime not null, "created_by" integer not null, "updated_by" integer not null, foreign key("product_id") references "products"("id"), foreign key("created_by") references "users"("id"), foreign key("updated_by") references "users"("id"));
CREATE TABLE "features" ("id" integer not null primary key autoincrement, "product_id" integer not null, "title" varchar not null, "description" varchar not null, "created_at" datetime not null, "updated_at" datetime not null, "created_by" integer not null, "updated_by" integer not null, foreign key("product_id") references "products"("id"), foreign key("created_by") references "users"("id"), foreign key("updated_by") references "users"("id"));
INSERT INTO "features" VALUES(1,1,'tester','tester','2015-03-15 16:15:39','2015-03-15 16:15:39',1,1);
INSERT INTO "features" VALUES(2,1,'tester','tester','2015-03-15 16:15:39','2015-03-15 16:15:39',1,1);
INSERT INTO "features" VALUES(3,1,'tester','tester','2015-03-15 16:15:39','2015-03-15 16:15:39',1,1);
INSERT INTO "features" VALUES(4,1,'tester','tester','2015-03-15 16:15:39','2015-03-15 16:15:39',1,1);
INSERT INTO "features" VALUES(5,1,'tester','tester','2015-03-15 16:15:39','2015-03-15 16:15:39',1,1);
INSERT INTO "features" VALUES(6,2,'tester','tester','2015-03-15 16:15:39','2015-03-15 16:15:39',1,1);
INSERT INTO "features" VALUES(7,2,'tester','tester','2015-03-15 16:15:39','2015-03-15 16:15:39',1,1);
INSERT INTO "features" VALUES(8,2,'tester','tester','2015-03-15 16:15:39','2015-03-15 16:15:39',1,1);
INSERT INTO "features" VALUES(9,2,'tester','tester','2015-03-15 16:15:39','2015-03-15 16:15:39',1,1);
INSERT INTO "features" VALUES(10,2,'tester','tester','2015-03-15 16:15:40','2015-03-15 16:15:40',1,1);
CREATE TABLE "mechanical_infos" ("id" integer not null primary key autoincrement, "product_id" integer not null, "motor" varchar null, "cylinders" integer null, "horsepower" integer null, "mileage" integer null, "traction" integer null, "lift" integer null, "created_at" datetime not null, "updated_at" datetime not null, "created_by" integer not null, "updated_by" integer not null, foreign key("product_id") references "products"("id"), foreign key("created_by") references "users"("id"), foreign key("updated_by") references "users"("id"));
CREATE TABLE "nutritionals" ("id" integer not null primary key autoincrement, "product_id" integer not null, "due" date null, "created_at" datetime not null, "updated_at" datetime not null, "created_by" integer not null, "updated_by" integer not null, foreign key("product_id") references "products"("id"), foreign key("created_by") references "users"("id"), foreign key("updated_by") references "users"("id"));
CREATE TABLE "visits" ("id" integer not null primary key autoincrement, "visitable_id" integer not null, "visitable_type" varchar not null, "total" integer not null, "created_at" datetime not null, "updated_at" datetime not null);
CREATE TABLE "banks" ("id" integer not null primary key autoincrement, "description" varchar not null, "created_at" datetime not null, "updated_at" datetime not null);
CREATE TABLE "card_types" ("id" integer not null primary key autoincrement, "description" varchar not null, "created_at" datetime not null, "updated_at" datetime not null);
CREATE TABLE "billings" ("id" integer not null primary key autoincrement, "user_id" integer not null, "bank_id" integer null, "card_type_id" integer null, "card_number" varchar null, "bank_number" varchar null, "expiration" date null, "comments" varchar null, "created_at" datetime not null, "updated_at" datetime not null, "created_by" integer not null, "updated_by" integer not null, foreign key("user_id") references "users"("id") on delete cascade, foreign key("bank_id") references "banks"("id"), foreign key("card_type_id") references "card_types"("id"), foreign key("created_by") references "users"("id"), foreign key("updated_by") references "users"("id"));
CREATE TABLE "maker_sub_category" ("maker_id" integer not null, "sub_category_id" integer not null, foreign key("maker_id") references "makers"("id"), foreign key("sub_category_id") references "sub_categories"("id"));
INSERT INTO "maker_sub_category" VALUES(1,1);
INSERT INTO "maker_sub_category" VALUES(2,1);
INSERT INTO "maker_sub_category" VALUES(3,2);
INSERT INTO "maker_sub_category" VALUES(4,2);
INSERT INTO "maker_sub_category" VALUES(5,3);
INSERT INTO "maker_sub_category" VALUES(6,3);
INSERT INTO "maker_sub_category" VALUES(7,4);
INSERT INTO "maker_sub_category" VALUES(8,4);
INSERT INTO "maker_sub_category" VALUES(9,5);
INSERT INTO "maker_sub_category" VALUES(10,5);
INSERT INTO "maker_sub_category" VALUES(11,6);
INSERT INTO "maker_sub_category" VALUES(12,6);
INSERT INTO "maker_sub_category" VALUES(13,7);
INSERT INTO "maker_sub_category" VALUES(14,7);
CREATE TABLE "product_sub_category" ("product_id" integer not null, "sub_category_id" integer not null, foreign key("product_id") references "products"("id"), foreign key("sub_category_id") references "sub_categories"("id"));
INSERT INTO "product_sub_category" VALUES(1,3);
INSERT INTO "product_sub_category" VALUES(2,7);
DELETE FROM sqlite_sequence;
INSERT INTO "sqlite_sequence" VALUES('profiles',3);
INSERT INTO "sqlite_sequence" VALUES('genders',2);
INSERT INTO "sqlite_sequence" VALUES('nationalities',2);
INSERT INTO "sqlite_sequence" VALUES('states',24);
INSERT INTO "sqlite_sequence" VALUES('towns',336);
INSERT INTO "sqlite_sequence" VALUES('parishes',914);
INSERT INTO "sqlite_sequence" VALUES('users',1);
INSERT INTO "sqlite_sequence" VALUES('people',1);
INSERT INTO "sqlite_sequence" VALUES('directions',3);
INSERT INTO "sqlite_sequence" VALUES('categories',2);
INSERT INTO "sqlite_sequence" VALUES('sub_categories',7);
INSERT INTO "sqlite_sequence" VALUES('makers',14);
INSERT INTO "sqlite_sequence" VALUES('products',2);
INSERT INTO "sqlite_sequence" VALUES('features',10);
INSERT INTO "sqlite_sequence" VALUES('images',10);
INSERT INTO "sqlite_sequence" VALUES('files',10);
CREATE UNIQUE INDEX users_email_unique on "users" ("email");
CREATE INDEX password_resets_email_index on "password_resets" ("email");
CREATE INDEX password_resets_token_index on "password_resets" ("token");
COMMIT;
