PRAGMA foreign_keys=OFF;
BEGIN TRANSACTION;
CREATE TABLE "migrations" ("migration" varchar not null, "batch" integer not null);
INSERT INTO "migrations" VALUES('2014_10_12_000000_create_users_table',1);
INSERT INTO "migrations" VALUES('2014_10_12_100000_create_password_resets_table',1);
INSERT INTO "migrations" VALUES('2015_03_10_140153_create_genders_table',1);
INSERT INTO "migrations" VALUES('2015_03_10_142938_create_states_table',1);
INSERT INTO "migrations" VALUES('2015_03_10_154237_create_towns_table',1);
INSERT INTO "migrations" VALUES('2015_03_10_154410_create_parishes_table',1);
INSERT INTO "migrations" VALUES('2015_03_10_154455_create_directions_table',1);
INSERT INTO "migrations" VALUES('2015_03_10_154557_create_profiles_table',1);
INSERT INTO "migrations" VALUES('2015_03_10_173459_create_nationalities_table',1);
INSERT INTO "migrations" VALUES('2015_03_10_173503_create_people_table',1);
INSERT INTO "migrations" VALUES('2015_03_13_193841_create_makers_table',1);
INSERT INTO "migrations" VALUES('2015_03_13_194526_create_categories_table',1);
INSERT INTO "migrations" VALUES('2015_03_13_195124_create_sub_categories_table',1);
INSERT INTO "migrations" VALUES('2015_03_13_202223_create_products_table',1);
INSERT INTO "migrations" VALUES('2015_03_13_205316_create_purchases_table',1);
INSERT INTO "migrations" VALUES('2015_03_13_205446_create_promotions_table',1);
INSERT INTO "migrations" VALUES('2015_03_13_205519_create_product_promotion_table',1);
INSERT INTO "migrations" VALUES('2015_03_13_205737_create_files_table',1);
INSERT INTO "migrations" VALUES('2015_03_13_212413_create_images_table',1);
INSERT INTO "migrations" VALUES('2015_03_13_212630_create_characteristics_table',1);
INSERT INTO "migrations" VALUES('2015_03_13_214205_create_features_table',1);
INSERT INTO "migrations" VALUES('2015_03_13_214850_create_mechanical_infos_table',1);
INSERT INTO "migrations" VALUES('2015_03_13_215620_create_nutritionals_table',1);
INSERT INTO "migrations" VALUES('2015_03_13_220817_create_visits_table',1);
INSERT INTO "migrations" VALUES('2015_03_13_221555_create_banks_table',1);
INSERT INTO "migrations" VALUES('2015_03_13_221616_create_card_types_table',1);
INSERT INTO "migrations" VALUES('2015_03_13_221820_create_billings_table',1);
INSERT INTO "migrations" VALUES('2015_03_13_234614_create_maker_sub_category',1);
INSERT INTO "migrations" VALUES('2015_03_14_000527_create_product_sub_category_table',1);
CREATE TABLE "users" ("id" integer not null primary key autoincrement, "profile_id" integer not null, "name" varchar not null, "email" varchar not null, "password" varchar not null, "remember_token" varchar null, "created_at" datetime not null, "updated_at" datetime not null, "deleted_at" datetime null);
INSERT INTO "users" VALUES(1,1,'tester','tester@tester.com','$2y$10$5Gl59cEeiXTvXWvB0yEWPeDOUIaow9vxShXaaIp1PkWQIFZXvGlKK',NULL,'current_timestampt','current_timestampt',NULL);
CREATE TABLE "password_resets" ("email" varchar not null, "token" varchar not null, "created_at" datetime not null);
CREATE TABLE "genders" ("id" integer not null primary key autoincrement, "description" varchar not null, "created_at" datetime not null, "updated_at" datetime not null);
INSERT INTO "genders" VALUES(1,'Masculino','2015-03-16 13:49:53','2015-03-16 13:49:53');
INSERT INTO "genders" VALUES(2,'Femenino','2015-03-16 13:49:53','2015-03-16 13:49:53');
CREATE TABLE "states" ("id" integer not null primary key autoincrement, "description" varchar not null, "created_at" datetime not null, "updated_at" datetime not null);
INSERT INTO "states" VALUES(1,'Distrito Capital','2015-03-16 18:19:53','2015-03-16 18:19:53');
CREATE TABLE "towns" ("id" integer not null primary key autoincrement, "state_id" integer not null, "description" varchar not null, "created_at" datetime not null, "updated_at" datetime not null, foreign key("state_id") references "states"("id"));
INSERT INTO "towns" VALUES(1,1,'Libertador','2015-03-16 18:19:53','2015-03-16 18:19:53');
CREATE TABLE "parishes" ("id" integer not null primary key autoincrement, "town_id" integer not null, "description" varchar not null, "created_at" datetime not null, "updated_at" datetime not null, foreign key("town_id") references "towns"("id"));
INSERT INTO "parishes" VALUES(1,1,'Altagracia','2015-03-16 18:19:54','2015-03-16 18:19:54');
CREATE TABLE "directions" ("id" integer not null primary key autoincrement, "directionable_id" integer not null, "directionable_type" varchar not null, "parish_id" integer not null, "details" varchar null, "created_at" datetime not null, "updated_at" datetime not null, "created_by" integer not null, "updated_by" integer not null, "deleted_at" datetime null, foreign key("parish_id") references "parishes"("id"), foreign key("created_by") references "users"("id"), foreign key("updated_by") references "users"("id"));
INSERT INTO "directions" VALUES(1,1,'App\Person',1,'Calle del tester.','2015-03-16 13:49:54','2015-03-16 13:49:54',1,1,NULL);
INSERT INTO "directions" VALUES(2,1,'App\Product',1,'Paseo Abril, 7, 4º E','2015-03-16 13:49:55','2015-03-16 13:49:55',1,1,NULL);
INSERT INTO "directions" VALUES(3,2,'App\Product',1,'Plaça Silva, 9, 77º E','2015-03-16 13:49:55','2015-03-16 13:49:55',1,1,NULL);
INSERT INTO "directions" VALUES(4,3,'App\Product',1,'Camiño Grijalva, 3, 23º E','2015-03-16 13:49:55','2015-03-16 13:49:55',1,1,NULL);
CREATE TABLE "profiles" ("id" integer not null primary key autoincrement, "description" varchar not null, "created_at" datetime not null, "updated_at" datetime not null);
INSERT INTO "profiles" VALUES(1,'Administrador','2015-03-16 13:49:53','2015-03-16 13:49:53');
INSERT INTO "profiles" VALUES(2,'Usuario','2015-03-16 13:49:53','2015-03-16 13:49:53');
INSERT INTO "profiles" VALUES(3,'Desactivado','2015-03-16 13:49:53','2015-03-16 13:49:53');
CREATE TABLE "nationalities" ("id" integer not null primary key autoincrement, "description" varchar not null, "created_at" datetime not null, "updated_at" datetime not null);
INSERT INTO "nationalities" VALUES(1,'Venezolano','2015-03-16 13:49:53','2015-03-16 13:49:53');
INSERT INTO "nationalities" VALUES(2,'Extrangero','2015-03-16 13:49:53','2015-03-16 13:49:53');
CREATE TABLE "people" ("id" integer not null primary key autoincrement, "user_id" integer not null, "gender_id" integer not null, "nationality_id" integer not null, "first_name" varchar not null, "last_name" varchar null, "first_surname" varchar not null, "last_surname" varchar null, "identity_card" varchar not null, "phone" varchar null, "birth_date" date null, "created_at" datetime not null, "updated_at" datetime not null, foreign key("user_id") references "users"("id") on delete cascade, foreign key("gender_id") references "genders"("id"), foreign key("nationality_id") references "nationalities"("id"));
INSERT INTO "people" VALUES(1,1,1,1,'tester',NULL,'tester',NULL,'10000001','+58-(212)-111-2233','1999-09-09','current_timestampt','current_timestampt');
CREATE TABLE "makers" ("id" integer not null primary key autoincrement, "name" varchar not null, "slug" varchar not null, "domain" varchar null, "url" varchar null, "logo_path" varchar null, "logo_alt" varchar null, "created_at" datetime not null, "updated_at" datetime not null);
INSERT INTO "makers" VALUES(1,'Tafoya y Girón y Asoc.','tafoya-y-giron-y-asoc','rael.net','http://armendarizsolis.org/',NULL,NULL,'2015-03-16 13:49:55','2015-03-16 13:49:55');
INSERT INTO "makers" VALUES(2,'Asociación Cuellar-Salinas','asociacion-cuellar-salinas','viajes.net','http://bueno.com/quas-officiis-ut-qui-quo-quisquam.html',NULL,NULL,'2015-03-16 13:49:55','2015-03-16 13:49:55');
INSERT INTO "makers" VALUES(3,'Alba y Cuesta','alba-y-cuesta','empresa.com','http://viajes.es/suscipit-aut-adipisci-et-veritatis',NULL,NULL,'2015-03-16 13:49:55','2015-03-16 13:49:55');
INSERT INTO "makers" VALUES(4,'Asociación Piñeiro','asociacion-pineiro','empresa.com','https://www.corporacion.org/culpa-omnis-omnis-cum-enim-consequatur-sit-optio',NULL,NULL,'2015-03-16 13:49:55','2015-03-16 13:49:55');
INSERT INTO "makers" VALUES(5,'Grupo Peláez SRL','grupo-pelaez-srl','herrero.com.es','http://www.empresa.com/autem-et-eos-reprehenderit-deserunt',NULL,NULL,'2015-03-16 13:49:55','2015-03-16 13:49:55');
INSERT INTO "makers" VALUES(6,'Verdugo de Reséndez','verdugo-de-resendez','cabelloreynoso.com','http://rivas.com/autem-deserunt-perferendis-molestiae-perspiciatis-laboriosam-numquam-eligendi.html',NULL,NULL,'2015-03-16 13:49:55','2015-03-16 13:49:55');
INSERT INTO "makers" VALUES(7,'Corporación Segura-Rojo','corporacion-segura-rojo','arribas.com','http://www.centro.net/voluptate-eos-voluptas-ipsam-aliquam.html',NULL,NULL,'2015-03-16 13:49:55','2015-03-16 13:49:55');
INSERT INTO "makers" VALUES(8,'Malave de Flores e Hijos','malave-de-flores-e-hijos','polancomeza.es','http://viajes.es/ipsum-id-sequi-dolorem-commodi-earum-cupiditate.html',NULL,NULL,'2015-03-16 13:49:55','2015-03-16 13:49:55');
INSERT INTO "makers" VALUES(9,'Solorio-Malave','solorio-malave','mares.es','http://www.ortega.com/',NULL,NULL,'2015-03-16 13:49:55','2015-03-16 13:49:55');
INSERT INTO "makers" VALUES(10,'Rodarte-Macías','rodarte-macias','lujan.es','http://www.gestora.net/',NULL,NULL,'2015-03-16 13:49:55','2015-03-16 13:49:55');
INSERT INTO "makers" VALUES(11,'Robles de Molina S. de H.','robles-de-molina-s-de-h','castano.es','http://ontiveros.org/nobis-qui-distinctio-est-autem',NULL,NULL,'2015-03-16 13:49:55','2015-03-16 13:49:55');
INSERT INTO "makers" VALUES(12,'Alfonso de Mares e Hija','alfonso-de-mares-e-hija','galan.com','https://alejandro.com/eum-dicta-quia-porro-quasi-qui-temporibus-et-qui.html',NULL,NULL,'2015-03-16 13:49:55','2015-03-16 13:49:55');
INSERT INTO "makers" VALUES(13,'Carrion de Orosco','carrion-de-orosco','cedillo.es','http://acuna.es/',NULL,NULL,'2015-03-16 13:49:55','2015-03-16 13:49:55');
INSERT INTO "makers" VALUES(14,'Dueñas de Mireles y Asoc.','duenas-de-mireles-y-asoc','corporacion.net','http://www.salinasalvarez.com/rerum-autem-qui-sunt-temporibus-distinctio-non-quis-neque',NULL,NULL,'2015-03-16 13:49:55','2015-03-16 13:49:55');
CREATE TABLE "categories" ("id" integer not null primary key autoincrement, "description" varchar not null, "slug" varchar not null, "created_at" datetime not null, "updated_at" datetime not null);
INSERT INTO "categories" VALUES(1,'Productos Agro-Industriales','productos-agro-industriales','2015-03-16 13:49:54','2015-03-16 13:49:54');
INSERT INTO "categories" VALUES(2,'Productos Alimenticios','productos-alimenticios','2015-03-16 13:49:54','2015-03-16 13:49:54');
CREATE TABLE "sub_categories" ("id" integer not null primary key autoincrement, "category_id" integer not null, "description" varchar not null, "slug" varchar not null, "created_at" datetime not null, "updated_at" datetime not null, foreign key("category_id") references "categories"("id") on delete cascade);
INSERT INTO "sub_categories" VALUES(1,1,'Maquinaria Pesada','maquinaria-pesada','2015-03-16 13:49:54','2015-03-16 13:49:54');
INSERT INTO "sub_categories" VALUES(2,1,'Tractores','tractores','2015-03-16 13:49:54','2015-03-16 13:49:54');
INSERT INTO "sub_categories" VALUES(3,1,'Maquinaria Ligera','maquinaria-ligera','2015-03-16 13:49:54','2015-03-16 13:49:54');
INSERT INTO "sub_categories" VALUES(4,2,'Chocolate','chocolate','2015-03-16 13:49:54','2015-03-16 13:49:54');
INSERT INTO "sub_categories" VALUES(5,2,'Arroz','arroz','2015-03-16 13:49:54','2015-03-16 13:49:54');
INSERT INTO "sub_categories" VALUES(6,2,'Avena','avena','2015-03-16 13:49:54','2015-03-16 13:49:54');
INSERT INTO "sub_categories" VALUES(7,2,'Soya','soya','2015-03-16 13:49:54','2015-03-16 13:49:54');
CREATE TABLE "products" ("id" integer not null primary key autoincrement, "user_id" integer not null, "maker_id" integer not null, "title" varchar not null, "description" text not null, "price" float not null, "quantity" integer not null, "slug" varchar not null, "created_at" datetime not null, "updated_at" datetime not null, "created_by" integer not null, "updated_by" integer not null, "deleted_at" datetime null, foreign key("user_id") references "users"("id") on delete cascade, foreign key("maker_id") references "makers"("id"), foreign key("created_by") references "users"("id"), foreign key("updated_by") references "users"("id"));
INSERT INTO "products" VALUES(1,1,13,'Velit repudiandae qui omnis at.','Quisquam ad ducimus dolor. Id necessitatibus dignissimos laborum autem aut voluptatem. Est aut voluptatem necessitatibus dignissimos sint provident quisquam.',6429575016.59,13,'velit-repudiandae-qui-omnis-at','2015-03-16 13:49:55','2015-03-16 13:49:55',1,1,NULL);
INSERT INTO "products" VALUES(2,1,10,'Voluptatum tenetur rem repellendus.','Aperiam eos aliquid et neque laboriosam. Voluptatem sit voluptatem ducimus dolor.',6008266387.71,14,'voluptatum-tenetur-rem-repellendus','2015-03-16 13:49:55','2015-03-16 13:49:55',1,1,NULL);
INSERT INTO "products" VALUES(3,1,12,'Nam maiores praesentium eos id.','Sed et non voluptatem ut aliquam. Maiores nulla quia voluptas quod. Eos libero eum non maiores. Vero commodi et non id.',8993220170.35,8,'nam-maiores-praesentium-eos-id','2015-03-16 13:49:55','2015-03-16 13:49:55',1,1,NULL);
CREATE TABLE "purchases" ("id" integer not null primary key autoincrement, "user_id" integer not null, "product_id" integer not null, "quantity" integer not null, "date" date not null, "created_by" integer not null, "updated_by" integer not null, "created_at" datetime not null, "updated_at" datetime not null, foreign key("user_id") references "users"("id") on delete cascade, foreign key("product_id") references "products"("id"), foreign key("created_by") references "users"("id"), foreign key("updated_by") references "users"("id"));
CREATE TABLE "promotions" ("id" integer not null primary key autoincrement, "title" varchar not null, "percentage" integer null, "static" integer null, "begins" date not null, "ends" date not null, "created_at" datetime not null, "updated_at" datetime not null);
CREATE TABLE "product_promotion" ("product_id" integer not null, "promotion_id" integer not null, foreign key("product_id") references "products"("id"), foreign key("promotion_id") references "promotions"("id"));
CREATE TABLE "files" ("id" integer not null primary key autoincrement, "fileable_id" integer not null, "fileable_type" varchar not null, "path" varchar not null, "mime" varchar not null, "created_at" datetime not null, "updated_at" datetime not null, "created_by" integer not null, "updated_by" integer not null, foreign key("created_by") references "users"("id"), foreign key("updated_by") references "users"("id"));
INSERT INTO "files" VALUES(1,1,'App\Feature','products/1/201503160103035656-PCXQrs11ttrhP2MCxydk.pdf','application/pdf','2015-03-16 13:49:56','2015-03-16 13:49:56',1,1);
INSERT INTO "files" VALUES(2,2,'App\Feature','products/1/201503160103035656-uQ5nM8lsnq35coLHdah1.pdf','application/pdf','2015-03-16 13:49:56','2015-03-16 13:49:56',1,1);
INSERT INTO "files" VALUES(3,3,'App\Feature','products/1/201503160103035656-UPQkHQXjlZUXh2l5TCwW.pdf','application/pdf','2015-03-16 13:49:56','2015-03-16 13:49:56',1,1);
INSERT INTO "files" VALUES(4,4,'App\Feature','products/1/201503160103035656-gnv7WlryxG8FPryes3U5.pdf','application/pdf','2015-03-16 13:49:56','2015-03-16 13:49:56',1,1);
INSERT INTO "files" VALUES(5,5,'App\Feature','products/1/201503160103035656-iB9ayvg94tGyZA0XjQwC.pdf','application/pdf','2015-03-16 13:49:56','2015-03-16 13:49:56',1,1);
INSERT INTO "files" VALUES(6,6,'App\Feature','products/2/201503160103035656-tsupT93JjHvWI8IJ4440.pdf','application/pdf','2015-03-16 13:49:56','2015-03-16 13:49:56',1,1);
INSERT INTO "files" VALUES(7,7,'App\Feature','products/2/201503160103035656-Dv9IREUrCDdMvj4IGUsT.pdf','application/pdf','2015-03-16 13:49:57','2015-03-16 13:49:57',1,1);
INSERT INTO "files" VALUES(8,8,'App\Feature','products/2/201503160103035757-6lG7K7FgEM78Wm64h5HM.pdf','application/pdf','2015-03-16 13:49:57','2015-03-16 13:49:57',1,1);
INSERT INTO "files" VALUES(9,9,'App\Feature','products/2/201503160103035757-KHotDF2suApqMMNMzrlA.pdf','application/pdf','2015-03-16 13:49:57','2015-03-16 13:49:57',1,1);
INSERT INTO "files" VALUES(10,10,'App\Feature','products/2/201503160103035757-1g79NJ0xVJSaHCYeHJ4l.pdf','application/pdf','2015-03-16 13:49:57','2015-03-16 13:49:57',1,1);
INSERT INTO "files" VALUES(11,11,'App\Feature','products/3/201503160103035757-ayiUEUAvhZvWKZhgmXrs.pdf','application/pdf','2015-03-16 13:49:57','2015-03-16 13:49:57',1,1);
INSERT INTO "files" VALUES(12,12,'App\Feature','products/3/201503160103035757-0dBRm01ciTjIbeF1KLFX.pdf','application/pdf','2015-03-16 13:49:57','2015-03-16 13:49:57',1,1);
INSERT INTO "files" VALUES(13,13,'App\Feature','products/3/201503160103035757-AK52Q3iUdEn46ayjhol9.pdf','application/pdf','2015-03-16 13:49:57','2015-03-16 13:49:57',1,1);
INSERT INTO "files" VALUES(14,14,'App\Feature','products/3/201503160103035757-lrNWbQvchrIjLyPzFxfK.pdf','application/pdf','2015-03-16 13:49:57','2015-03-16 13:49:57',1,1);
INSERT INTO "files" VALUES(15,15,'App\Feature','products/3/201503160103035757-IZPxSeFMzTicvqRkg5nW.pdf','application/pdf','2015-03-16 13:49:57','2015-03-16 13:49:57',1,1);
CREATE TABLE "images" ("id" integer not null primary key autoincrement, "imageable_id" integer not null, "imageable_type" varchar not null, "path" varchar not null, "mime" varchar not null, "alt" varchar not null, "created_at" datetime not null, "updated_at" datetime not null, "created_by" integer not null, "updated_by" integer not null, foreign key("created_by") references "users"("id"), foreign key("updated_by") references "users"("id"));
INSERT INTO "images" VALUES(1,1,'App\Feature','products/1/201503160103035656-OwrzL6L8sIt4Mqun8vGu.gif','image/gif','orbiagro.com.ve subastas compra y venta: tester','2015-03-16 13:49:56','2015-03-16 13:49:56',1,1);
INSERT INTO "images" VALUES(2,2,'App\Feature','products/1/201503160103035656-I8xodWsqlYio5RvrRkNe.gif','image/gif','orbiagro.com.ve subastas compra y venta: tester','2015-03-16 13:49:56','2015-03-16 13:49:56',1,1);
INSERT INTO "images" VALUES(3,3,'App\Feature','products/1/201503160103035656-NWIiUkdLirTHQiKKxKFc.gif','image/gif','orbiagro.com.ve subastas compra y venta: tester','2015-03-16 13:49:56','2015-03-16 13:49:56',1,1);
INSERT INTO "images" VALUES(4,4,'App\Feature','products/1/201503160103035656-wJsbv9FfqqusjqBlhbUD.gif','image/gif','orbiagro.com.ve subastas compra y venta: tester','2015-03-16 13:49:56','2015-03-16 13:49:56',1,1);
INSERT INTO "images" VALUES(5,5,'App\Feature','products/1/201503160103035656-5bQ18NX1zgYnGNkOQlHl.gif','image/gif','orbiagro.com.ve subastas compra y venta: tester','2015-03-16 13:49:56','2015-03-16 13:49:56',1,1);
INSERT INTO "images" VALUES(6,6,'App\Feature','products/2/201503160103035656-rPasLpO2gSumyTXfpFbw.gif','image/gif','orbiagro.com.ve subastas compra y venta: tester','2015-03-16 13:49:56','2015-03-16 13:49:56',1,1);
INSERT INTO "images" VALUES(7,7,'App\Feature','products/2/201503160103035656-gf6H4cx2O8qfcsyRLpeL.gif','image/gif','orbiagro.com.ve subastas compra y venta: tester','2015-03-16 13:49:56','2015-03-16 13:49:56',1,1);
INSERT INTO "images" VALUES(8,8,'App\Feature','products/2/201503160103035757-WTm30IVzga2uYoc3MwNE.gif','image/gif','orbiagro.com.ve subastas compra y venta: tester','2015-03-16 13:49:57','2015-03-16 13:49:57',1,1);
INSERT INTO "images" VALUES(9,9,'App\Feature','products/2/201503160103035757-4y6kMvksEKVrRCIbngnm.gif','image/gif','orbiagro.com.ve subastas compra y venta: tester','2015-03-16 13:49:57','2015-03-16 13:49:57',1,1);
INSERT INTO "images" VALUES(10,10,'App\Feature','products/2/201503160103035757-zJQCbiFV7n6B5FHJdPmi.gif','image/gif','orbiagro.com.ve subastas compra y venta: tester','2015-03-16 13:49:57','2015-03-16 13:49:57',1,1);
INSERT INTO "images" VALUES(11,11,'App\Feature','products/3/201503160103035757-ZiTp904ekojWqU2nSgjV.gif','image/gif','orbiagro.com.ve subastas compra y venta: tester','2015-03-16 13:49:57','2015-03-16 13:49:57',1,1);
INSERT INTO "images" VALUES(12,12,'App\Feature','products/3/201503160103035757-PiS8Vl2EaFZQuAtrmKKW.gif','image/gif','orbiagro.com.ve subastas compra y venta: tester','2015-03-16 13:49:57','2015-03-16 13:49:57',1,1);
INSERT INTO "images" VALUES(13,13,'App\Feature','products/3/201503160103035757-Iiha1YAlWYB3uKZ4QFPU.gif','image/gif','orbiagro.com.ve subastas compra y venta: tester','2015-03-16 13:49:57','2015-03-16 13:49:57',1,1);
INSERT INTO "images" VALUES(14,14,'App\Feature','products/3/201503160103035757-xDE1dtfSqZpskFOkmIwm.gif','image/gif','orbiagro.com.ve subastas compra y venta: tester','2015-03-16 13:49:57','2015-03-16 13:49:57',1,1);
INSERT INTO "images" VALUES(15,15,'App\Feature','products/3/201503160103035757-hbUkdnST19ZpvIjtG7Bv.gif','image/gif','orbiagro.com.ve subastas compra y venta: tester','2015-03-16 13:49:57','2015-03-16 13:49:57',1,1);
CREATE TABLE "characteristics" ("id" integer not null primary key autoincrement, "product_id" integer not null, "height" integer null, "width" integer null, "depth" integer null, "weight" integer null, "units" integer null, "created_at" datetime not null, "updated_at" datetime not null, "created_by" integer not null, "updated_by" integer not null, foreign key("product_id") references "products"("id"), foreign key("created_by") references "users"("id"), foreign key("updated_by") references "users"("id"));
CREATE TABLE "features" ("id" integer not null primary key autoincrement, "product_id" integer not null, "title" varchar not null, "description" varchar not null, "created_at" datetime not null, "updated_at" datetime not null, "created_by" integer not null, "updated_by" integer not null, foreign key("product_id") references "products"("id"), foreign key("created_by") references "users"("id"), foreign key("updated_by") references "users"("id"));
INSERT INTO "features" VALUES(1,1,'tester','tester','2015-03-16 13:49:55','2015-03-16 13:49:55',1,1);
INSERT INTO "features" VALUES(2,1,'tester','tester','2015-03-16 13:49:56','2015-03-16 13:49:56',1,1);
INSERT INTO "features" VALUES(3,1,'tester','tester','2015-03-16 13:49:56','2015-03-16 13:49:56',1,1);
INSERT INTO "features" VALUES(4,1,'tester','tester','2015-03-16 13:49:56','2015-03-16 13:49:56',1,1);
INSERT INTO "features" VALUES(5,1,'tester','tester','2015-03-16 13:49:56','2015-03-16 13:49:56',1,1);
INSERT INTO "features" VALUES(6,2,'tester','tester','2015-03-16 13:49:56','2015-03-16 13:49:56',1,1);
INSERT INTO "features" VALUES(7,2,'tester','tester','2015-03-16 13:49:56','2015-03-16 13:49:56',1,1);
INSERT INTO "features" VALUES(8,2,'tester','tester','2015-03-16 13:49:57','2015-03-16 13:49:57',1,1);
INSERT INTO "features" VALUES(9,2,'tester','tester','2015-03-16 13:49:57','2015-03-16 13:49:57',1,1);
INSERT INTO "features" VALUES(10,2,'tester','tester','2015-03-16 13:49:57','2015-03-16 13:49:57',1,1);
INSERT INTO "features" VALUES(11,3,'tester','tester','2015-03-16 13:49:57','2015-03-16 13:49:57',1,1);
INSERT INTO "features" VALUES(12,3,'tester','tester','2015-03-16 13:49:57','2015-03-16 13:49:57',1,1);
INSERT INTO "features" VALUES(13,3,'tester','tester','2015-03-16 13:49:57','2015-03-16 13:49:57',1,1);
INSERT INTO "features" VALUES(14,3,'tester','tester','2015-03-16 13:49:57','2015-03-16 13:49:57',1,1);
INSERT INTO "features" VALUES(15,3,'tester','tester','2015-03-16 13:49:57','2015-03-16 13:49:57',1,1);
CREATE TABLE "mechanical_infos" ("id" integer not null primary key autoincrement, "product_id" integer not null, "motor" varchar null, "motor_serial" varchar null, "model" varchar null, "cylinders" integer null, "horsepower" integer null, "mileage" integer null, "traction" integer null, "lift" integer null, "created_at" datetime not null, "updated_at" datetime not null, "created_by" integer not null, "updated_by" integer not null, foreign key("product_id") references "products"("id"), foreign key("created_by") references "users"("id"), foreign key("updated_by") references "users"("id"));
CREATE TABLE "nutritionals" ("id" integer not null primary key autoincrement, "product_id" integer not null, "due" date null, "created_at" datetime not null, "updated_at" datetime not null, "created_by" integer not null, "updated_by" integer not null, foreign key("product_id") references "products"("id"), foreign key("created_by") references "users"("id"), foreign key("updated_by") references "users"("id"));
CREATE TABLE "visits" ("id" integer not null primary key autoincrement, "visitable_id" integer not null, "visitable_type" varchar not null, "total" integer not null, "created_at" datetime not null, "updated_at" datetime not null);
CREATE TABLE "banks" ("id" integer not null primary key autoincrement, "description" varchar not null, "created_at" datetime not null, "updated_at" datetime not null);
CREATE TABLE "card_types" ("id" integer not null primary key autoincrement, "description" varchar not null, "created_at" datetime not null, "updated_at" datetime not null);
CREATE TABLE "billings" ("id" integer not null primary key autoincrement, "user_id" integer not null, "bank_id" integer null, "card_type_id" integer null, "card_number" varchar null, "bank_number" varchar null, "expiration" date null, "comments" varchar null, "created_at" datetime not null, "updated_at" datetime not null, "created_by" integer not null, "updated_by" integer not null, foreign key("user_id") references "users"("id") on delete cascade, foreign key("bank_id") references "banks"("id"), foreign key("card_type_id") references "card_types"("id"), foreign key("created_by") references "users"("id"), foreign key("updated_by") references "users"("id"));
CREATE TABLE "maker_sub_category" ("maker_id" integer not null, "sub_category_id" integer not null, foreign key("maker_id") references "makers"("id"), foreign key("sub_category_id") references "sub_categories"("id"));
INSERT INTO "maker_sub_category" VALUES(1,1);
INSERT INTO "maker_sub_category" VALUES(2,1);
INSERT INTO "maker_sub_category" VALUES(3,2);
INSERT INTO "maker_sub_category" VALUES(4,2);
INSERT INTO "maker_sub_category" VALUES(5,3);
INSERT INTO "maker_sub_category" VALUES(6,3);
INSERT INTO "maker_sub_category" VALUES(7,4);
INSERT INTO "maker_sub_category" VALUES(8,4);
INSERT INTO "maker_sub_category" VALUES(9,5);
INSERT INTO "maker_sub_category" VALUES(10,5);
INSERT INTO "maker_sub_category" VALUES(11,6);
INSERT INTO "maker_sub_category" VALUES(12,6);
INSERT INTO "maker_sub_category" VALUES(13,7);
INSERT INTO "maker_sub_category" VALUES(14,7);
CREATE TABLE "product_sub_category" ("product_id" integer not null, "sub_category_id" integer not null, foreign key("product_id") references "products"("id"), foreign key("sub_category_id") references "sub_categories"("id"));
INSERT INTO "product_sub_category" VALUES(1,2);
INSERT INTO "product_sub_category" VALUES(2,6);
INSERT INTO "product_sub_category" VALUES(3,7);
DELETE FROM sqlite_sequence;
INSERT INTO "sqlite_sequence" VALUES('profiles',3);
INSERT INTO "sqlite_sequence" VALUES('genders',2);
INSERT INTO "sqlite_sequence" VALUES('nationalities',2);
INSERT INTO "sqlite_sequence" VALUES('states',1);
INSERT INTO "sqlite_sequence" VALUES('towns',1);
INSERT INTO "sqlite_sequence" VALUES('parishes',1);
INSERT INTO "sqlite_sequence" VALUES('users',1);
INSERT INTO "sqlite_sequence" VALUES('people',1);
INSERT INTO "sqlite_sequence" VALUES('directions',4);
INSERT INTO "sqlite_sequence" VALUES('categories',2);
INSERT INTO "sqlite_sequence" VALUES('sub_categories',7);
INSERT INTO "sqlite_sequence" VALUES('makers',14);
INSERT INTO "sqlite_sequence" VALUES('products',3);
INSERT INTO "sqlite_sequence" VALUES('features',15);
INSERT INTO "sqlite_sequence" VALUES('images',15);
INSERT INTO "sqlite_sequence" VALUES('files',15);
CREATE UNIQUE INDEX users_email_unique on "users" ("email");
CREATE INDEX password_resets_email_index on "password_resets" ("email");
CREATE INDEX password_resets_token_index on "password_resets" ("token");
COMMIT;
