PRAGMA foreign_keys=OFF;
BEGIN TRANSACTION;
CREATE TABLE "migrations" ("migration" varchar not null, "batch" integer not null);
INSERT INTO "migrations" VALUES('2014_10_12_000000_create_users_table',1);
INSERT INTO "migrations" VALUES('2014_10_12_100000_create_password_resets_table',1);
INSERT INTO "migrations" VALUES('2015_03_10_140153_create_genders_table',1);
INSERT INTO "migrations" VALUES('2015_03_10_142938_create_states_table',1);
INSERT INTO "migrations" VALUES('2015_03_10_154237_create_towns_table',1);
INSERT INTO "migrations" VALUES('2015_03_10_154410_create_parishes_table',1);
INSERT INTO "migrations" VALUES('2015_03_10_154455_create_directions_table',1);
INSERT INTO "migrations" VALUES('2015_03_10_154557_create_profiles_table',1);
INSERT INTO "migrations" VALUES('2015_03_10_173459_create_nationalities_table',1);
INSERT INTO "migrations" VALUES('2015_03_10_173503_create_people_table',1);
INSERT INTO "migrations" VALUES('2015_03_13_193841_create_makers_table',1);
INSERT INTO "migrations" VALUES('2015_03_13_194526_create_categories_table',1);
INSERT INTO "migrations" VALUES('2015_03_13_195124_create_sub_categories_table',1);
INSERT INTO "migrations" VALUES('2015_03_13_202223_create_products_table',1);
INSERT INTO "migrations" VALUES('2015_03_13_205446_create_promotions_table',1);
INSERT INTO "migrations" VALUES('2015_03_13_205519_create_product_promotion_table',1);
INSERT INTO "migrations" VALUES('2015_03_13_205737_create_files_table',1);
INSERT INTO "migrations" VALUES('2015_03_13_212413_create_images_table',1);
INSERT INTO "migrations" VALUES('2015_03_13_212630_create_characteristics_table',1);
INSERT INTO "migrations" VALUES('2015_03_13_214205_create_features_table',1);
INSERT INTO "migrations" VALUES('2015_03_13_214850_create_mechanical_infos_table',1);
INSERT INTO "migrations" VALUES('2015_03_13_215620_create_nutritionals_table',1);
INSERT INTO "migrations" VALUES('2015_03_13_220817_create_visits_table',1);
INSERT INTO "migrations" VALUES('2015_03_13_221555_create_banks_table',1);
INSERT INTO "migrations" VALUES('2015_03_13_221616_create_card_types_table',1);
INSERT INTO "migrations" VALUES('2015_03_13_221820_create_billings_table',1);
INSERT INTO "migrations" VALUES('2015_03_13_234614_create_maker_sub_category',1);
INSERT INTO "migrations" VALUES('2015_03_14_000527_create_product_sub_category_table',1);
INSERT INTO "migrations" VALUES('2015_03_17_200518_create_product_user_pivot_table',1);
INSERT INTO "migrations" VALUES('2015_04_28_121249_create_map_details_table',1);
CREATE TABLE "users" ("id" integer not null primary key autoincrement, "profile_id" integer not null, "name" varchar not null, "email" varchar not null, "password" varchar not null, "remember_token" varchar null, "created_at" datetime not null, "updated_at" datetime not null, "deleted_at" datetime null);
INSERT INTO "users" VALUES(1,1,'tester','tester@tester.com','$2y$10$EmgcK78LDXYlRzKYcn45ReR/65QuwZFKeiq6M0flmgPy.Z2n2BCIC',NULL,'current_timestampt','current_timestampt',NULL);
CREATE TABLE "password_resets" ("email" varchar not null, "token" varchar not null, "created_at" datetime not null);
CREATE TABLE "genders" ("id" integer not null primary key autoincrement, "description" varchar not null, "created_at" datetime not null, "updated_at" datetime not null);
INSERT INTO "genders" VALUES(1,'Masculino','2015-04-28 12:48:34','2015-04-28 12:48:34');
INSERT INTO "genders" VALUES(2,'Femenino','2015-04-28 12:48:34','2015-04-28 12:48:34');
CREATE TABLE "states" ("id" integer not null primary key autoincrement, "description" varchar not null, "created_at" datetime not null, "updated_at" datetime not null);
INSERT INTO "states" VALUES(1,'Distrito Capital','2015-04-28 17:18:35','2015-04-28 17:18:35');
CREATE TABLE "towns" ("id" integer not null primary key autoincrement, "state_id" integer not null, "description" varchar not null, "created_at" datetime not null, "updated_at" datetime not null, foreign key("state_id") references "states"("id"));
INSERT INTO "towns" VALUES(1,1,'Libertador','2015-04-28 17:18:35','2015-04-28 17:18:35');
CREATE TABLE "parishes" ("id" integer not null primary key autoincrement, "town_id" integer not null, "description" varchar not null, "created_at" datetime not null, "updated_at" datetime not null, foreign key("town_id") references "towns"("id"));
INSERT INTO "parishes" VALUES(1,1,'Altagracia','2015-04-28 17:18:35','2015-04-28 17:18:35');
CREATE TABLE "directions" ("id" integer not null primary key autoincrement, "directionable_id" integer not null, "directionable_type" varchar not null, "parish_id" integer not null, "details" varchar null, "created_at" datetime not null, "updated_at" datetime not null, "created_by" integer not null, "updated_by" integer not null, "deleted_at" datetime null, foreign key("parish_id") references "parishes"("id"), foreign key("created_by") references "users"("id"), foreign key("updated_by") references "users"("id"));
INSERT INTO "directions" VALUES(1,1,'App\Person',1,'Calle del tester.','2015-04-28 12:48:36','2015-04-28 12:48:36',1,1,NULL);
INSERT INTO "directions" VALUES(2,1,'App\Product',1,'Avinguda Francisco Javier, 6, Ático 3º','2015-04-28 12:48:43','2015-04-28 12:48:43',1,1,NULL);
INSERT INTO "directions" VALUES(3,2,'App\Product',1,'Carrer Perea, 18, 3º','2015-04-28 12:48:43','2015-04-28 12:48:43',1,1,NULL);
INSERT INTO "directions" VALUES(4,3,'App\Product',1,'Travesia Vega, 577, 63º B','2015-04-28 12:48:44','2015-04-28 12:48:44',1,1,NULL);
INSERT INTO "directions" VALUES(5,4,'App\Product',1,'Ronda Leo, 132, 91º B','2015-04-28 12:48:44','2015-04-28 12:48:44',1,1,NULL);
INSERT INTO "directions" VALUES(6,5,'App\Product',1,'Camino Delacrúz, 55, 78º 0º','2015-04-28 12:48:45','2015-04-28 12:48:45',1,1,NULL);
INSERT INTO "directions" VALUES(7,6,'App\Product',1,'Avinguda Dario, 7, 7º 3º','2015-04-28 12:48:45','2015-04-28 12:48:45',1,1,NULL);
INSERT INTO "directions" VALUES(8,7,'App\Product',1,'Travessera Quintanilla, 739, 16º E','2015-04-28 12:48:46','2015-04-28 12:48:46',1,1,NULL);
INSERT INTO "directions" VALUES(9,8,'App\Product',1,'Calle Miguel, 92, 7º F','2015-04-28 12:48:46','2015-04-28 12:48:46',1,1,NULL);
CREATE TABLE "profiles" ("id" integer not null primary key autoincrement, "description" varchar not null, "created_at" datetime not null, "updated_at" datetime not null);
INSERT INTO "profiles" VALUES(1,'Administrador','2015-04-28 12:48:33','2015-04-28 12:48:33');
INSERT INTO "profiles" VALUES(2,'Usuario','2015-04-28 12:48:34','2015-04-28 12:48:34');
INSERT INTO "profiles" VALUES(3,'Desactivado','2015-04-28 12:48:34','2015-04-28 12:48:34');
CREATE TABLE "nationalities" ("id" integer not null primary key autoincrement, "description" varchar not null, "created_at" datetime not null, "updated_at" datetime not null);
INSERT INTO "nationalities" VALUES(1,'Venezolano','2015-04-28 12:48:34','2015-04-28 12:48:34');
INSERT INTO "nationalities" VALUES(2,'Extrangero','2015-04-28 12:48:35','2015-04-28 12:48:35');
CREATE TABLE "people" ("id" integer not null primary key autoincrement, "user_id" integer not null, "gender_id" integer not null, "nationality_id" integer not null, "first_name" varchar not null, "last_name" varchar null, "first_surname" varchar not null, "last_surname" varchar null, "identity_card" varchar not null, "phone" varchar null, "birth_date" date null, "created_at" datetime not null, "updated_at" datetime not null, foreign key("user_id") references "users"("id") on delete cascade, foreign key("gender_id") references "genders"("id"), foreign key("nationality_id") references "nationalities"("id"));
INSERT INTO "people" VALUES(1,1,1,1,'tester',NULL,'tester',NULL,'10000001','+58-(212)-111-2233','1999-09-09','current_timestampt','current_timestampt');
CREATE TABLE "makers" ("id" integer not null primary key autoincrement, "name" varchar not null, "slug" varchar not null, "domain" varchar null, "url" varchar null, "logo_path" varchar null, "logo_alt" varchar null, "created_at" datetime not null, "updated_at" datetime not null);
INSERT INTO "makers" VALUES(1,'Centro Granado y Flia.','centro-granado-y-flia','garicarascon.com','http://www.grupo.com/',NULL,NULL,'2015-04-28 12:48:37','2015-04-28 12:48:37');
INSERT INTO "makers" VALUES(2,'Ávalos y Aranda y Flia.','avalos-y-aranda-y-flia','empresa.org','http://viera.org/',NULL,NULL,'2015-04-28 12:48:38','2015-04-28 12:48:38');
INSERT INTO "makers" VALUES(3,'Terán y Centeno e Hijo','teran-y-centeno-e-hijo','galvan.com','http://empresa.com/',NULL,NULL,'2015-04-28 12:48:38','2015-04-28 12:48:38');
INSERT INTO "makers" VALUES(4,'Castellano-Blasco S. de H.','castellano-blasco-s-de-h','lebron.net','http://peralesvazquez.com/eos-ea-ut-veniam',NULL,NULL,'2015-04-28 12:48:39','2015-04-28 12:48:39');
INSERT INTO "makers" VALUES(5,'Moreno de Esquivel','moreno-de-esquivel','vigil.com','http://www.alejandro.com/esse-totam-voluptas-autem-optio-excepturi-sunt-eum-magni',NULL,NULL,'2015-04-28 12:48:39','2015-04-28 12:48:39');
INSERT INTO "makers" VALUES(6,'Verdugo, Cruz y Alemán SRL','verdugo-cruz-y-aleman-srl','rosas.org','http://www.diez.es/dolores-necessitatibus-tempora-dignissimos-quia-ipsum-sed',NULL,NULL,'2015-04-28 12:48:39','2015-04-28 12:48:39');
INSERT INTO "makers" VALUES(7,'Rueda de Rey','rueda-de-rey','saucedo.org','http://gestora.es/quo-consequatur-qui-voluptas-consectetur-atque',NULL,NULL,'2015-04-28 12:48:40','2015-04-28 12:48:40');
INSERT INTO "makers" VALUES(8,'Almonte-Caro SRL','almonte-caro-srl','viajes.com','http://tellezdominguez.org/omnis-in-et-aut-eum-totam',NULL,NULL,'2015-04-28 12:48:40','2015-04-28 12:48:40');
INSERT INTO "makers" VALUES(9,'Andreu-Rael','andreu-rael','corporacion.org','http://global.org/adipisci-et-rerum-animi.html',NULL,NULL,'2015-04-28 12:48:40','2015-04-28 12:48:40');
INSERT INTO "makers" VALUES(10,'Puga-Archuleta SA','puga-archuleta-sa','munizanguiano.com.es','https://www.asociacion.com/dicta-alias-modi-eaque-distinctio-sunt-aut',NULL,NULL,'2015-04-28 12:48:41','2015-04-28 12:48:41');
INSERT INTO "makers" VALUES(11,'Grupo Concepción','grupo-concepcion','cardona.es','http://www.ocampo.com/',NULL,NULL,'2015-04-28 12:48:41','2015-04-28 12:48:41');
INSERT INTO "makers" VALUES(12,'Diez de Raya','diez-de-raya','rodarte.org','http://www.griegocanales.org/velit-laudantium-aut-quia-assumenda-facilis-doloremque-quia-quia',NULL,NULL,'2015-04-28 12:48:42','2015-04-28 12:48:42');
INSERT INTO "makers" VALUES(13,'Montoya de Hernandes S. de H.','montoya-de-hernandes-s-de-h','villareal.org','http://www.miguel.com.es/expedita-est-dolores-laboriosam-sint.html',NULL,NULL,'2015-04-28 12:48:42','2015-04-28 12:48:42');
INSERT INTO "makers" VALUES(14,'Grupo Solorio-Figueroa','grupo-solorio-figueroa','silvarodrigez.com','http://www.asociacion.es/voluptas-rerum-quisquam-qui-ut-repellat',NULL,NULL,'2015-04-28 12:48:43','2015-04-28 12:48:43');
CREATE TABLE "categories" ("id" integer not null primary key autoincrement, "description" varchar not null, "slug" varchar not null, "created_at" datetime not null, "updated_at" datetime not null);
INSERT INTO "categories" VALUES(1,'Productos Agro-Industriales','productos-agro-industriales','2015-04-28 12:48:36','2015-04-28 12:48:36');
INSERT INTO "categories" VALUES(2,'Productos Alimenticios','productos-alimenticios','2015-04-28 12:48:36','2015-04-28 12:48:36');
CREATE TABLE "sub_categories" ("id" integer not null primary key autoincrement, "category_id" integer not null, "description" varchar not null, "slug" varchar not null, "created_at" datetime not null, "updated_at" datetime not null, foreign key("category_id") references "categories"("id") on delete cascade);
INSERT INTO "sub_categories" VALUES(1,1,'Maquinaria Pesada','maquinaria-pesada','2015-04-28 12:48:36','2015-04-28 12:48:36');
INSERT INTO "sub_categories" VALUES(2,1,'Tractores','tractores','2015-04-28 12:48:36','2015-04-28 12:48:36');
INSERT INTO "sub_categories" VALUES(3,1,'Maquinaria Ligera','maquinaria-ligera','2015-04-28 12:48:36','2015-04-28 12:48:36');
INSERT INTO "sub_categories" VALUES(4,2,'Chocolate','chocolate','2015-04-28 12:48:37','2015-04-28 12:48:37');
INSERT INTO "sub_categories" VALUES(5,2,'Arroz','arroz','2015-04-28 12:48:37','2015-04-28 12:48:37');
INSERT INTO "sub_categories" VALUES(6,2,'Avena','avena','2015-04-28 12:48:37','2015-04-28 12:48:37');
INSERT INTO "sub_categories" VALUES(7,2,'Soya','soya','2015-04-28 12:48:37','2015-04-28 12:48:37');
CREATE TABLE "products" ("id" integer not null primary key autoincrement, "user_id" integer not null, "maker_id" integer not null, "title" varchar not null, "description" text not null, "price" float not null, "quantity" integer not null, "slug" varchar not null, "created_at" datetime not null, "updated_at" datetime not null, "created_by" integer not null, "updated_by" integer not null, "deleted_at" datetime null, foreign key("user_id") references "users"("id") on delete cascade, foreign key("maker_id") references "makers"("id"), foreign key("created_by") references "users"("id"), foreign key("updated_by") references "users"("id"));
INSERT INTO "products" VALUES(1,1,2,'Suscipit ut eum odit.','Ex repellendus explicabo dignissimos distinctio. Facilis molestiae corporis ex inventore sunt ex. Nisi et autem saepe quae magnam tempore omnis.',2469397724.45,18,'suscipit-ut-eum-odit','2015-04-28 12:48:43','2015-04-28 12:48:43',1,1,NULL);
INSERT INTO "products" VALUES(2,1,8,'Facilis molestiae velit itaque sint magnam.','Sit aperiam officia eaque ea saepe nesciunt. Animi consequatur perferendis quidem.',8097385236.63,11,'facilis-molestiae-velit-itaque-sint-magnam','2015-04-28 12:48:43','2015-04-28 12:48:43',1,1,NULL);
INSERT INTO "products" VALUES(3,1,5,'Autem magni ut neque voluptatem dolor quasi.','Optio quia ipsum magni atque. Rem consequatur consectetur et fuga impedit. Dolorem ut ut excepturi minima perferendis dolorum et. Et est et repudiandae exercitationem repudiandae aperiam sed.',1948019645.38,19,'autem-magni-ut-neque-voluptatem-dolor-quasi','2015-04-28 12:48:44','2015-04-28 12:48:44',1,1,NULL);
INSERT INTO "products" VALUES(4,1,1,'Dolores error et nesciunt.','Sequi reiciendis sunt non eos provident et culpa. Cum occaecati est vitae. Qui consequatur eos voluptatibus aliquid minus sequi.',9902309263.07,16,'dolores-error-et-nesciunt','2015-04-28 12:48:44','2015-04-28 12:48:44',1,1,NULL);
INSERT INTO "products" VALUES(5,1,4,'Quo magnam iure quo voluptas ducimus.','Eos autem iste molestiae. Officia in velit corrupti placeat. Consequatur cupiditate unde itaque et dignissimos.',7840809008.35,16,'quo-magnam-iure-quo-voluptas-ducimus','2015-04-28 12:48:45','2015-04-28 12:48:45',1,1,NULL);
INSERT INTO "products" VALUES(6,1,4,'Qui ipsum voluptatem provident.','Inventore atque omnis ut ut ipsa. Iste qui saepe laudantium sit. Eaque dolores dolores inventore.',2831318739.88,6,'qui-ipsum-voluptatem-provident','2015-04-28 12:48:45','2015-04-28 12:48:45',1,1,NULL);
INSERT INTO "products" VALUES(7,1,8,'Facilis dolor sit corporis quaerat aperiam eos.','Facere qui et dolorem recusandae. Dolores et explicabo et mollitia. Atque dolore quam et et provident. Provident qui omnis eos quo dicta.',494144654.15,11,'facilis-dolor-sit-corporis-quaerat-aperiam-eos','2015-04-28 12:48:45','2015-04-28 12:48:45',1,1,NULL);
INSERT INTO "products" VALUES(8,1,1,'Qui hic soluta doloribus qui.','Odio fuga qui inventore sint. Odit autem officiis est dolorem aut fugiat quos. Sed ad qui non impedit nulla dolorum. Laboriosam fugiat aut soluta molestiae eligendi explicabo est voluptatem.',5827288210.48,13,'qui-hic-soluta-doloribus-qui','2015-04-28 12:48:46','2015-04-28 12:48:46',1,1,NULL);
CREATE TABLE "promotions" ("id" integer not null primary key autoincrement, "title" varchar not null, "slug" varchar not null, "percentage" integer null, "static" integer null, "begins" date not null, "ends" date not null, "created_at" datetime not null, "updated_at" datetime not null);
INSERT INTO "promotions" VALUES(1,'Lleva 2, paga 3!','lleva-2-paga-3',10,100,'2011-04-28','2016-04-28','2015-04-28 12:49:15','2015-04-28 12:49:15');
CREATE TABLE "product_promotion" ("product_id" integer not null, "promotion_id" integer not null, foreign key("product_id") references "products"("id"), foreign key("promotion_id") references "promotions"("id"));
INSERT INTO "product_promotion" VALUES(1,1);
CREATE TABLE "files" ("id" integer not null primary key autoincrement, "fileable_id" integer not null, "fileable_type" varchar not null, "path" varchar not null, "mime" varchar not null, "created_at" datetime not null, "updated_at" datetime not null, "created_by" integer not null, "updated_by" integer not null, foreign key("created_by") references "users"("id"), foreign key("updated_by") references "users"("id"));
INSERT INTO "files" VALUES(1,1,'App\Feature','products/1/201504281204044747-HllVwij52m3pEHQYI7qq.pdf','application/pdf','2015-04-28 12:48:47','2015-04-28 12:48:47',1,1);
INSERT INTO "files" VALUES(2,2,'App\Feature','products/1/201504281204044747-3L50BC4irmNqzLsUTQKy.pdf','application/pdf','2015-04-28 12:48:47','2015-04-28 12:48:47',1,1);
INSERT INTO "files" VALUES(3,3,'App\Feature','products/1/201504281204044848-IOR7PhyJVmsZyLbQ4thw.pdf','application/pdf','2015-04-28 12:48:48','2015-04-28 12:48:48',1,1);
INSERT INTO "files" VALUES(4,4,'App\Feature','products/1/201504281204044848-pzMovc6wmmPbFiHenSxX.pdf','application/pdf','2015-04-28 12:48:48','2015-04-28 12:48:48',1,1);
INSERT INTO "files" VALUES(5,5,'App\Feature','products/1/201504281204044949-dJua2db1dO6wV8XEgTTZ.pdf','application/pdf','2015-04-28 12:48:49','2015-04-28 12:48:49',1,1);
INSERT INTO "files" VALUES(6,6,'App\Feature','products/2/201504281204044949-nRNQYXfNljB0kc28O1e2.pdf','application/pdf','2015-04-28 12:48:49','2015-04-28 12:48:49',1,1);
INSERT INTO "files" VALUES(7,7,'App\Feature','products/2/201504281204045050-aklmWeSsxIqk3R8Wgvwf.pdf','application/pdf','2015-04-28 12:48:50','2015-04-28 12:48:50',1,1);
INSERT INTO "files" VALUES(8,8,'App\Feature','products/2/201504281204045050-IDe6DnpVqk5Cfqi7w3AS.pdf','application/pdf','2015-04-28 12:48:50','2015-04-28 12:48:50',1,1);
INSERT INTO "files" VALUES(9,9,'App\Feature','products/2/201504281204045050-SLQteDzv1VxrPDp6MJBx.pdf','application/pdf','2015-04-28 12:48:50','2015-04-28 12:48:50',1,1);
INSERT INTO "files" VALUES(10,10,'App\Feature','products/2/201504281204045151-PIrD9MYV8TXspIL822HV.pdf','application/pdf','2015-04-28 12:48:51','2015-04-28 12:48:51',1,1);
INSERT INTO "files" VALUES(11,11,'App\Feature','products/3/201504281204045151-gH65xIvvQljdAH7ZPmTr.pdf','application/pdf','2015-04-28 12:48:51','2015-04-28 12:48:51',1,1);
INSERT INTO "files" VALUES(12,12,'App\Feature','products/3/201504281204045252-uWVU7dwt8BbPQLl46Gj4.pdf','application/pdf','2015-04-28 12:48:52','2015-04-28 12:48:52',1,1);
INSERT INTO "files" VALUES(13,13,'App\Feature','products/3/201504281204045252-xmfL6z6iaiqjvUVq9u65.pdf','application/pdf','2015-04-28 12:48:52','2015-04-28 12:48:52',1,1);
INSERT INTO "files" VALUES(14,14,'App\Feature','products/3/201504281204045353-mAWDLDFAGWXMPDnuxfJW.pdf','application/pdf','2015-04-28 12:48:53','2015-04-28 12:48:53',1,1);
INSERT INTO "files" VALUES(15,15,'App\Feature','products/3/201504281204045353-A0mcBvGbd8ju7Ygk0TjW.pdf','application/pdf','2015-04-28 12:48:53','2015-04-28 12:48:53',1,1);
INSERT INTO "files" VALUES(16,16,'App\Feature','products/4/201504281204045454-08YWn8RpDgHvBtRhS5pm.pdf','application/pdf','2015-04-28 12:48:54','2015-04-28 12:48:54',1,1);
INSERT INTO "files" VALUES(17,17,'App\Feature','products/4/201504281204045454-6L31HWMxPBEDofy4AAVv.pdf','application/pdf','2015-04-28 12:48:54','2015-04-28 12:48:54',1,1);
INSERT INTO "files" VALUES(18,18,'App\Feature','products/4/201504281204045454-WWL4p1E8XusomXyDxfh1.pdf','application/pdf','2015-04-28 12:48:54','2015-04-28 12:48:54',1,1);
INSERT INTO "files" VALUES(19,19,'App\Feature','products/4/201504281204045555-qT9WH4QLkvyVL9uonKEQ.pdf','application/pdf','2015-04-28 12:48:55','2015-04-28 12:48:55',1,1);
INSERT INTO "files" VALUES(20,20,'App\Feature','products/4/201504281204045555-HuU6ZW8uM1BQ22QGr9H2.pdf','application/pdf','2015-04-28 12:48:55','2015-04-28 12:48:55',1,1);
INSERT INTO "files" VALUES(21,21,'App\Feature','products/5/201504281204045656-yfhUdTqXXn7qyThpxwiv.pdf','application/pdf','2015-04-28 12:48:56','2015-04-28 12:48:56',1,1);
INSERT INTO "files" VALUES(22,22,'App\Feature','products/5/201504281204045656-zrAIVlafVUhaRQ5D6fNX.pdf','application/pdf','2015-04-28 12:48:56','2015-04-28 12:48:56',1,1);
INSERT INTO "files" VALUES(23,23,'App\Feature','products/5/201504281204045757-uXd0skdTNcMiB4VLCMzM.pdf','application/pdf','2015-04-28 12:48:57','2015-04-28 12:48:57',1,1);
INSERT INTO "files" VALUES(24,24,'App\Feature','products/5/201504281204045757-DWOaKDkA6vBq0jb1RStT.pdf','application/pdf','2015-04-28 12:48:57','2015-04-28 12:48:57',1,1);
INSERT INTO "files" VALUES(25,25,'App\Feature','products/5/201504281204045858-DqGFHukWQjM9lHRqoZMJ.pdf','application/pdf','2015-04-28 12:48:58','2015-04-28 12:48:58',1,1);
INSERT INTO "files" VALUES(26,26,'App\Feature','products/6/201504281204045858-PaY2uqtx9oWnV5UuXA2H.pdf','application/pdf','2015-04-28 12:48:58','2015-04-28 12:48:58',1,1);
INSERT INTO "files" VALUES(27,27,'App\Feature','products/6/201504281204045959-mdSA6giNwibDmR0O1BVg.pdf','application/pdf','2015-04-28 12:48:59','2015-04-28 12:48:59',1,1);
INSERT INTO "files" VALUES(28,28,'App\Feature','products/6/201504281204045959-hwbybZpELacrmHnP7mP7.pdf','application/pdf','2015-04-28 12:48:59','2015-04-28 12:48:59',1,1);
INSERT INTO "files" VALUES(29,29,'App\Feature','products/6/201504281204040000-N6B18atBPtVV5sVUppMi.pdf','application/pdf','2015-04-28 12:49:00','2015-04-28 12:49:00',1,1);
INSERT INTO "files" VALUES(30,30,'App\Feature','products/6/201504281204040000-kbwWDsnmAUT5QP3Micig.pdf','application/pdf','2015-04-28 12:49:00','2015-04-28 12:49:00',1,1);
INSERT INTO "files" VALUES(31,31,'App\Feature','products/7/201504281204040000-RVJvAs1jLVjorRLZs4lH.pdf','application/pdf','2015-04-28 12:49:00','2015-04-28 12:49:00',1,1);
INSERT INTO "files" VALUES(32,32,'App\Feature','products/7/201504281204040101-v7tgbJo17PPsfPvZnh6u.pdf','application/pdf','2015-04-28 12:49:01','2015-04-28 12:49:01',1,1);
INSERT INTO "files" VALUES(33,33,'App\Feature','products/7/201504281204040101-LCBEXmycuBcGoMa2RvOY.pdf','application/pdf','2015-04-28 12:49:01','2015-04-28 12:49:01',1,1);
INSERT INTO "files" VALUES(34,34,'App\Feature','products/7/201504281204040202-wV9C4cPlO8mJvQDK2RXn.pdf','application/pdf','2015-04-28 12:49:02','2015-04-28 12:49:02',1,1);
INSERT INTO "files" VALUES(35,35,'App\Feature','products/7/201504281204040202-cPDWXXE5AlyQUU6Deek0.pdf','application/pdf','2015-04-28 12:49:02','2015-04-28 12:49:02',1,1);
INSERT INTO "files" VALUES(36,36,'App\Feature','products/8/201504281204040303-7vjYeQ0xig7HeacmmDsQ.pdf','application/pdf','2015-04-28 12:49:03','2015-04-28 12:49:03',1,1);
INSERT INTO "files" VALUES(37,37,'App\Feature','products/8/201504281204040303-4g3kOsUAcOqZaPKqAGK4.pdf','application/pdf','2015-04-28 12:49:03','2015-04-28 12:49:03',1,1);
INSERT INTO "files" VALUES(38,38,'App\Feature','products/8/201504281204040404-8EdsZV2T1ehMrtZAAWLJ.pdf','application/pdf','2015-04-28 12:49:04','2015-04-28 12:49:04',1,1);
INSERT INTO "files" VALUES(39,39,'App\Feature','products/8/201504281204040404-E51MZvJeVcoz240syMdK.pdf','application/pdf','2015-04-28 12:49:04','2015-04-28 12:49:04',1,1);
INSERT INTO "files" VALUES(40,40,'App\Feature','products/8/201504281204040505-wbwa5ZHQD4pU8QCKbgwI.pdf','application/pdf','2015-04-28 12:49:05','2015-04-28 12:49:05',1,1);
INSERT INTO "files" VALUES(41,1,'App\Product','products/1/201504281204041313-gwWC8onGkEGR3L6Q5DlO.pdf','application/pdf','2015-04-28 12:49:13','2015-04-28 12:49:13',1,1);
INSERT INTO "files" VALUES(42,2,'App\Product','products/2/201504281204041313-c93ePZp9b6bFRWkIyg9M.pdf','application/pdf','2015-04-28 12:49:13','2015-04-28 12:49:13',1,1);
INSERT INTO "files" VALUES(43,3,'App\Product','products/3/201504281204041313-nTg15sW8maKyivsGixGN.pdf','application/pdf','2015-04-28 12:49:13','2015-04-28 12:49:13',1,1);
INSERT INTO "files" VALUES(44,4,'App\Product','products/4/201504281204041414-q8FFMcfAwOeBmrEXMj4x.pdf','application/pdf','2015-04-28 12:49:14','2015-04-28 12:49:14',1,1);
INSERT INTO "files" VALUES(45,5,'App\Product','products/5/201504281204041414-USCTe9PvQB5mWAtAOUzs.pdf','application/pdf','2015-04-28 12:49:14','2015-04-28 12:49:14',1,1);
INSERT INTO "files" VALUES(46,6,'App\Product','products/6/201504281204041414-wUhaUmplEOH5VKh78mM7.pdf','application/pdf','2015-04-28 12:49:14','2015-04-28 12:49:14',1,1);
INSERT INTO "files" VALUES(47,7,'App\Product','products/7/201504281204041515-wdO1upH8MLmg7oZ8xozx.pdf','application/pdf','2015-04-28 12:49:15','2015-04-28 12:49:15',1,1);
INSERT INTO "files" VALUES(48,8,'App\Product','products/8/201504281204041515-ieKlqgJvlMW8hAb9xve6.pdf','application/pdf','2015-04-28 12:49:15','2015-04-28 12:49:15',1,1);
CREATE TABLE "images" ("id" integer not null primary key autoincrement, "imageable_id" integer not null, "imageable_type" varchar not null, "path" varchar not null, "mime" varchar not null, "alt" varchar not null, "created_at" datetime not null, "updated_at" datetime not null, "created_by" integer not null, "updated_by" integer not null, foreign key("created_by") references "users"("id"), foreign key("updated_by") references "users"("id"));
INSERT INTO "images" VALUES(1,1,'App\Maker','makers/1/201504281204043737-dzEtvwSNZTNm64282go0.gif','image/gif','orbiagro.com.ve subastas compra y venta: centro-granado-y-flia','2015-04-28 12:48:37','2015-04-28 12:48:37',1,1);
INSERT INTO "images" VALUES(2,2,'App\Maker','makers/2/201504281204043838-8IzhbtWFuUpyA4Eq7dOm.gif','image/gif','orbiagro.com.ve subastas compra y venta: avalos-y-aranda-y-flia','2015-04-28 12:48:38','2015-04-28 12:48:38',1,1);
INSERT INTO "images" VALUES(3,3,'App\Maker','makers/3/201504281204043838-qi2e3nB6GFKfYF5eA5NE.gif','image/gif','orbiagro.com.ve subastas compra y venta: teran-y-centeno-e-hijo','2015-04-28 12:48:38','2015-04-28 12:48:38',1,1);
INSERT INTO "images" VALUES(4,4,'App\Maker','makers/4/201504281204043939-l50qxSWl5g3QnCdEUzEw.gif','image/gif','orbiagro.com.ve subastas compra y venta: castellano-blasco-s-de-h','2015-04-28 12:48:39','2015-04-28 12:48:39',1,1);
INSERT INTO "images" VALUES(5,5,'App\Maker','makers/5/201504281204043939-4tnBkjwPKi3yNl4UOoL1.gif','image/gif','orbiagro.com.ve subastas compra y venta: moreno-de-esquivel','2015-04-28 12:48:39','2015-04-28 12:48:39',1,1);
INSERT INTO "images" VALUES(6,6,'App\Maker','makers/6/201504281204043939-1dOq70i7OS8tqbCzEoiR.gif','image/gif','orbiagro.com.ve subastas compra y venta: verdugo-cruz-y-aleman-srl','2015-04-28 12:48:39','2015-04-28 12:48:39',1,1);
INSERT INTO "images" VALUES(7,7,'App\Maker','makers/7/201504281204044040-cqDqsq9meinoW1cQ40m9.gif','image/gif','orbiagro.com.ve subastas compra y venta: rueda-de-rey','2015-04-28 12:48:40','2015-04-28 12:48:40',1,1);
INSERT INTO "images" VALUES(8,8,'App\Maker','makers/8/201504281204044040-L0Nqj3IC1JlWxULmprOA.gif','image/gif','orbiagro.com.ve subastas compra y venta: almonte-caro-srl','2015-04-28 12:48:40','2015-04-28 12:48:40',1,1);
INSERT INTO "images" VALUES(9,9,'App\Maker','makers/9/201504281204044141-UVPCnqH2sIX5DDYI7r1W.gif','image/gif','orbiagro.com.ve subastas compra y venta: andreu-rael','2015-04-28 12:48:41','2015-04-28 12:48:41',1,1);
INSERT INTO "images" VALUES(10,10,'App\Maker','makers/10/201504281204044141-6cj23OzqVgMkmhe6uEZr.gif','image/gif','orbiagro.com.ve subastas compra y venta: puga-archuleta-sa','2015-04-28 12:48:41','2015-04-28 12:48:41',1,1);
INSERT INTO "images" VALUES(11,11,'App\Maker','makers/11/201504281204044141-5KqG9JNF7XYC5pBFpSAx.gif','image/gif','orbiagro.com.ve subastas compra y venta: grupo-concepcion','2015-04-28 12:48:41','2015-04-28 12:48:41',1,1);
INSERT INTO "images" VALUES(12,12,'App\Maker','makers/12/201504281204044242-eNjAY4fT12kS2ZyJE2Pq.gif','image/gif','orbiagro.com.ve subastas compra y venta: diez-de-raya','2015-04-28 12:48:42','2015-04-28 12:48:42',1,1);
INSERT INTO "images" VALUES(13,13,'App\Maker','makers/13/201504281204044242-DRRC1Z1c1l41If9Y34ZQ.gif','image/gif','orbiagro.com.ve subastas compra y venta: montoya-de-hernandes-s-de-h','2015-04-28 12:48:42','2015-04-28 12:48:42',1,1);
INSERT INTO "images" VALUES(14,14,'App\Maker','makers/14/201504281204044343-x1jtMUk3e8B51unnyQ8G.gif','image/gif','orbiagro.com.ve subastas compra y venta: grupo-solorio-figueroa','2015-04-28 12:48:43','2015-04-28 12:48:43',1,1);
INSERT INTO "images" VALUES(15,1,'App\Feature','products/1/201504281204044747-EGqSeW7HgumJpXbyYFtC.gif','image/gif','orbiagro.com.ve subastas compra y venta: tester','2015-04-28 12:48:47','2015-04-28 12:48:47',1,1);
INSERT INTO "images" VALUES(16,2,'App\Feature','products/1/201504281204044747-U4wRZbaao2Zrwfd1QSH3.gif','image/gif','orbiagro.com.ve subastas compra y venta: tester','2015-04-28 12:48:47','2015-04-28 12:48:47',1,1);
INSERT INTO "images" VALUES(17,3,'App\Feature','products/1/201504281204044848-dW6YK7hrs8HPhIqS6vB2.gif','image/gif','orbiagro.com.ve subastas compra y venta: tester','2015-04-28 12:48:48','2015-04-28 12:48:48',1,1);
INSERT INTO "images" VALUES(18,4,'App\Feature','products/1/201504281204044848-HfNJy08IrqgNtBQ6cYf8.gif','image/gif','orbiagro.com.ve subastas compra y venta: tester','2015-04-28 12:48:48','2015-04-28 12:48:48',1,1);
INSERT INTO "images" VALUES(19,5,'App\Feature','products/1/201504281204044848-G3weoKmdf8l7J5H6YnLf.gif','image/gif','orbiagro.com.ve subastas compra y venta: tester','2015-04-28 12:48:48','2015-04-28 12:48:48',1,1);
INSERT INTO "images" VALUES(20,6,'App\Feature','products/2/201504281204044949-szerdCz1FRv93pDbIFrI.gif','image/gif','orbiagro.com.ve subastas compra y venta: tester','2015-04-28 12:48:49','2015-04-28 12:48:49',1,1);
INSERT INTO "images" VALUES(21,7,'App\Feature','products/2/201504281204044949-FFDJS26HnA14skebKdGc.gif','image/gif','orbiagro.com.ve subastas compra y venta: tester','2015-04-28 12:48:49','2015-04-28 12:48:49',1,1);
INSERT INTO "images" VALUES(22,8,'App\Feature','products/2/201504281204045050-73H57ni1fbsxZFc8g6gv.gif','image/gif','orbiagro.com.ve subastas compra y venta: tester','2015-04-28 12:48:50','2015-04-28 12:48:50',1,1);
INSERT INTO "images" VALUES(23,9,'App\Feature','products/2/201504281204045050-xleiAJ4S9oa3M0LxeHur.gif','image/gif','orbiagro.com.ve subastas compra y venta: tester','2015-04-28 12:48:50','2015-04-28 12:48:50',1,1);
INSERT INTO "images" VALUES(24,10,'App\Feature','products/2/201504281204045151-QBvaIyJdxLpA6hAcus5y.gif','image/gif','orbiagro.com.ve subastas compra y venta: tester','2015-04-28 12:48:51','2015-04-28 12:48:51',1,1);
INSERT INTO "images" VALUES(25,11,'App\Feature','products/3/201504281204045151-12KONhHMSp6U6cF53S1V.gif','image/gif','orbiagro.com.ve subastas compra y venta: tester','2015-04-28 12:48:51','2015-04-28 12:48:51',1,1);
INSERT INTO "images" VALUES(26,12,'App\Feature','products/3/201504281204045252-a8SFUjpNxPZuldVnOmKm.gif','image/gif','orbiagro.com.ve subastas compra y venta: tester','2015-04-28 12:48:52','2015-04-28 12:48:52',1,1);
INSERT INTO "images" VALUES(27,13,'App\Feature','products/3/201504281204045252-nMI4HiU0R97DKghFWVMk.gif','image/gif','orbiagro.com.ve subastas compra y venta: tester','2015-04-28 12:48:52','2015-04-28 12:48:52',1,1);
INSERT INTO "images" VALUES(28,14,'App\Feature','products/3/201504281204045353-AocTxggRHryU6CiKCveX.gif','image/gif','orbiagro.com.ve subastas compra y venta: tester','2015-04-28 12:48:53','2015-04-28 12:48:53',1,1);
INSERT INTO "images" VALUES(29,15,'App\Feature','products/3/201504281204045353-oLtqrxgz0BcfyYt68wha.gif','image/gif','orbiagro.com.ve subastas compra y venta: tester','2015-04-28 12:48:53','2015-04-28 12:48:53',1,1);
INSERT INTO "images" VALUES(30,16,'App\Feature','products/4/201504281204045353-XJ5BTbIdwI2v32z4V1SF.gif','image/gif','orbiagro.com.ve subastas compra y venta: tester','2015-04-28 12:48:53','2015-04-28 12:48:53',1,1);
INSERT INTO "images" VALUES(31,17,'App\Feature','products/4/201504281204045454-YaFLKgtjHkgklwz9uyt0.gif','image/gif','orbiagro.com.ve subastas compra y venta: tester','2015-04-28 12:48:54','2015-04-28 12:48:54',1,1);
INSERT INTO "images" VALUES(32,18,'App\Feature','products/4/201504281204045454-ICu3iWhCSFQBqlqoFxy5.gif','image/gif','orbiagro.com.ve subastas compra y venta: tester','2015-04-28 12:48:54','2015-04-28 12:48:54',1,1);
INSERT INTO "images" VALUES(33,19,'App\Feature','products/4/201504281204045555-W8iXenJe00vHRpTiGrYj.gif','image/gif','orbiagro.com.ve subastas compra y venta: tester','2015-04-28 12:48:55','2015-04-28 12:48:55',1,1);
INSERT INTO "images" VALUES(34,20,'App\Feature','products/4/201504281204045555-mzi4DrXGeDsHopJff5CF.gif','image/gif','orbiagro.com.ve subastas compra y venta: tester','2015-04-28 12:48:55','2015-04-28 12:48:55',1,1);
INSERT INTO "images" VALUES(35,21,'App\Feature','products/5/201504281204045656-hMB2XNVBUDAakcpfDX3y.gif','image/gif','orbiagro.com.ve subastas compra y venta: tester','2015-04-28 12:48:56','2015-04-28 12:48:56',1,1);
INSERT INTO "images" VALUES(36,22,'App\Feature','products/5/201504281204045656-2zsWWvJ8Cfo5y3Pos9n5.gif','image/gif','orbiagro.com.ve subastas compra y venta: tester','2015-04-28 12:48:56','2015-04-28 12:48:56',1,1);
INSERT INTO "images" VALUES(37,23,'App\Feature','products/5/201504281204045757-Y98jZhCLmjw7qGw18WX8.gif','image/gif','orbiagro.com.ve subastas compra y venta: tester','2015-04-28 12:48:57','2015-04-28 12:48:57',1,1);
INSERT INTO "images" VALUES(38,24,'App\Feature','products/5/201504281204045757-tAHwO5fxjmKB9NZXzNTv.gif','image/gif','orbiagro.com.ve subastas compra y venta: tester','2015-04-28 12:48:57','2015-04-28 12:48:57',1,1);
INSERT INTO "images" VALUES(39,25,'App\Feature','products/5/201504281204045858-gor4x9aJixrPenDcLgrA.gif','image/gif','orbiagro.com.ve subastas compra y venta: tester','2015-04-28 12:48:58','2015-04-28 12:48:58',1,1);
INSERT INTO "images" VALUES(40,26,'App\Feature','products/6/201504281204045858-KDIsvkJOwj9tMPHhV7bT.gif','image/gif','orbiagro.com.ve subastas compra y venta: tester','2015-04-28 12:48:58','2015-04-28 12:48:58',1,1);
INSERT INTO "images" VALUES(41,27,'App\Feature','products/6/201504281204045959-JQgtfh7TIJIlCDCRqvg2.gif','image/gif','orbiagro.com.ve subastas compra y venta: tester','2015-04-28 12:48:59','2015-04-28 12:48:59',1,1);
INSERT INTO "images" VALUES(42,28,'App\Feature','products/6/201504281204045959-elCh8cBT5ONLQVPYNz8K.gif','image/gif','orbiagro.com.ve subastas compra y venta: tester','2015-04-28 12:48:59','2015-04-28 12:48:59',1,1);
INSERT INTO "images" VALUES(43,29,'App\Feature','products/6/201504281204045959-2kRghPkEy7U8IGnLUT3G.gif','image/gif','orbiagro.com.ve subastas compra y venta: tester','2015-04-28 12:48:59','2015-04-28 12:48:59',1,1);
INSERT INTO "images" VALUES(44,30,'App\Feature','products/6/201504281204040000-DzgBgFIklLZFhEDcQ5Fm.gif','image/gif','orbiagro.com.ve subastas compra y venta: tester','2015-04-28 12:49:00','2015-04-28 12:49:00',1,1);
INSERT INTO "images" VALUES(45,31,'App\Feature','products/7/201504281204040000-tTEHNLI9F2ClgrsbsQA4.gif','image/gif','orbiagro.com.ve subastas compra y venta: tester','2015-04-28 12:49:00','2015-04-28 12:49:00',1,1);
INSERT INTO "images" VALUES(46,32,'App\Feature','products/7/201504281204040101-kCc2mSGLLEPXDKWdbcMp.gif','image/gif','orbiagro.com.ve subastas compra y venta: tester','2015-04-28 12:49:01','2015-04-28 12:49:01',1,1);
INSERT INTO "images" VALUES(47,33,'App\Feature','products/7/201504281204040101-SmFm1DUSmMmX6H2jtJ80.gif','image/gif','orbiagro.com.ve subastas compra y venta: tester','2015-04-28 12:49:01','2015-04-28 12:49:01',1,1);
INSERT INTO "images" VALUES(48,34,'App\Feature','products/7/201504281204040202-Zj9HAhmS4s3cJ3jpVTZL.gif','image/gif','orbiagro.com.ve subastas compra y venta: tester','2015-04-28 12:49:02','2015-04-28 12:49:02',1,1);
INSERT INTO "images" VALUES(49,35,'App\Feature','products/7/201504281204040202-QiUJ585nxsn24OJNozxj.gif','image/gif','orbiagro.com.ve subastas compra y venta: tester','2015-04-28 12:49:02','2015-04-28 12:49:02',1,1);
INSERT INTO "images" VALUES(50,36,'App\Feature','products/8/201504281204040303-mdRjYE7kglJSaIec1Ogh.gif','image/gif','orbiagro.com.ve subastas compra y venta: tester','2015-04-28 12:49:03','2015-04-28 12:49:03',1,1);
INSERT INTO "images" VALUES(51,37,'App\Feature','products/8/201504281204040303-sFmftilRcS1H2UYiZsvD.gif','image/gif','orbiagro.com.ve subastas compra y venta: tester','2015-04-28 12:49:03','2015-04-28 12:49:03',1,1);
INSERT INTO "images" VALUES(52,38,'App\Feature','products/8/201504281204040404-ZuoJvI5R6WWoWf9avtRA.gif','image/gif','orbiagro.com.ve subastas compra y venta: tester','2015-04-28 12:49:04','2015-04-28 12:49:04',1,1);
INSERT INTO "images" VALUES(53,39,'App\Feature','products/8/201504281204040404-VSZ1zf15wIFgQhdOBl7y.gif','image/gif','orbiagro.com.ve subastas compra y venta: tester','2015-04-28 12:49:04','2015-04-28 12:49:04',1,1);
INSERT INTO "images" VALUES(54,40,'App\Feature','products/8/201504281204040505-GgPCS3LqUVsTin1CthCN.gif','image/gif','orbiagro.com.ve subastas compra y venta: tester','2015-04-28 12:49:05','2015-04-28 12:49:05',1,1);
INSERT INTO "images" VALUES(55,1,'App\Product','products/1/201504281204041313-d83MgljvYIl9zKeC7dxv.gif','image/gif','orbiagro.com.ve subastas compra y venta: suscipit-ut-eum-odit','2015-04-28 12:49:13','2015-04-28 12:49:13',1,1);
INSERT INTO "images" VALUES(56,2,'App\Product','products/2/201504281204041313-oAGVdk9hFMZKNUJfzgUM.gif','image/gif','orbiagro.com.ve subastas compra y venta: facilis-molestiae-velit-itaque-sint-magnam','2015-04-28 12:49:13','2015-04-28 12:49:13',1,1);
INSERT INTO "images" VALUES(57,3,'App\Product','products/3/201504281204041313-r6iUw0U8QG7q0uwXs37v.gif','image/gif','orbiagro.com.ve subastas compra y venta: autem-magni-ut-neque-voluptatem-dolor-quasi','2015-04-28 12:49:13','2015-04-28 12:49:13',1,1);
INSERT INTO "images" VALUES(58,4,'App\Product','products/4/201504281204041414-O1ADo6cg9t5WmYAl17qz.gif','image/gif','orbiagro.com.ve subastas compra y venta: dolores-error-et-nesciunt','2015-04-28 12:49:14','2015-04-28 12:49:14',1,1);
INSERT INTO "images" VALUES(59,5,'App\Product','products/5/201504281204041414-1r3Wdby4M72vJcyTZ0JN.gif','image/gif','orbiagro.com.ve subastas compra y venta: quo-magnam-iure-quo-voluptas-ducimus','2015-04-28 12:49:14','2015-04-28 12:49:14',1,1);
INSERT INTO "images" VALUES(60,6,'App\Product','products/6/201504281204041414-cj4SB3KKYLGBERWCwmdV.gif','image/gif','orbiagro.com.ve subastas compra y venta: qui-ipsum-voluptatem-provident','2015-04-28 12:49:14','2015-04-28 12:49:14',1,1);
INSERT INTO "images" VALUES(61,7,'App\Product','products/7/201504281204041515-51y650C2cKddGwf6Bm1g.gif','image/gif','orbiagro.com.ve subastas compra y venta: facilis-dolor-sit-corporis-quaerat-aperiam-eos','2015-04-28 12:49:15','2015-04-28 12:49:15',1,1);
INSERT INTO "images" VALUES(62,8,'App\Product','products/8/201504281204041515-SKOrUghb1XXqEKpfbz2Y.gif','image/gif','orbiagro.com.ve subastas compra y venta: qui-hic-soluta-doloribus-qui','2015-04-28 12:49:15','2015-04-28 12:49:15',1,1);
CREATE TABLE "characteristics" ("id" integer not null primary key autoincrement, "product_id" integer not null, "height" integer null, "width" integer null, "depth" integer null, "weight" integer null, "units" integer null, "created_at" datetime not null, "updated_at" datetime not null, "created_by" integer not null, "updated_by" integer not null, foreign key("product_id") references "products"("id"), foreign key("created_by") references "users"("id"), foreign key("updated_by") references "users"("id"));
INSERT INTO "characteristics" VALUES(1,1,1,1,1,1,1,'2015-04-28 12:49:05','2015-04-28 12:49:05',1,1);
INSERT INTO "characteristics" VALUES(2,2,1,1,1,1,1,'2015-04-28 12:49:05','2015-04-28 12:49:05',1,1);
INSERT INTO "characteristics" VALUES(3,3,1,1,1,1,1,'2015-04-28 12:49:05','2015-04-28 12:49:05',1,1);
INSERT INTO "characteristics" VALUES(4,4,1,1,1,1,1,'2015-04-28 12:49:05','2015-04-28 12:49:05',1,1);
INSERT INTO "characteristics" VALUES(5,5,1,1,1,1,1,'2015-04-28 12:49:05','2015-04-28 12:49:05',1,1);
INSERT INTO "characteristics" VALUES(6,6,1,1,1,1,1,'2015-04-28 12:49:06','2015-04-28 12:49:06',1,1);
INSERT INTO "characteristics" VALUES(7,7,1,1,1,1,1,'2015-04-28 12:49:06','2015-04-28 12:49:06',1,1);
INSERT INTO "characteristics" VALUES(8,8,1,1,1,1,1,'2015-04-28 12:49:06','2015-04-28 12:49:06',1,1);
CREATE TABLE "features" ("id" integer not null primary key autoincrement, "product_id" integer not null, "title" varchar not null, "description" varchar not null, "created_at" datetime not null, "updated_at" datetime not null, "created_by" integer not null, "updated_by" integer not null, foreign key("product_id") references "products"("id"), foreign key("created_by") references "users"("id"), foreign key("updated_by") references "users"("id"));
INSERT INTO "features" VALUES(1,1,'tester','tester','2015-04-28 12:48:46','2015-04-28 12:48:46',1,1);
INSERT INTO "features" VALUES(2,1,'tester','tester','2015-04-28 12:48:47','2015-04-28 12:48:47',1,1);
INSERT INTO "features" VALUES(3,1,'tester','tester','2015-04-28 12:48:47','2015-04-28 12:48:47',1,1);
INSERT INTO "features" VALUES(4,1,'tester','tester','2015-04-28 12:48:48','2015-04-28 12:48:48',1,1);
INSERT INTO "features" VALUES(5,1,'tester','tester','2015-04-28 12:48:48','2015-04-28 12:48:48',1,1);
INSERT INTO "features" VALUES(6,2,'tester','tester','2015-04-28 12:48:49','2015-04-28 12:48:49',1,1);
INSERT INTO "features" VALUES(7,2,'tester','tester','2015-04-28 12:48:49','2015-04-28 12:48:49',1,1);
INSERT INTO "features" VALUES(8,2,'tester','tester','2015-04-28 12:48:50','2015-04-28 12:48:50',1,1);
INSERT INTO "features" VALUES(9,2,'tester','tester','2015-04-28 12:48:50','2015-04-28 12:48:50',1,1);
INSERT INTO "features" VALUES(10,2,'tester','tester','2015-04-28 12:48:51','2015-04-28 12:48:51',1,1);
INSERT INTO "features" VALUES(11,3,'tester','tester','2015-04-28 12:48:51','2015-04-28 12:48:51',1,1);
INSERT INTO "features" VALUES(12,3,'tester','tester','2015-04-28 12:48:52','2015-04-28 12:48:52',1,1);
INSERT INTO "features" VALUES(13,3,'tester','tester','2015-04-28 12:48:52','2015-04-28 12:48:52',1,1);
INSERT INTO "features" VALUES(14,3,'tester','tester','2015-04-28 12:48:52','2015-04-28 12:48:52',1,1);
INSERT INTO "features" VALUES(15,3,'tester','tester','2015-04-28 12:48:53','2015-04-28 12:48:53',1,1);
INSERT INTO "features" VALUES(16,4,'tester','tester','2015-04-28 12:48:53','2015-04-28 12:48:53',1,1);
INSERT INTO "features" VALUES(17,4,'tester','tester','2015-04-28 12:48:54','2015-04-28 12:48:54',1,1);
INSERT INTO "features" VALUES(18,4,'tester','tester','2015-04-28 12:48:54','2015-04-28 12:48:54',1,1);
INSERT INTO "features" VALUES(19,4,'tester','tester','2015-04-28 12:48:55','2015-04-28 12:48:55',1,1);
INSERT INTO "features" VALUES(20,4,'tester','tester','2015-04-28 12:48:55','2015-04-28 12:48:55',1,1);
INSERT INTO "features" VALUES(21,5,'tester','tester','2015-04-28 12:48:56','2015-04-28 12:48:56',1,1);
INSERT INTO "features" VALUES(22,5,'tester','tester','2015-04-28 12:48:56','2015-04-28 12:48:56',1,1);
INSERT INTO "features" VALUES(23,5,'tester','tester','2015-04-28 12:48:57','2015-04-28 12:48:57',1,1);
INSERT INTO "features" VALUES(24,5,'tester','tester','2015-04-28 12:48:57','2015-04-28 12:48:57',1,1);
INSERT INTO "features" VALUES(25,5,'tester','tester','2015-04-28 12:48:57','2015-04-28 12:48:57',1,1);
INSERT INTO "features" VALUES(26,6,'tester','tester','2015-04-28 12:48:58','2015-04-28 12:48:58',1,1);
INSERT INTO "features" VALUES(27,6,'tester','tester','2015-04-28 12:48:58','2015-04-28 12:48:58',1,1);
INSERT INTO "features" VALUES(28,6,'tester','tester','2015-04-28 12:48:59','2015-04-28 12:48:59',1,1);
INSERT INTO "features" VALUES(29,6,'tester','tester','2015-04-28 12:48:59','2015-04-28 12:48:59',1,1);
INSERT INTO "features" VALUES(30,6,'tester','tester','2015-04-28 12:49:00','2015-04-28 12:49:00',1,1);
INSERT INTO "features" VALUES(31,7,'tester','tester','2015-04-28 12:49:00','2015-04-28 12:49:00',1,1);
INSERT INTO "features" VALUES(32,7,'tester','tester','2015-04-28 12:49:01','2015-04-28 12:49:01',1,1);
INSERT INTO "features" VALUES(33,7,'tester','tester','2015-04-28 12:49:01','2015-04-28 12:49:01',1,1);
INSERT INTO "features" VALUES(34,7,'tester','tester','2015-04-28 12:49:02','2015-04-28 12:49:02',1,1);
INSERT INTO "features" VALUES(35,7,'tester','tester','2015-04-28 12:49:02','2015-04-28 12:49:02',1,1);
INSERT INTO "features" VALUES(36,8,'tester','tester','2015-04-28 12:49:03','2015-04-28 12:49:03',1,1);
INSERT INTO "features" VALUES(37,8,'tester','tester','2015-04-28 12:49:03','2015-04-28 12:49:03',1,1);
INSERT INTO "features" VALUES(38,8,'tester','tester','2015-04-28 12:49:04','2015-04-28 12:49:04',1,1);
INSERT INTO "features" VALUES(39,8,'tester','tester','2015-04-28 12:49:04','2015-04-28 12:49:04',1,1);
INSERT INTO "features" VALUES(40,8,'tester','tester','2015-04-28 12:49:04','2015-04-28 12:49:04',1,1);
CREATE TABLE "mechanical_infos" ("id" integer not null primary key autoincrement, "product_id" integer not null, "motor" varchar null, "motor_serial" varchar null, "model" varchar null, "cylinders" integer null, "horsepower" integer null, "mileage" integer null, "traction" integer null, "lift" integer null, "created_at" datetime not null, "updated_at" datetime not null, "created_by" integer not null, "updated_by" integer not null, foreign key("product_id") references "products"("id"), foreign key("created_by") references "users"("id"), foreign key("updated_by") references "users"("id"));
INSERT INTO "mechanical_infos" VALUES(1,1,'1','1','1',1,1,1,1,1,'2015-04-28 12:49:07','2015-04-28 12:49:07',1,1);
INSERT INTO "mechanical_infos" VALUES(2,2,'1','1','1',1,1,1,1,1,'2015-04-28 12:49:07','2015-04-28 12:49:07',1,1);
INSERT INTO "mechanical_infos" VALUES(3,3,'1','1','1',1,1,1,1,1,'2015-04-28 12:49:07','2015-04-28 12:49:07',1,1);
INSERT INTO "mechanical_infos" VALUES(4,4,'1','1','1',1,1,1,1,1,'2015-04-28 12:49:08','2015-04-28 12:49:08',1,1);
INSERT INTO "mechanical_infos" VALUES(5,5,'1','1','1',1,1,1,1,1,'2015-04-28 12:49:08','2015-04-28 12:49:08',1,1);
INSERT INTO "mechanical_infos" VALUES(6,6,'1','1','1',1,1,1,1,1,'2015-04-28 12:49:08','2015-04-28 12:49:08',1,1);
INSERT INTO "mechanical_infos" VALUES(7,7,'1','1','1',1,1,1,1,1,'2015-04-28 12:49:08','2015-04-28 12:49:08',1,1);
INSERT INTO "mechanical_infos" VALUES(8,8,'1','1','1',1,1,1,1,1,'2015-04-28 12:49:08','2015-04-28 12:49:08',1,1);
CREATE TABLE "nutritionals" ("id" integer not null primary key autoincrement, "product_id" integer not null, "due" date null, "created_at" datetime not null, "updated_at" datetime not null, "created_by" integer not null, "updated_by" integer not null, foreign key("product_id") references "products"("id"), foreign key("created_by") references "users"("id"), foreign key("updated_by") references "users"("id"));
INSERT INTO "nutritionals" VALUES(1,1,'1999-09-09','2015-04-28 12:49:06','2015-04-28 12:49:06',1,1);
INSERT INTO "nutritionals" VALUES(2,2,'1999-09-09','2015-04-28 12:49:06','2015-04-28 12:49:06',1,1);
INSERT INTO "nutritionals" VALUES(3,3,'1999-09-09','2015-04-28 12:49:06','2015-04-28 12:49:06',1,1);
INSERT INTO "nutritionals" VALUES(4,4,'1999-09-09','2015-04-28 12:49:06','2015-04-28 12:49:06',1,1);
INSERT INTO "nutritionals" VALUES(5,5,'1999-09-09','2015-04-28 12:49:07','2015-04-28 12:49:07',1,1);
INSERT INTO "nutritionals" VALUES(6,6,'1999-09-09','2015-04-28 12:49:07','2015-04-28 12:49:07',1,1);
INSERT INTO "nutritionals" VALUES(7,7,'1999-09-09','2015-04-28 12:49:07','2015-04-28 12:49:07',1,1);
INSERT INTO "nutritionals" VALUES(8,8,'1999-09-09','2015-04-28 12:49:07','2015-04-28 12:49:07',1,1);
CREATE TABLE "visits" ("id" integer not null primary key autoincrement, "user_id" integer not null, "visitable_id" integer not null, "visitable_type" varchar not null, "total" integer not null, "created_at" datetime not null, "updated_at" datetime not null, foreign key("user_id") references "users"("id") on delete cascade);
INSERT INTO "visits" VALUES(1,1,1,'App\Product',1,'2015-04-28 12:49:12','2015-04-28 12:49:12');
CREATE TABLE "banks" ("id" integer not null primary key autoincrement, "description" varchar not null, "created_at" datetime not null, "updated_at" datetime not null);
INSERT INTO "banks" VALUES(1,'Sin Banco Asociado','2015-04-28 12:49:09','2015-04-28 12:49:09');
INSERT INTO "banks" VALUES(2,'Banco Nazario-Meléndez SA','2015-04-28 12:49:09','2015-04-28 12:49:09');
INSERT INTO "banks" VALUES(3,'Banco Montes, León y Véliz e Hijo','2015-04-28 12:49:09','2015-04-28 12:49:09');
INSERT INTO "banks" VALUES(4,'Banco Lozano-Valladares S. de H.','2015-04-28 12:49:09','2015-04-28 12:49:09');
INSERT INTO "banks" VALUES(5,'Banco Arreola de López','2015-04-28 12:49:09','2015-04-28 12:49:09');
INSERT INTO "banks" VALUES(6,'Banco Villagómez-Espinoza y Asoc.','2015-04-28 12:49:09','2015-04-28 12:49:09');
INSERT INTO "banks" VALUES(7,'Banco Air Aponte','2015-04-28 12:49:09','2015-04-28 12:49:09');
INSERT INTO "banks" VALUES(8,'Banco Gestora Leal-Orozco','2015-04-28 12:49:10','2015-04-28 12:49:10');
INSERT INTO "banks" VALUES(9,'Banco Guerra, Casanova y Carrasco SA','2015-04-28 12:49:10','2015-04-28 12:49:10');
INSERT INTO "banks" VALUES(10,'Banco Viajes Vicente','2015-04-28 12:49:10','2015-04-28 12:49:10');
INSERT INTO "banks" VALUES(11,'Banco Viajes Villagómez','2015-04-28 12:49:10','2015-04-28 12:49:10');
CREATE TABLE "card_types" ("id" integer not null primary key autoincrement, "description" varchar not null, "created_at" datetime not null, "updated_at" datetime not null);
INSERT INTO "card_types" VALUES(1,'Visa','2015-04-28 12:49:10','2015-04-28 12:49:10');
INSERT INTO "card_types" VALUES(2,'MasterCard','2015-04-28 12:49:10','2015-04-28 12:49:10');
INSERT INTO "card_types" VALUES(3,'American Express','2015-04-28 12:49:10','2015-04-28 12:49:10');
INSERT INTO "card_types" VALUES(4,'Discover Card','2015-04-28 12:49:11','2015-04-28 12:49:11');
INSERT INTO "card_types" VALUES(5,'Debito','2015-04-28 12:49:11','2015-04-28 12:49:11');
INSERT INTO "card_types" VALUES(6,'Sin Tarjeta Asociada','2015-04-28 12:49:11','2015-04-28 12:49:11');
CREATE TABLE "billings" ("id" integer not null primary key autoincrement, "user_id" integer not null, "bank_id" integer null, "card_type_id" integer null, "card_number" varchar null, "bank_account" varchar null, "expiration" varchar null, "comments" varchar null, "created_at" datetime not null, "updated_at" datetime not null, "created_by" integer not null, "updated_by" integer not null, foreign key("user_id") references "users"("id") on delete cascade, foreign key("bank_id") references "banks"("id"), foreign key("card_type_id") references "card_types"("id"), foreign key("created_by") references "users"("id"), foreign key("updated_by") references "users"("id"));
INSERT INTO "billings" VALUES(1,1,1,6,'345354110319401','ES3711839159235202499014','07/16','Eveniet sunt recusandae et laborum facere sequi et. Facere voluptates facere consequuntur aut odit. Voluptatum laborum aut voluptatem dolore et.','2015-04-28 12:49:11','2015-04-28 12:49:11',1,1);
CREATE TABLE "maker_sub_category" ("maker_id" integer not null, "sub_category_id" integer not null, foreign key("maker_id") references "makers"("id"), foreign key("sub_category_id") references "sub_categories"("id"));
INSERT INTO "maker_sub_category" VALUES(1,1);
INSERT INTO "maker_sub_category" VALUES(2,1);
INSERT INTO "maker_sub_category" VALUES(3,2);
INSERT INTO "maker_sub_category" VALUES(4,2);
INSERT INTO "maker_sub_category" VALUES(5,3);
INSERT INTO "maker_sub_category" VALUES(6,3);
INSERT INTO "maker_sub_category" VALUES(7,4);
INSERT INTO "maker_sub_category" VALUES(8,4);
INSERT INTO "maker_sub_category" VALUES(9,5);
INSERT INTO "maker_sub_category" VALUES(10,5);
INSERT INTO "maker_sub_category" VALUES(11,6);
INSERT INTO "maker_sub_category" VALUES(12,6);
INSERT INTO "maker_sub_category" VALUES(13,7);
INSERT INTO "maker_sub_category" VALUES(14,7);
CREATE TABLE "product_sub_category" ("product_id" integer not null, "sub_category_id" integer not null, foreign key("product_id") references "products"("id"), foreign key("sub_category_id") references "sub_categories"("id"));
INSERT INTO "product_sub_category" VALUES(1,1);
INSERT INTO "product_sub_category" VALUES(2,2);
INSERT INTO "product_sub_category" VALUES(3,3);
INSERT INTO "product_sub_category" VALUES(4,4);
INSERT INTO "product_sub_category" VALUES(5,5);
INSERT INTO "product_sub_category" VALUES(6,6);
INSERT INTO "product_sub_category" VALUES(7,7);
INSERT INTO "product_sub_category" VALUES(8,1);
CREATE TABLE "product_user" ("product_id" integer not null, "user_id" integer not null, "quantity" integer not null, "created_at" datetime not null, "updated_at" datetime not null, foreign key("product_id") references "products"("id") on delete cascade, foreign key("user_id") references "users"("id") on delete cascade);
INSERT INTO "product_user" VALUES(1,1,4,'2015-04-28 12:49:11','2015-04-28 12:49:11');
INSERT INTO "product_user" VALUES(2,1,1,'2015-04-28 12:49:11','2015-04-28 12:49:11');
INSERT INTO "product_user" VALUES(3,1,1,'2015-04-28 12:49:11','2015-04-28 12:49:11');
INSERT INTO "product_user" VALUES(4,1,4,'2015-04-28 12:49:12','2015-04-28 12:49:12');
INSERT INTO "product_user" VALUES(5,1,5,'2015-04-28 12:49:12','2015-04-28 12:49:12');
INSERT INTO "product_user" VALUES(6,1,1,'2015-04-28 12:49:12','2015-04-28 12:49:12');
INSERT INTO "product_user" VALUES(7,1,1,'2015-04-28 12:49:12','2015-04-28 12:49:12');
INSERT INTO "product_user" VALUES(8,1,3,'2015-04-28 12:49:12','2015-04-28 12:49:12');
CREATE TABLE "map_details" ("id" integer not null primary key autoincrement, "direction_id" integer not null, "latitude" float not null, "longitude" float not null, "zoom" integer not null, "created_at" datetime not null, "updated_at" datetime not null, foreign key("direction_id") references "directions"("id") on delete cascade);
INSERT INTO "map_details" VALUES(1,9,10.492315,-66.932899,12,'2015-04-28 12:48:46','2015-04-28 12:48:46');
DELETE FROM sqlite_sequence;
INSERT INTO "sqlite_sequence" VALUES('profiles',3);
INSERT INTO "sqlite_sequence" VALUES('genders',2);
INSERT INTO "sqlite_sequence" VALUES('nationalities',2);
INSERT INTO "sqlite_sequence" VALUES('states',1);
INSERT INTO "sqlite_sequence" VALUES('towns',1);
INSERT INTO "sqlite_sequence" VALUES('parishes',1);
INSERT INTO "sqlite_sequence" VALUES('users',1);
INSERT INTO "sqlite_sequence" VALUES('people',1);
INSERT INTO "sqlite_sequence" VALUES('directions',9);
INSERT INTO "sqlite_sequence" VALUES('categories',2);
INSERT INTO "sqlite_sequence" VALUES('sub_categories',7);
INSERT INTO "sqlite_sequence" VALUES('makers',14);
INSERT INTO "sqlite_sequence" VALUES('images',62);
INSERT INTO "sqlite_sequence" VALUES('products',8);
INSERT INTO "sqlite_sequence" VALUES('map_details',1);
INSERT INTO "sqlite_sequence" VALUES('features',40);
INSERT INTO "sqlite_sequence" VALUES('files',48);
INSERT INTO "sqlite_sequence" VALUES('characteristics',8);
INSERT INTO "sqlite_sequence" VALUES('nutritionals',8);
INSERT INTO "sqlite_sequence" VALUES('mechanical_infos',8);
INSERT INTO "sqlite_sequence" VALUES('banks',11);
INSERT INTO "sqlite_sequence" VALUES('card_types',6);
INSERT INTO "sqlite_sequence" VALUES('billings',1);
INSERT INTO "sqlite_sequence" VALUES('visits',1);
INSERT INTO "sqlite_sequence" VALUES('promotions',1);
CREATE UNIQUE INDEX users_email_unique on "users" ("email");
CREATE INDEX password_resets_email_index on "password_resets" ("email");
CREATE INDEX password_resets_token_index on "password_resets" ("token");
CREATE INDEX product_user_product_id_index on "product_user" ("product_id");
CREATE INDEX product_user_user_id_index on "product_user" ("user_id");
COMMIT;
