PRAGMA foreign_keys=OFF;
BEGIN TRANSACTION;
CREATE TABLE "migrations" ("migration" varchar not null, "batch" integer not null);
INSERT INTO "migrations" VALUES('2014_10_12_000000_create_users_table',1);
INSERT INTO "migrations" VALUES('2014_10_12_100000_create_password_resets_table',1);
INSERT INTO "migrations" VALUES('2015_03_10_140153_create_genders_table',1);
INSERT INTO "migrations" VALUES('2015_03_10_142938_create_states_table',1);
INSERT INTO "migrations" VALUES('2015_03_10_154237_create_towns_table',1);
INSERT INTO "migrations" VALUES('2015_03_10_154410_create_parishes_table',1);
INSERT INTO "migrations" VALUES('2015_03_10_154455_create_directions_table',1);
INSERT INTO "migrations" VALUES('2015_03_10_154557_create_profiles_table',1);
INSERT INTO "migrations" VALUES('2015_03_10_173459_create_nationalities_table',1);
INSERT INTO "migrations" VALUES('2015_03_10_173503_create_people_table',1);
INSERT INTO "migrations" VALUES('2015_03_13_193841_create_makers_table',1);
INSERT INTO "migrations" VALUES('2015_03_13_194526_create_categories_table',1);
INSERT INTO "migrations" VALUES('2015_03_13_195124_create_sub_categories_table',1);
INSERT INTO "migrations" VALUES('2015_03_13_202223_create_products_table',1);
INSERT INTO "migrations" VALUES('2015_03_13_205446_create_promotions_table',1);
INSERT INTO "migrations" VALUES('2015_03_13_205519_create_product_promotion_table',1);
INSERT INTO "migrations" VALUES('2015_03_13_205737_create_files_table',1);
INSERT INTO "migrations" VALUES('2015_03_13_212413_create_images_table',1);
INSERT INTO "migrations" VALUES('2015_03_13_212630_create_characteristics_table',1);
INSERT INTO "migrations" VALUES('2015_03_13_214205_create_features_table',1);
INSERT INTO "migrations" VALUES('2015_03_13_214850_create_mechanical_infos_table',1);
INSERT INTO "migrations" VALUES('2015_03_13_215620_create_nutritionals_table',1);
INSERT INTO "migrations" VALUES('2015_03_13_220817_create_visits_table',1);
INSERT INTO "migrations" VALUES('2015_03_13_221555_create_banks_table',1);
INSERT INTO "migrations" VALUES('2015_03_13_221616_create_card_types_table',1);
INSERT INTO "migrations" VALUES('2015_03_13_221820_create_billings_table',1);
INSERT INTO "migrations" VALUES('2015_03_13_234614_create_maker_sub_category',1);
INSERT INTO "migrations" VALUES('2015_03_14_000527_create_product_sub_category_table',1);
INSERT INTO "migrations" VALUES('2015_03_17_200518_create_product_user_pivot_table',1);
CREATE TABLE "users" ("id" integer not null primary key autoincrement, "profile_id" integer not null, "name" varchar not null, "email" varchar not null, "password" varchar not null, "remember_token" varchar null, "created_at" datetime not null, "updated_at" datetime not null, "deleted_at" datetime null);
INSERT INTO "users" VALUES(1,1,'tester','tester@tester.com','$2y$10$aAZGK584r/oq3M6U4XqW2uvNa/QZ2RJDQAYaMfdmSH68GF7lunla2',NULL,'current_timestampt','current_timestampt',NULL);
CREATE TABLE "password_resets" ("email" varchar not null, "token" varchar not null, "created_at" datetime not null);
CREATE TABLE "genders" ("id" integer not null primary key autoincrement, "description" varchar not null, "created_at" datetime not null, "updated_at" datetime not null);
INSERT INTO "genders" VALUES(1,'Masculino','2015-03-18 17:06:03','2015-03-18 17:06:03');
INSERT INTO "genders" VALUES(2,'Femenino','2015-03-18 17:06:03','2015-03-18 17:06:03');
CREATE TABLE "states" ("id" integer not null primary key autoincrement, "description" varchar not null, "created_at" datetime not null, "updated_at" datetime not null);
INSERT INTO "states" VALUES(1,'Distrito Capital','2015-03-18 21:36:03','2015-03-18 21:36:03');
CREATE TABLE "towns" ("id" integer not null primary key autoincrement, "state_id" integer not null, "description" varchar not null, "created_at" datetime not null, "updated_at" datetime not null, foreign key("state_id") references "states"("id"));
INSERT INTO "towns" VALUES(1,1,'Libertador','2015-03-18 21:36:03','2015-03-18 21:36:03');
CREATE TABLE "parishes" ("id" integer not null primary key autoincrement, "town_id" integer not null, "description" varchar not null, "created_at" datetime not null, "updated_at" datetime not null, foreign key("town_id") references "towns"("id"));
INSERT INTO "parishes" VALUES(1,1,'Altagracia','2015-03-18 21:36:03','2015-03-18 21:36:03');
CREATE TABLE "directions" ("id" integer not null primary key autoincrement, "directionable_id" integer not null, "directionable_type" varchar not null, "parish_id" integer not null, "details" varchar null, "created_at" datetime not null, "updated_at" datetime not null, "created_by" integer not null, "updated_by" integer not null, "deleted_at" datetime null, foreign key("parish_id") references "parishes"("id"), foreign key("created_by") references "users"("id"), foreign key("updated_by") references "users"("id"));
INSERT INTO "directions" VALUES(1,1,'App\Person',1,'Calle del tester.','2015-03-18 17:06:03','2015-03-18 17:06:03',1,1,NULL);
INSERT INTO "directions" VALUES(2,1,'App\Product',1,'Carrer Chavarría, 897, 3º 8º','2015-03-18 17:06:04','2015-03-18 17:06:04',1,1,NULL);
INSERT INTO "directions" VALUES(3,2,'App\Product',1,'Avenida Carmen, 04, 1º D','2015-03-18 17:06:04','2015-03-18 17:06:04',1,1,NULL);
INSERT INTO "directions" VALUES(4,3,'App\Product',1,'Paseo Marco, 39, 3º B','2015-03-18 17:06:04','2015-03-18 17:06:04',1,1,NULL);
INSERT INTO "directions" VALUES(5,4,'App\Product',1,'Plaça Noa, 71, 00º A','2015-03-18 17:06:04','2015-03-18 17:06:04',1,1,NULL);
INSERT INTO "directions" VALUES(6,5,'App\Product',1,'Rúa Madrigal, 52, 10º F','2015-03-18 17:06:04','2015-03-18 17:06:04',1,1,NULL);
INSERT INTO "directions" VALUES(7,6,'App\Product',1,'Ruela Pablo, 89, 87º B','2015-03-18 17:06:04','2015-03-18 17:06:04',1,1,NULL);
INSERT INTO "directions" VALUES(8,7,'App\Product',1,'Passeig Arredondo, 72, 5º C','2015-03-18 17:06:04','2015-03-18 17:06:04',1,1,NULL);
CREATE TABLE "profiles" ("id" integer not null primary key autoincrement, "description" varchar not null, "created_at" datetime not null, "updated_at" datetime not null);
INSERT INTO "profiles" VALUES(1,'Administrador','2015-03-18 17:06:03','2015-03-18 17:06:03');
INSERT INTO "profiles" VALUES(2,'Usuario','2015-03-18 17:06:03','2015-03-18 17:06:03');
INSERT INTO "profiles" VALUES(3,'Desactivado','2015-03-18 17:06:03','2015-03-18 17:06:03');
CREATE TABLE "nationalities" ("id" integer not null primary key autoincrement, "description" varchar not null, "created_at" datetime not null, "updated_at" datetime not null);
INSERT INTO "nationalities" VALUES(1,'Venezolano','2015-03-18 17:06:03','2015-03-18 17:06:03');
INSERT INTO "nationalities" VALUES(2,'Extrangero','2015-03-18 17:06:03','2015-03-18 17:06:03');
CREATE TABLE "people" ("id" integer not null primary key autoincrement, "user_id" integer not null, "gender_id" integer not null, "nationality_id" integer not null, "first_name" varchar not null, "last_name" varchar null, "first_surname" varchar not null, "last_surname" varchar null, "identity_card" varchar not null, "phone" varchar null, "birth_date" date null, "created_at" datetime not null, "updated_at" datetime not null, foreign key("user_id") references "users"("id") on delete cascade, foreign key("gender_id") references "genders"("id"), foreign key("nationality_id") references "nationalities"("id"));
INSERT INTO "people" VALUES(1,1,1,1,'tester',NULL,'tester',NULL,'10000001','+58-(212)-111-2233','1999-09-09','current_timestampt','current_timestampt');
CREATE TABLE "makers" ("id" integer not null primary key autoincrement, "name" varchar not null, "slug" varchar not null, "domain" varchar null, "url" varchar null, "logo_path" varchar null, "logo_alt" varchar null, "created_at" datetime not null, "updated_at" datetime not null);
INSERT INTO "makers" VALUES(1,'Moran de Arreola e Hijo','moran-de-arreola-e-hijo','oliva.org','http://www.perea.es/beatae-eum-qui-cupiditate-iste-tenetur',NULL,NULL,'2015-03-18 17:06:04','2015-03-18 17:06:04');
INSERT INTO "makers" VALUES(2,'Valdez-Valle','valdez-valle','air.org','http://www.barrios.com/',NULL,NULL,'2015-03-18 17:06:04','2015-03-18 17:06:04');
INSERT INTO "makers" VALUES(3,'Rubio de Ulloa','rubio-de-ulloa','uribe.com.es','http://www.air.es/error-quidem-omnis-illum-perferendis',NULL,NULL,'2015-03-18 17:06:04','2015-03-18 17:06:04');
INSERT INTO "makers" VALUES(4,'Vega, Vergara y Altamirano y Flia.','vega-vergara-y-altamirano-y-flia','empresa.es','http://www.armenta.net/soluta-rerum-illo-aut-consequatur-accusamus-expedita',NULL,NULL,'2015-03-18 17:06:04','2015-03-18 17:06:04');
INSERT INTO "makers" VALUES(5,'Ayala y Alonso SA','ayala-y-alonso-sa','hernandodelgado.net','https://centro.com/eum-mollitia-ut-quidem-ad-eum.html',NULL,NULL,'2015-03-18 17:06:04','2015-03-18 17:06:04');
INSERT INTO "makers" VALUES(6,'Piña, Mendoza y Agosto y Asoc.','pina-mendoza-y-agosto-y-asoc','fierro.es','http://colunga.es/repellat-ipsam-facilis-placeat-ut-vel-commodi-harum',NULL,NULL,'2015-03-18 17:06:04','2015-03-18 17:06:04');
INSERT INTO "makers" VALUES(7,'Centro Salcido y Flia.','centro-salcido-y-flia','centro.com.es','http://corporacion.es/quo-ratione-sit-at-qui-omnis-enim-modi.html',NULL,NULL,'2015-03-18 17:06:04','2015-03-18 17:06:04');
INSERT INTO "makers" VALUES(8,'Carrero-Salgado','carrero-salgado','marinbarrera.es','https://www.gestora.es/fuga-vero-quo-nobis-doloribus-error-cum',NULL,NULL,'2015-03-18 17:06:04','2015-03-18 17:06:04');
INSERT INTO "makers" VALUES(9,'Viajes Carreón','viajes-carreon','asociacion.com.es','https://asociacion.es/explicabo-optio-velit-facere-dolorum-sit.html',NULL,NULL,'2015-03-18 17:06:04','2015-03-18 17:06:04');
INSERT INTO "makers" VALUES(10,'Cuenca-Zelaya','cuenca-zelaya','pabon.com','http://www.mesa.com.es/',NULL,NULL,'2015-03-18 17:06:04','2015-03-18 17:06:04');
INSERT INTO "makers" VALUES(11,'Guajardo, Jaime y Villalba e Hijo','guajardo-jaime-y-villalba-e-hijo','gestora.com','http://www.cotto.com/laboriosam-nisi-est-et-voluptate-atque-ducimus-in-ea.html',NULL,NULL,'2015-03-18 17:06:04','2015-03-18 17:06:04');
INSERT INTO "makers" VALUES(12,'Rolón y Rojas SRL','rolon-y-rojas-srl','uribe.com','http://www.cuestaalonso.org/sit-dolorem-ut-incidunt',NULL,NULL,'2015-03-18 17:06:04','2015-03-18 17:06:04');
INSERT INTO "makers" VALUES(13,'Cintrón, Murillo y Tovar y Asoc.','cintron-murillo-y-tovar-y-asoc','lozano.net','https://viajes.com/et-autem-voluptas-distinctio-quasi-beatae.html',NULL,NULL,'2015-03-18 17:06:04','2015-03-18 17:06:04');
INSERT INTO "makers" VALUES(14,'Empresa Arellano-Verduzco','empresa-arellano-verduzco','medranoaparicio.es','http://www.valeroponce.es/mollitia-vero-perferendis-velit',NULL,NULL,'2015-03-18 17:06:04','2015-03-18 17:06:04');
CREATE TABLE "categories" ("id" integer not null primary key autoincrement, "description" varchar not null, "slug" varchar not null, "created_at" datetime not null, "updated_at" datetime not null);
INSERT INTO "categories" VALUES(1,'Productos Agro-Industriales','productos-agro-industriales','2015-03-18 17:06:03','2015-03-18 17:06:03');
INSERT INTO "categories" VALUES(2,'Productos Alimenticios','productos-alimenticios','2015-03-18 17:06:03','2015-03-18 17:06:03');
CREATE TABLE "sub_categories" ("id" integer not null primary key autoincrement, "category_id" integer not null, "description" varchar not null, "slug" varchar not null, "created_at" datetime not null, "updated_at" datetime not null, foreign key("category_id") references "categories"("id") on delete cascade);
INSERT INTO "sub_categories" VALUES(1,1,'Maquinaria Pesada','maquinaria-pesada','2015-03-18 17:06:03','2015-03-18 17:06:03');
INSERT INTO "sub_categories" VALUES(2,1,'Tractores','tractores','2015-03-18 17:06:03','2015-03-18 17:06:03');
INSERT INTO "sub_categories" VALUES(3,1,'Maquinaria Ligera','maquinaria-ligera','2015-03-18 17:06:03','2015-03-18 17:06:03');
INSERT INTO "sub_categories" VALUES(4,2,'Chocolate','chocolate','2015-03-18 17:06:03','2015-03-18 17:06:03');
INSERT INTO "sub_categories" VALUES(5,2,'Arroz','arroz','2015-03-18 17:06:03','2015-03-18 17:06:03');
INSERT INTO "sub_categories" VALUES(6,2,'Avena','avena','2015-03-18 17:06:03','2015-03-18 17:06:03');
INSERT INTO "sub_categories" VALUES(7,2,'Soya','soya','2015-03-18 17:06:03','2015-03-18 17:06:03');
CREATE TABLE "products" ("id" integer not null primary key autoincrement, "user_id" integer not null, "maker_id" integer not null, "title" varchar not null, "description" text not null, "price" float not null, "quantity" integer not null, "slug" varchar not null, "created_at" datetime not null, "updated_at" datetime not null, "created_by" integer not null, "updated_by" integer not null, "deleted_at" datetime null, foreign key("user_id") references "users"("id") on delete cascade, foreign key("maker_id") references "makers"("id"), foreign key("created_by") references "users"("id"), foreign key("updated_by") references "users"("id"));
INSERT INTO "products" VALUES(1,1,6,'Voluptates optio ut tenetur quos.','Est est officia totam eius. Similique at alias illum voluptas. Itaque quis aut aliquam eos quibusdam commodi impedit.',5517485249.13,4,'1','2015-03-18 17:06:04','2015-03-18 17:06:04',1,1,NULL);
INSERT INTO "products" VALUES(2,1,4,'Vitae impedit aliquid adipisci.','Aut ab alias est commodi. Temporibus est aut est quo accusamus. Voluptatem ut earum non at qui.
Ut vel qui illo. Ut est temporibus dolorem. Aliquam voluptatibus deleniti quo ad.',5920397719.49,10,'1','2015-03-18 17:06:04','2015-03-18 17:06:04',1,1,NULL);
INSERT INTO "products" VALUES(3,1,13,'Cumque reprehenderit consequuntur soluta incidunt et dicta.','Ad veritatis quia tempore nulla repellat. Velit earum laboriosam sed consequuntur autem sequi. Nisi est praesentium rerum blanditiis natus minima expedita.',7123018492.65,4,'1','2015-03-18 17:06:04','2015-03-18 17:06:04',1,1,NULL);
INSERT INTO "products" VALUES(4,1,8,'Possimus consequuntur fugiat deserunt occaecati.','Itaque facilis facere odio dolores nihil nobis deserunt illo. Aliquid distinctio ut magni nulla exercitationem.',3117027683.3,15,'1','2015-03-18 17:06:04','2015-03-18 17:06:04',1,1,NULL);
INSERT INTO "products" VALUES(5,1,11,'Explicabo corporis corrupti consequatur omnis ut.','Fugit qui tempore quos aut adipisci facilis dolorem fuga. Sunt vero excepturi consequuntur reprehenderit ut a tempora. Culpa perspiciatis dolore qui earum ipsa et.',8746366483.99,13,'1','2015-03-18 17:06:04','2015-03-18 17:06:04',1,1,NULL);
INSERT INTO "products" VALUES(6,1,7,'Sed est illum delectus earum.','Quaerat nisi reprehenderit magnam asperiores quia debitis. Suscipit dolores tempora consequatur. Ipsum dolores qui reiciendis sunt deleniti omnis ut. Ut dolorem omnis aut eius.',2041389999.22,14,'1','2015-03-18 17:06:04','2015-03-18 17:06:04',1,1,NULL);
INSERT INTO "products" VALUES(7,1,9,'Neque autem nulla omnis velit aut quam.','Voluptatem quod eos occaecati aut modi tempore. Minus deleniti eius dolore veritatis. Modi dolores distinctio temporibus cumque deleniti maxime. Non quo nobis molestiae rerum quam eligendi dolores.',7067521316.24,6,'1','2015-03-18 17:06:04','2015-03-18 17:06:04',1,1,NULL);
CREATE TABLE "promotions" ("id" integer not null primary key autoincrement, "title" varchar not null, "slug" varchar not null, "percentage" integer null, "static" integer null, "begins" date not null, "ends" date not null, "created_at" datetime not null, "updated_at" datetime not null);
CREATE TABLE "product_promotion" ("product_id" integer not null, "promotion_id" integer not null, foreign key("product_id") references "products"("id"), foreign key("promotion_id") references "promotions"("id"));
CREATE TABLE "files" ("id" integer not null primary key autoincrement, "fileable_id" integer not null, "fileable_type" varchar not null, "path" varchar not null, "mime" varchar not null, "created_at" datetime not null, "updated_at" datetime not null, "created_by" integer not null, "updated_by" integer not null, foreign key("created_by") references "users"("id"), foreign key("updated_by") references "users"("id"));
INSERT INTO "files" VALUES(1,1,'App\Feature','products/1/201503180503030404-op7294BCoN9LeYQwZU99.pdf','application/pdf','2015-03-18 17:06:04','2015-03-18 17:06:04',1,1);
INSERT INTO "files" VALUES(2,2,'App\Feature','products/1/201503180503030404-sQTzNbMcD3SBW1Yl0hbd.pdf','application/pdf','2015-03-18 17:06:04','2015-03-18 17:06:04',1,1);
INSERT INTO "files" VALUES(3,3,'App\Feature','products/1/201503180503030505-5WS8qim3ky7q5VJCCJtV.pdf','application/pdf','2015-03-18 17:06:05','2015-03-18 17:06:05',1,1);
INSERT INTO "files" VALUES(4,4,'App\Feature','products/1/201503180503030505-C0YhxpJeIrx1sZDpQHVa.pdf','application/pdf','2015-03-18 17:06:05','2015-03-18 17:06:05',1,1);
INSERT INTO "files" VALUES(5,5,'App\Feature','products/1/201503180503030505-WJFQSHo3eP4vtqY9aIrn.pdf','application/pdf','2015-03-18 17:06:05','2015-03-18 17:06:05',1,1);
INSERT INTO "files" VALUES(6,6,'App\Feature','products/2/201503180503030505-5x40GJS8pn9WHDPu9rTB.pdf','application/pdf','2015-03-18 17:06:05','2015-03-18 17:06:05',1,1);
INSERT INTO "files" VALUES(7,7,'App\Feature','products/2/201503180503030505-FGhy4C5AF5sI27gVtQ4s.pdf','application/pdf','2015-03-18 17:06:05','2015-03-18 17:06:05',1,1);
INSERT INTO "files" VALUES(8,8,'App\Feature','products/2/201503180503030505-urgsKWjIXf74x5Zgw7pC.pdf','application/pdf','2015-03-18 17:06:05','2015-03-18 17:06:05',1,1);
INSERT INTO "files" VALUES(9,9,'App\Feature','products/2/201503180503030505-lUXomm7196pp9Jo4UMUn.pdf','application/pdf','2015-03-18 17:06:05','2015-03-18 17:06:05',1,1);
INSERT INTO "files" VALUES(10,10,'App\Feature','products/2/201503180503030505-EDotj9jc8dQhFjakCFvp.pdf','application/pdf','2015-03-18 17:06:05','2015-03-18 17:06:05',1,1);
INSERT INTO "files" VALUES(11,11,'App\Feature','products/3/201503180503030505-wixp8ZP2NhA0VQ8ET77U.pdf','application/pdf','2015-03-18 17:06:05','2015-03-18 17:06:05',1,1);
INSERT INTO "files" VALUES(12,12,'App\Feature','products/3/201503180503030505-mrBlx6Jptr4PRwQgN5AR.pdf','application/pdf','2015-03-18 17:06:05','2015-03-18 17:06:05',1,1);
INSERT INTO "files" VALUES(13,13,'App\Feature','products/3/201503180503030505-if0s8yM7tkGldUovzcmt.pdf','application/pdf','2015-03-18 17:06:05','2015-03-18 17:06:05',1,1);
INSERT INTO "files" VALUES(14,14,'App\Feature','products/3/201503180503030505-aIBKB4yeQnsZi0VMHOLZ.pdf','application/pdf','2015-03-18 17:06:05','2015-03-18 17:06:05',1,1);
INSERT INTO "files" VALUES(15,15,'App\Feature','products/3/201503180503030505-5Hr4dQYHtqGQM6jjVQqD.pdf','application/pdf','2015-03-18 17:06:05','2015-03-18 17:06:05',1,1);
INSERT INTO "files" VALUES(16,16,'App\Feature','products/4/201503180503030505-E1MUv2buYP79DEOWV4eY.pdf','application/pdf','2015-03-18 17:06:05','2015-03-18 17:06:05',1,1);
INSERT INTO "files" VALUES(17,17,'App\Feature','products/4/201503180503030505-tCJWfzWmlPaYiEFuUhG9.pdf','application/pdf','2015-03-18 17:06:05','2015-03-18 17:06:05',1,1);
INSERT INTO "files" VALUES(18,18,'App\Feature','products/4/201503180503030606-Ymgp9u2FNh02nQyicspv.pdf','application/pdf','2015-03-18 17:06:06','2015-03-18 17:06:06',1,1);
INSERT INTO "files" VALUES(19,19,'App\Feature','products/4/201503180503030606-IF1PpHVHUjKgeqc0jyqT.pdf','application/pdf','2015-03-18 17:06:06','2015-03-18 17:06:06',1,1);
INSERT INTO "files" VALUES(20,20,'App\Feature','products/4/201503180503030606-RpbcLczZUnj0NO0PPqLV.pdf','application/pdf','2015-03-18 17:06:06','2015-03-18 17:06:06',1,1);
INSERT INTO "files" VALUES(21,21,'App\Feature','products/5/201503180503030606-c5ojxULZJLeuZe7Ym7h2.pdf','application/pdf','2015-03-18 17:06:06','2015-03-18 17:06:06',1,1);
INSERT INTO "files" VALUES(22,22,'App\Feature','products/5/201503180503030606-Z22SE9qQ4fxNrwuta6VU.pdf','application/pdf','2015-03-18 17:06:06','2015-03-18 17:06:06',1,1);
INSERT INTO "files" VALUES(23,23,'App\Feature','products/5/201503180503030606-0JAqHC2iNaJ7hSjMSaJv.pdf','application/pdf','2015-03-18 17:06:06','2015-03-18 17:06:06',1,1);
INSERT INTO "files" VALUES(24,24,'App\Feature','products/5/201503180503030606-3Id0PcEUVQXW892EpvMd.pdf','application/pdf','2015-03-18 17:06:06','2015-03-18 17:06:06',1,1);
INSERT INTO "files" VALUES(25,25,'App\Feature','products/5/201503180503030606-pa1YjqjgRHidRdhGEeyR.pdf','application/pdf','2015-03-18 17:06:06','2015-03-18 17:06:06',1,1);
INSERT INTO "files" VALUES(26,26,'App\Feature','products/6/201503180503030606-9qNuci9JjFCyCT0hCceU.pdf','application/pdf','2015-03-18 17:06:06','2015-03-18 17:06:06',1,1);
INSERT INTO "files" VALUES(27,27,'App\Feature','products/6/201503180503030606-5lf1O3gn9rCScjRx0iN0.pdf','application/pdf','2015-03-18 17:06:06','2015-03-18 17:06:06',1,1);
INSERT INTO "files" VALUES(28,28,'App\Feature','products/6/201503180503030606-yfCBJpUe8SGxH2Wv7oA9.pdf','application/pdf','2015-03-18 17:06:06','2015-03-18 17:06:06',1,1);
INSERT INTO "files" VALUES(29,29,'App\Feature','products/6/201503180503030606-KkflW68fkGlm5SAT9cCc.pdf','application/pdf','2015-03-18 17:06:06','2015-03-18 17:06:06',1,1);
INSERT INTO "files" VALUES(30,30,'App\Feature','products/6/201503180503030606-XTFCQjVSaVAukS1OLXoI.pdf','application/pdf','2015-03-18 17:06:06','2015-03-18 17:06:06',1,1);
INSERT INTO "files" VALUES(31,31,'App\Feature','products/7/201503180503030606-8N7RGs1pacAeKifAV8Y9.pdf','application/pdf','2015-03-18 17:06:06','2015-03-18 17:06:06',1,1);
INSERT INTO "files" VALUES(32,32,'App\Feature','products/7/201503180503030606-vDNrU698TyYhQ06A3aJd.pdf','application/pdf','2015-03-18 17:06:07','2015-03-18 17:06:07',1,1);
INSERT INTO "files" VALUES(33,33,'App\Feature','products/7/201503180503030707-J8EUgIFmSKlBaJUFooPg.pdf','application/pdf','2015-03-18 17:06:07','2015-03-18 17:06:07',1,1);
INSERT INTO "files" VALUES(34,34,'App\Feature','products/7/201503180503030707-V68UwO9La2EtBIyt8aSb.pdf','application/pdf','2015-03-18 17:06:07','2015-03-18 17:06:07',1,1);
INSERT INTO "files" VALUES(35,35,'App\Feature','products/7/201503180503030707-mCAONqu8EvnZRd6hpDbm.pdf','application/pdf','2015-03-18 17:06:07','2015-03-18 17:06:07',1,1);
INSERT INTO "files" VALUES(36,1,'App\Product','products/1/201503180503030707-4CDxqoo6zFF3jSLStoSu.pdf','application/pdf','2015-03-18 17:06:07','2015-03-18 17:06:07',1,1);
INSERT INTO "files" VALUES(37,2,'App\Product','products/2/201503180503030707-FZA1EUwBMyCeYbvxqFu7.pdf','application/pdf','2015-03-18 17:06:07','2015-03-18 17:06:07',1,1);
INSERT INTO "files" VALUES(38,3,'App\Product','products/3/201503180503030707-Kwo2Rlc6HMXUWNlnTtRB.pdf','application/pdf','2015-03-18 17:06:07','2015-03-18 17:06:07',1,1);
INSERT INTO "files" VALUES(39,4,'App\Product','products/4/201503180503030808-3ClpsFI5SjB2ZJ2jlTAH.pdf','application/pdf','2015-03-18 17:06:08','2015-03-18 17:06:08',1,1);
INSERT INTO "files" VALUES(40,5,'App\Product','products/5/201503180503030808-rPZl5h9e4od0k6cusKJp.pdf','application/pdf','2015-03-18 17:06:08','2015-03-18 17:06:08',1,1);
INSERT INTO "files" VALUES(41,6,'App\Product','products/6/201503180503030808-o3EjQQMex5lx6kFZQSEO.pdf','application/pdf','2015-03-18 17:06:08','2015-03-18 17:06:08',1,1);
INSERT INTO "files" VALUES(42,7,'App\Product','products/7/201503180503030808-ncIjMu5Zrgifm9cfAxK9.pdf','application/pdf','2015-03-18 17:06:08','2015-03-18 17:06:08',1,1);
CREATE TABLE "images" ("id" integer not null primary key autoincrement, "imageable_id" integer not null, "imageable_type" varchar not null, "path" varchar not null, "mime" varchar not null, "alt" varchar not null, "created_at" datetime not null, "updated_at" datetime not null, "created_by" integer not null, "updated_by" integer not null, foreign key("created_by") references "users"("id"), foreign key("updated_by") references "users"("id"));
INSERT INTO "images" VALUES(1,1,'App\Feature','products/1/201503180503030404-PhvE6O108qMKDPvqENik.gif','image/gif','orbiagro.com.ve subastas compra y venta: tester','2015-03-18 17:06:04','2015-03-18 17:06:04',1,1);
INSERT INTO "images" VALUES(2,2,'App\Feature','products/1/201503180503030404-WAZU1oHocNRL9qAUcxpw.gif','image/gif','orbiagro.com.ve subastas compra y venta: tester','2015-03-18 17:06:04','2015-03-18 17:06:04',1,1);
INSERT INTO "images" VALUES(3,3,'App\Feature','products/1/201503180503030404-B42bIT1132R13eb51Dfx.gif','image/gif','orbiagro.com.ve subastas compra y venta: tester','2015-03-18 17:06:05','2015-03-18 17:06:05',1,1);
INSERT INTO "images" VALUES(4,4,'App\Feature','products/1/201503180503030505-cyTefcC86EQW3uIAgDEz.gif','image/gif','orbiagro.com.ve subastas compra y venta: tester','2015-03-18 17:06:05','2015-03-18 17:06:05',1,1);
INSERT INTO "images" VALUES(5,5,'App\Feature','products/1/201503180503030505-BZWxFdsRxAz44z4J6d8d.gif','image/gif','orbiagro.com.ve subastas compra y venta: tester','2015-03-18 17:06:05','2015-03-18 17:06:05',1,1);
INSERT INTO "images" VALUES(6,6,'App\Feature','products/2/201503180503030505-8b8y2WYqPnZZvuO5Ucjh.gif','image/gif','orbiagro.com.ve subastas compra y venta: tester','2015-03-18 17:06:05','2015-03-18 17:06:05',1,1);
INSERT INTO "images" VALUES(7,7,'App\Feature','products/2/201503180503030505-3C3cMuE8rK4DHlxXXqLg.gif','image/gif','orbiagro.com.ve subastas compra y venta: tester','2015-03-18 17:06:05','2015-03-18 17:06:05',1,1);
INSERT INTO "images" VALUES(8,8,'App\Feature','products/2/201503180503030505-GQp9hB6fI3tdUv0gFhkd.gif','image/gif','orbiagro.com.ve subastas compra y venta: tester','2015-03-18 17:06:05','2015-03-18 17:06:05',1,1);
INSERT INTO "images" VALUES(9,9,'App\Feature','products/2/201503180503030505-lvAYIlhzIWbE5bCjG8m8.gif','image/gif','orbiagro.com.ve subastas compra y venta: tester','2015-03-18 17:06:05','2015-03-18 17:06:05',1,1);
INSERT INTO "images" VALUES(10,10,'App\Feature','products/2/201503180503030505-KckfPBdpfHjE6gKkh6bC.gif','image/gif','orbiagro.com.ve subastas compra y venta: tester','2015-03-18 17:06:05','2015-03-18 17:06:05',1,1);
INSERT INTO "images" VALUES(11,11,'App\Feature','products/3/201503180503030505-sMYgueLmXDyJnwTnUWcM.gif','image/gif','orbiagro.com.ve subastas compra y venta: tester','2015-03-18 17:06:05','2015-03-18 17:06:05',1,1);
INSERT INTO "images" VALUES(12,12,'App\Feature','products/3/201503180503030505-wHeoKlbL6qMYCEweJmDm.gif','image/gif','orbiagro.com.ve subastas compra y venta: tester','2015-03-18 17:06:05','2015-03-18 17:06:05',1,1);
INSERT INTO "images" VALUES(13,13,'App\Feature','products/3/201503180503030505-AeomsA4uT993Kvjl9GXv.gif','image/gif','orbiagro.com.ve subastas compra y venta: tester','2015-03-18 17:06:05','2015-03-18 17:06:05',1,1);
INSERT INTO "images" VALUES(14,14,'App\Feature','products/3/201503180503030505-6506uRzQn65mUf79AoYn.gif','image/gif','orbiagro.com.ve subastas compra y venta: tester','2015-03-18 17:06:05','2015-03-18 17:06:05',1,1);
INSERT INTO "images" VALUES(15,15,'App\Feature','products/3/201503180503030505-qMv5zb9fP8mu6wUllhW8.gif','image/gif','orbiagro.com.ve subastas compra y venta: tester','2015-03-18 17:06:05','2015-03-18 17:06:05',1,1);
INSERT INTO "images" VALUES(16,16,'App\Feature','products/4/201503180503030505-l2tqHdM2IwebEOCdIbnk.gif','image/gif','orbiagro.com.ve subastas compra y venta: tester','2015-03-18 17:06:05','2015-03-18 17:06:05',1,1);
INSERT INTO "images" VALUES(17,17,'App\Feature','products/4/201503180503030505-mND6tnrIZrOq75DkEILx.gif','image/gif','orbiagro.com.ve subastas compra y venta: tester','2015-03-18 17:06:05','2015-03-18 17:06:05',1,1);
INSERT INTO "images" VALUES(18,18,'App\Feature','products/4/201503180503030606-PQnsRJJOUN6ZzLCqYJQb.gif','image/gif','orbiagro.com.ve subastas compra y venta: tester','2015-03-18 17:06:06','2015-03-18 17:06:06',1,1);
INSERT INTO "images" VALUES(19,19,'App\Feature','products/4/201503180503030606-F8fVh7RWpKze64C19QnN.gif','image/gif','orbiagro.com.ve subastas compra y venta: tester','2015-03-18 17:06:06','2015-03-18 17:06:06',1,1);
INSERT INTO "images" VALUES(20,20,'App\Feature','products/4/201503180503030606-QSRyLJeK0id1eIuhPiCh.gif','image/gif','orbiagro.com.ve subastas compra y venta: tester','2015-03-18 17:06:06','2015-03-18 17:06:06',1,1);
INSERT INTO "images" VALUES(21,21,'App\Feature','products/5/201503180503030606-pv0TLZYj8JDAbNES0kPw.gif','image/gif','orbiagro.com.ve subastas compra y venta: tester','2015-03-18 17:06:06','2015-03-18 17:06:06',1,1);
INSERT INTO "images" VALUES(22,22,'App\Feature','products/5/201503180503030606-oJnHE7LpeBNQc1u6fIGz.gif','image/gif','orbiagro.com.ve subastas compra y venta: tester','2015-03-18 17:06:06','2015-03-18 17:06:06',1,1);
INSERT INTO "images" VALUES(23,23,'App\Feature','products/5/201503180503030606-DfV125W8UrqLHP4fhl0A.gif','image/gif','orbiagro.com.ve subastas compra y venta: tester','2015-03-18 17:06:06','2015-03-18 17:06:06',1,1);
INSERT INTO "images" VALUES(24,24,'App\Feature','products/5/201503180503030606-JMPm1ulnnqwIMOaD97i2.gif','image/gif','orbiagro.com.ve subastas compra y venta: tester','2015-03-18 17:06:06','2015-03-18 17:06:06',1,1);
INSERT INTO "images" VALUES(25,25,'App\Feature','products/5/201503180503030606-ZWve0Wt62oDnM6J9BpAT.gif','image/gif','orbiagro.com.ve subastas compra y venta: tester','2015-03-18 17:06:06','2015-03-18 17:06:06',1,1);
INSERT INTO "images" VALUES(26,26,'App\Feature','products/6/201503180503030606-v4uen28AjrqqzCypZcrq.gif','image/gif','orbiagro.com.ve subastas compra y venta: tester','2015-03-18 17:06:06','2015-03-18 17:06:06',1,1);
INSERT INTO "images" VALUES(27,27,'App\Feature','products/6/201503180503030606-9Z0oSQHaPkQXtD1aJwfX.gif','image/gif','orbiagro.com.ve subastas compra y venta: tester','2015-03-18 17:06:06','2015-03-18 17:06:06',1,1);
INSERT INTO "images" VALUES(28,28,'App\Feature','products/6/201503180503030606-ntisplwRlSyBxEcgwgtq.gif','image/gif','orbiagro.com.ve subastas compra y venta: tester','2015-03-18 17:06:06','2015-03-18 17:06:06',1,1);
INSERT INTO "images" VALUES(29,29,'App\Feature','products/6/201503180503030606-J35rInj39buWOMLNB1J5.gif','image/gif','orbiagro.com.ve subastas compra y venta: tester','2015-03-18 17:06:06','2015-03-18 17:06:06',1,1);
INSERT INTO "images" VALUES(30,30,'App\Feature','products/6/201503180503030606-caLlxjY5xaSg33XGJddL.gif','image/gif','orbiagro.com.ve subastas compra y venta: tester','2015-03-18 17:06:06','2015-03-18 17:06:06',1,1);
INSERT INTO "images" VALUES(31,31,'App\Feature','products/7/201503180503030606-WKxHR77humz5GTnsTF31.gif','image/gif','orbiagro.com.ve subastas compra y venta: tester','2015-03-18 17:06:06','2015-03-18 17:06:06',1,1);
INSERT INTO "images" VALUES(32,32,'App\Feature','products/7/201503180503030606-U6hGcAT3Q49DKdC1teR2.gif','image/gif','orbiagro.com.ve subastas compra y venta: tester','2015-03-18 17:06:06','2015-03-18 17:06:06',1,1);
INSERT INTO "images" VALUES(33,33,'App\Feature','products/7/201503180503030707-yd3asIGg0riS3ZZIqbaV.gif','image/gif','orbiagro.com.ve subastas compra y venta: tester','2015-03-18 17:06:07','2015-03-18 17:06:07',1,1);
INSERT INTO "images" VALUES(34,34,'App\Feature','products/7/201503180503030707-mGBJbG8XOlybnDoJW4td.gif','image/gif','orbiagro.com.ve subastas compra y venta: tester','2015-03-18 17:06:07','2015-03-18 17:06:07',1,1);
INSERT INTO "images" VALUES(35,35,'App\Feature','products/7/201503180503030707-7wSk6dej80t1bLrBp4Dx.gif','image/gif','orbiagro.com.ve subastas compra y venta: tester','2015-03-18 17:06:07','2015-03-18 17:06:07',1,1);
INSERT INTO "images" VALUES(36,1,'App\Product','products/1/201503180503030707-lXJzhgG8yJuBPnA4hesQ.gif','image/gif','orbiagro.com.ve subastas compra y venta: voluptates-optio-ut-tenetur-quos','2015-03-18 17:06:07','2015-03-18 17:06:07',1,1);
INSERT INTO "images" VALUES(37,2,'App\Product','products/2/201503180503030707-84W7jIpifyirSlerS8NO.gif','image/gif','orbiagro.com.ve subastas compra y venta: vitae-impedit-aliquid-adipisci','2015-03-18 17:06:07','2015-03-18 17:06:07',1,1);
INSERT INTO "images" VALUES(38,3,'App\Product','products/3/201503180503030707-4AkyTJhR5fSaZXVynMCw.gif','image/gif','orbiagro.com.ve subastas compra y venta: cumque-reprehenderit-consequuntur-soluta-incidunt-et-dicta','2015-03-18 17:06:07','2015-03-18 17:06:07',1,1);
INSERT INTO "images" VALUES(39,4,'App\Product','products/4/201503180503030707-h0KNIR9UDC5k52v7if52.gif','image/gif','orbiagro.com.ve subastas compra y venta: possimus-consequuntur-fugiat-deserunt-occaecati','2015-03-18 17:06:08','2015-03-18 17:06:08',1,1);
INSERT INTO "images" VALUES(40,5,'App\Product','products/5/201503180503030808-LTDbyaa68JgObe04Bvnv.gif','image/gif','orbiagro.com.ve subastas compra y venta: explicabo-corporis-corrupti-consequatur-omnis-ut','2015-03-18 17:06:08','2015-03-18 17:06:08',1,1);
INSERT INTO "images" VALUES(41,6,'App\Product','products/6/201503180503030808-Ihni8w19XHqzKdD3Vbl9.gif','image/gif','orbiagro.com.ve subastas compra y venta: sed-est-illum-delectus-earum','2015-03-18 17:06:08','2015-03-18 17:06:08',1,1);
INSERT INTO "images" VALUES(42,7,'App\Product','products/7/201503180503030808-9xqCoOPTUdnOlowNVg0o.gif','image/gif','orbiagro.com.ve subastas compra y venta: neque-autem-nulla-omnis-velit-aut-quam','2015-03-18 17:06:08','2015-03-18 17:06:08',1,1);
CREATE TABLE "characteristics" ("id" integer not null primary key autoincrement, "product_id" integer not null, "height" integer null, "width" integer null, "depth" integer null, "weight" integer null, "units" integer null, "created_at" datetime not null, "updated_at" datetime not null, "created_by" integer not null, "updated_by" integer not null, foreign key("product_id") references "products"("id"), foreign key("created_by") references "users"("id"), foreign key("updated_by") references "users"("id"));
INSERT INTO "characteristics" VALUES(1,1,1,1,1,1,1,'2015-03-18 17:06:07','2015-03-18 17:06:07',1,1);
INSERT INTO "characteristics" VALUES(2,2,1,1,1,1,1,'2015-03-18 17:06:07','2015-03-18 17:06:07',1,1);
INSERT INTO "characteristics" VALUES(3,3,1,1,1,1,1,'2015-03-18 17:06:07','2015-03-18 17:06:07',1,1);
INSERT INTO "characteristics" VALUES(4,4,1,1,1,1,1,'2015-03-18 17:06:07','2015-03-18 17:06:07',1,1);
INSERT INTO "characteristics" VALUES(5,5,1,1,1,1,1,'2015-03-18 17:06:07','2015-03-18 17:06:07',1,1);
INSERT INTO "characteristics" VALUES(6,6,1,1,1,1,1,'2015-03-18 17:06:07','2015-03-18 17:06:07',1,1);
INSERT INTO "characteristics" VALUES(7,7,1,1,1,1,1,'2015-03-18 17:06:07','2015-03-18 17:06:07',1,1);
CREATE TABLE "features" ("id" integer not null primary key autoincrement, "product_id" integer not null, "title" varchar not null, "description" varchar not null, "created_at" datetime not null, "updated_at" datetime not null, "created_by" integer not null, "updated_by" integer not null, foreign key("product_id") references "products"("id"), foreign key("created_by") references "users"("id"), foreign key("updated_by") references "users"("id"));
INSERT INTO "features" VALUES(1,1,'tester','tester','2015-03-18 17:06:04','2015-03-18 17:06:04',1,1);
INSERT INTO "features" VALUES(2,1,'tester','tester','2015-03-18 17:06:04','2015-03-18 17:06:04',1,1);
INSERT INTO "features" VALUES(3,1,'tester','tester','2015-03-18 17:06:04','2015-03-18 17:06:04',1,1);
INSERT INTO "features" VALUES(4,1,'tester','tester','2015-03-18 17:06:05','2015-03-18 17:06:05',1,1);
INSERT INTO "features" VALUES(5,1,'tester','tester','2015-03-18 17:06:05','2015-03-18 17:06:05',1,1);
INSERT INTO "features" VALUES(6,2,'tester','tester','2015-03-18 17:06:05','2015-03-18 17:06:05',1,1);
INSERT INTO "features" VALUES(7,2,'tester','tester','2015-03-18 17:06:05','2015-03-18 17:06:05',1,1);
INSERT INTO "features" VALUES(8,2,'tester','tester','2015-03-18 17:06:05','2015-03-18 17:06:05',1,1);
INSERT INTO "features" VALUES(9,2,'tester','tester','2015-03-18 17:06:05','2015-03-18 17:06:05',1,1);
INSERT INTO "features" VALUES(10,2,'tester','tester','2015-03-18 17:06:05','2015-03-18 17:06:05',1,1);
INSERT INTO "features" VALUES(11,3,'tester','tester','2015-03-18 17:06:05','2015-03-18 17:06:05',1,1);
INSERT INTO "features" VALUES(12,3,'tester','tester','2015-03-18 17:06:05','2015-03-18 17:06:05',1,1);
INSERT INTO "features" VALUES(13,3,'tester','tester','2015-03-18 17:06:05','2015-03-18 17:06:05',1,1);
INSERT INTO "features" VALUES(14,3,'tester','tester','2015-03-18 17:06:05','2015-03-18 17:06:05',1,1);
INSERT INTO "features" VALUES(15,3,'tester','tester','2015-03-18 17:06:05','2015-03-18 17:06:05',1,1);
INSERT INTO "features" VALUES(16,4,'tester','tester','2015-03-18 17:06:05','2015-03-18 17:06:05',1,1);
INSERT INTO "features" VALUES(17,4,'tester','tester','2015-03-18 17:06:05','2015-03-18 17:06:05',1,1);
INSERT INTO "features" VALUES(18,4,'tester','tester','2015-03-18 17:06:05','2015-03-18 17:06:05',1,1);
INSERT INTO "features" VALUES(19,4,'tester','tester','2015-03-18 17:06:06','2015-03-18 17:06:06',1,1);
INSERT INTO "features" VALUES(20,4,'tester','tester','2015-03-18 17:06:06','2015-03-18 17:06:06',1,1);
INSERT INTO "features" VALUES(21,5,'tester','tester','2015-03-18 17:06:06','2015-03-18 17:06:06',1,1);
INSERT INTO "features" VALUES(22,5,'tester','tester','2015-03-18 17:06:06','2015-03-18 17:06:06',1,1);
INSERT INTO "features" VALUES(23,5,'tester','tester','2015-03-18 17:06:06','2015-03-18 17:06:06',1,1);
INSERT INTO "features" VALUES(24,5,'tester','tester','2015-03-18 17:06:06','2015-03-18 17:06:06',1,1);
INSERT INTO "features" VALUES(25,5,'tester','tester','2015-03-18 17:06:06','2015-03-18 17:06:06',1,1);
INSERT INTO "features" VALUES(26,6,'tester','tester','2015-03-18 17:06:06','2015-03-18 17:06:06',1,1);
INSERT INTO "features" VALUES(27,6,'tester','tester','2015-03-18 17:06:06','2015-03-18 17:06:06',1,1);
INSERT INTO "features" VALUES(28,6,'tester','tester','2015-03-18 17:06:06','2015-03-18 17:06:06',1,1);
INSERT INTO "features" VALUES(29,6,'tester','tester','2015-03-18 17:06:06','2015-03-18 17:06:06',1,1);
INSERT INTO "features" VALUES(30,6,'tester','tester','2015-03-18 17:06:06','2015-03-18 17:06:06',1,1);
INSERT INTO "features" VALUES(31,7,'tester','tester','2015-03-18 17:06:06','2015-03-18 17:06:06',1,1);
INSERT INTO "features" VALUES(32,7,'tester','tester','2015-03-18 17:06:06','2015-03-18 17:06:06',1,1);
INSERT INTO "features" VALUES(33,7,'tester','tester','2015-03-18 17:06:07','2015-03-18 17:06:07',1,1);
INSERT INTO "features" VALUES(34,7,'tester','tester','2015-03-18 17:06:07','2015-03-18 17:06:07',1,1);
INSERT INTO "features" VALUES(35,7,'tester','tester','2015-03-18 17:06:07','2015-03-18 17:06:07',1,1);
CREATE TABLE "mechanical_infos" ("id" integer not null primary key autoincrement, "product_id" integer not null, "motor" varchar null, "motor_serial" varchar null, "model" varchar null, "cylinders" integer null, "horsepower" integer null, "mileage" integer null, "traction" integer null, "lift" integer null, "created_at" datetime not null, "updated_at" datetime not null, "created_by" integer not null, "updated_by" integer not null, foreign key("product_id") references "products"("id"), foreign key("created_by") references "users"("id"), foreign key("updated_by") references "users"("id"));
INSERT INTO "mechanical_infos" VALUES(1,1,'1','1','1',1,1,1,1,1,'2015-03-18 17:06:07','2015-03-18 17:06:07',1,1);
INSERT INTO "mechanical_infos" VALUES(2,2,'1','1','1',1,1,1,1,1,'2015-03-18 17:06:07','2015-03-18 17:06:07',1,1);
INSERT INTO "mechanical_infos" VALUES(3,3,'1','1','1',1,1,1,1,1,'2015-03-18 17:06:07','2015-03-18 17:06:07',1,1);
INSERT INTO "mechanical_infos" VALUES(4,4,'1','1','1',1,1,1,1,1,'2015-03-18 17:06:07','2015-03-18 17:06:07',1,1);
INSERT INTO "mechanical_infos" VALUES(5,5,'1','1','1',1,1,1,1,1,'2015-03-18 17:06:07','2015-03-18 17:06:07',1,1);
INSERT INTO "mechanical_infos" VALUES(6,6,'1','1','1',1,1,1,1,1,'2015-03-18 17:06:07','2015-03-18 17:06:07',1,1);
INSERT INTO "mechanical_infos" VALUES(7,7,'1','1','1',1,1,1,1,1,'2015-03-18 17:06:07','2015-03-18 17:06:07',1,1);
CREATE TABLE "nutritionals" ("id" integer not null primary key autoincrement, "product_id" integer not null, "due" date null, "created_at" datetime not null, "updated_at" datetime not null, "created_by" integer not null, "updated_by" integer not null, foreign key("product_id") references "products"("id"), foreign key("created_by") references "users"("id"), foreign key("updated_by") references "users"("id"));
INSERT INTO "nutritionals" VALUES(1,1,'1999-09-09','2015-03-18 17:06:07','2015-03-18 17:06:07',1,1);
INSERT INTO "nutritionals" VALUES(2,2,'1999-09-09','2015-03-18 17:06:07','2015-03-18 17:06:07',1,1);
INSERT INTO "nutritionals" VALUES(3,3,'1999-09-09','2015-03-18 17:06:07','2015-03-18 17:06:07',1,1);
INSERT INTO "nutritionals" VALUES(4,4,'1999-09-09','2015-03-18 17:06:07','2015-03-18 17:06:07',1,1);
INSERT INTO "nutritionals" VALUES(5,5,'1999-09-09','2015-03-18 17:06:07','2015-03-18 17:06:07',1,1);
INSERT INTO "nutritionals" VALUES(6,6,'1999-09-09','2015-03-18 17:06:07','2015-03-18 17:06:07',1,1);
INSERT INTO "nutritionals" VALUES(7,7,'1999-09-09','2015-03-18 17:06:07','2015-03-18 17:06:07',1,1);
CREATE TABLE "visits" ("id" integer not null primary key autoincrement, "user_id" integer not null, "visitable_id" integer not null, "visitable_type" varchar not null, "total" integer not null, "created_at" datetime not null, "updated_at" datetime not null, foreign key("user_id") references "users"("id") on delete cascade);
INSERT INTO "visits" VALUES(1,1,1,'App\Product',1,'2015-03-18 17:06:07','2015-03-18 17:06:07');
CREATE TABLE "banks" ("id" integer not null primary key autoincrement, "description" varchar not null, "created_at" datetime not null, "updated_at" datetime not null);
INSERT INTO "banks" VALUES(1,'Sin Banco Asociado','2015-03-18 17:06:07','2015-03-18 17:06:07');
INSERT INTO "banks" VALUES(2,'Banco Global Rojo e Hijo','2015-03-18 17:06:07','2015-03-18 17:06:07');
INSERT INTO "banks" VALUES(3,'Banco Grupo Cabello-Rangel','2015-03-18 17:06:07','2015-03-18 17:06:07');
INSERT INTO "banks" VALUES(4,'Banco Montero-Arredondo','2015-03-18 17:06:07','2015-03-18 17:06:07');
INSERT INTO "banks" VALUES(5,'Banco Vera y Heredia','2015-03-18 17:06:07','2015-03-18 17:06:07');
INSERT INTO "banks" VALUES(6,'Banco Grupo Treviño-Rascón','2015-03-18 17:06:07','2015-03-18 17:06:07');
INSERT INTO "banks" VALUES(7,'Banco Gestora Haro y Asoc.','2015-03-18 17:06:07','2015-03-18 17:06:07');
INSERT INTO "banks" VALUES(8,'Banco Mayorga de Cepeda','2015-03-18 17:06:07','2015-03-18 17:06:07');
INSERT INTO "banks" VALUES(9,'Banco Martos y Deleón','2015-03-18 17:06:07','2015-03-18 17:06:07');
INSERT INTO "banks" VALUES(10,'Banco Arguello-Saucedo e Hijos','2015-03-18 17:06:07','2015-03-18 17:06:07');
INSERT INTO "banks" VALUES(11,'Banco Ramos de Márquez e Hija','2015-03-18 17:06:07','2015-03-18 17:06:07');
CREATE TABLE "card_types" ("id" integer not null primary key autoincrement, "description" varchar not null, "created_at" datetime not null, "updated_at" datetime not null);
INSERT INTO "card_types" VALUES(1,'Visa','2015-03-18 17:06:07','2015-03-18 17:06:07');
INSERT INTO "card_types" VALUES(2,'MasterCard','2015-03-18 17:06:07','2015-03-18 17:06:07');
INSERT INTO "card_types" VALUES(3,'American Express','2015-03-18 17:06:07','2015-03-18 17:06:07');
INSERT INTO "card_types" VALUES(4,'Discover Card','2015-03-18 17:06:07','2015-03-18 17:06:07');
INSERT INTO "card_types" VALUES(5,'Debito','2015-03-18 17:06:07','2015-03-18 17:06:07');
CREATE TABLE "billings" ("id" integer not null primary key autoincrement, "user_id" integer not null, "bank_id" integer null, "card_type_id" integer null, "card_number" varchar null, "bank_account" varchar null, "expiration" varchar null, "comments" varchar null, "created_at" datetime not null, "updated_at" datetime not null, "created_by" integer not null, "updated_by" integer not null, foreign key("user_id") references "users"("id") on delete cascade, foreign key("bank_id") references "banks"("id"), foreign key("card_type_id") references "card_types"("id"), foreign key("created_by") references "users"("id"), foreign key("updated_by") references "users"("id"));
INSERT INTO "billings" VALUES(1,1,1,1,'5356829592574334','ES0704744743720894367134','05/15','Inventore voluptate est neque vel sit blanditiis et. Dolorem laudantium dicta eos. Necessitatibus assumenda sequi nisi nemo iste sunt occaecati.','2015-03-18 17:06:07','2015-03-18 17:06:07',1,1);
CREATE TABLE "maker_sub_category" ("maker_id" integer not null, "sub_category_id" integer not null, foreign key("maker_id") references "makers"("id"), foreign key("sub_category_id") references "sub_categories"("id"));
INSERT INTO "maker_sub_category" VALUES(1,1);
INSERT INTO "maker_sub_category" VALUES(2,1);
INSERT INTO "maker_sub_category" VALUES(3,2);
INSERT INTO "maker_sub_category" VALUES(4,2);
INSERT INTO "maker_sub_category" VALUES(5,3);
INSERT INTO "maker_sub_category" VALUES(6,3);
INSERT INTO "maker_sub_category" VALUES(7,4);
INSERT INTO "maker_sub_category" VALUES(8,4);
INSERT INTO "maker_sub_category" VALUES(9,5);
INSERT INTO "maker_sub_category" VALUES(10,5);
INSERT INTO "maker_sub_category" VALUES(11,6);
INSERT INTO "maker_sub_category" VALUES(12,6);
INSERT INTO "maker_sub_category" VALUES(13,7);
INSERT INTO "maker_sub_category" VALUES(14,7);
CREATE TABLE "product_sub_category" ("product_id" integer not null, "sub_category_id" integer not null, foreign key("product_id") references "products"("id"), foreign key("sub_category_id") references "sub_categories"("id"));
INSERT INTO "product_sub_category" VALUES(1,1);
INSERT INTO "product_sub_category" VALUES(2,2);
INSERT INTO "product_sub_category" VALUES(3,3);
INSERT INTO "product_sub_category" VALUES(4,4);
INSERT INTO "product_sub_category" VALUES(5,5);
INSERT INTO "product_sub_category" VALUES(6,6);
INSERT INTO "product_sub_category" VALUES(7,7);
CREATE TABLE "product_user" ("product_id" integer not null, "user_id" integer not null, "quantity" integer not null, "created_at" datetime not null, "updated_at" datetime not null, foreign key("product_id") references "products"("id") on delete cascade, foreign key("user_id") references "users"("id") on delete cascade);
INSERT INTO "product_user" VALUES(1,1,2,'2015-03-18 17:06:07','2015-03-18 17:06:07');
INSERT INTO "product_user" VALUES(2,1,5,'2015-03-18 17:06:07','2015-03-18 17:06:07');
INSERT INTO "product_user" VALUES(3,1,5,'2015-03-18 17:06:07','2015-03-18 17:06:07');
INSERT INTO "product_user" VALUES(4,1,4,'2015-03-18 17:06:07','2015-03-18 17:06:07');
INSERT INTO "product_user" VALUES(5,1,5,'2015-03-18 17:06:07','2015-03-18 17:06:07');
INSERT INTO "product_user" VALUES(6,1,3,'2015-03-18 17:06:07','2015-03-18 17:06:07');
INSERT INTO "product_user" VALUES(7,1,2,'2015-03-18 17:06:07','2015-03-18 17:06:07');
DELETE FROM sqlite_sequence;
INSERT INTO "sqlite_sequence" VALUES('profiles',3);
INSERT INTO "sqlite_sequence" VALUES('genders',2);
INSERT INTO "sqlite_sequence" VALUES('nationalities',2);
INSERT INTO "sqlite_sequence" VALUES('states',1);
INSERT INTO "sqlite_sequence" VALUES('towns',1);
INSERT INTO "sqlite_sequence" VALUES('parishes',1);
INSERT INTO "sqlite_sequence" VALUES('users',1);
INSERT INTO "sqlite_sequence" VALUES('people',1);
INSERT INTO "sqlite_sequence" VALUES('directions',8);
INSERT INTO "sqlite_sequence" VALUES('categories',2);
INSERT INTO "sqlite_sequence" VALUES('sub_categories',7);
INSERT INTO "sqlite_sequence" VALUES('makers',14);
INSERT INTO "sqlite_sequence" VALUES('products',7);
INSERT INTO "sqlite_sequence" VALUES('features',35);
INSERT INTO "sqlite_sequence" VALUES('images',42);
INSERT INTO "sqlite_sequence" VALUES('files',42);
INSERT INTO "sqlite_sequence" VALUES('characteristics',7);
INSERT INTO "sqlite_sequence" VALUES('nutritionals',7);
INSERT INTO "sqlite_sequence" VALUES('mechanical_infos',7);
INSERT INTO "sqlite_sequence" VALUES('banks',11);
INSERT INTO "sqlite_sequence" VALUES('card_types',5);
INSERT INTO "sqlite_sequence" VALUES('billings',1);
INSERT INTO "sqlite_sequence" VALUES('visits',1);
CREATE UNIQUE INDEX users_email_unique on "users" ("email");
CREATE INDEX password_resets_email_index on "password_resets" ("email");
CREATE INDEX password_resets_token_index on "password_resets" ("token");
CREATE INDEX product_user_product_id_index on "product_user" ("product_id");
CREATE INDEX product_user_user_id_index on "product_user" ("user_id");
COMMIT;
